Age,Gender,CreditScore,Tenure,Balance,NumOfProducts,HasCrCard,EstimatedSalary,Churn
52,F,531,8,62134.16344579969,5,1,88756.68498395103,1
55,M,644,9,17925.150631893106,6,1,106327.53468825763,0
47,F,400,1,85553.0440487653,2,1,137419.72521360926,0
19,F,512,7,138441.5974294958,4,0,88276.24624005203,0
54,M,330,5,90300.96633354152,6,0,118284.39837378268,1
59,M,370,6,1033.4737421718198,5,1,138080.09769548906,0
55,F,576,4,167184.77928752985,5,0,145565.35840057317,1
52,F,413,7,32084.057071390216,6,0,42585.75490874683,0
47,F,687,5,53384.38351818815,4,0,133870.67107949103,0
19,M,519,5,25523.740017152628,3,1,118040.3338584929,1
67,M,577,2,29305.05406313586,5,1,41253.18061750036,1
32,F,603,1,14389.636666555083,4,0,50919.28101945737,0
59,M,465,4,171871.30206391285,3,1,131233.69536118724,0
45,M,513,9,165586.6569851912,4,1,96366.15178167734,0
34,F,669,0,151545.079728809,1,0,39908.212125105616,0
68,F,522,7,7548.001032662999,1,0,97353.74346796967,0
27,M,357,9,129376.89408241127,4,1,70061.51023777225,1
29,M,505,5,99520.75414470733,3,0,78162.62815671622,0
31,F,453,3,145276.34807910814,6,1,62133.36951151433,1
28,M,557,0,50912.24568085906,2,0,140068.67755425288,1
35,F,753,2,190189.46966157536,3,1,87500.11233183589,1
36,M,475,9,47454.448446453636,3,1,89037.44549273327,1
56,F,671,9,51872.78252118266,5,0,42532.1167040412,0
25,M,528,2,137142.72596705038,5,0,64542.91922648479,1
61,M,312,7,171820.52975035412,3,1,34088.50313672971,0
57,M,348,9,313.56074684347755,3,1,140598.5043489377,0
41,F,655,8,194448.40182355233,4,1,43799.43347115661,1
47,M,767,7,32551.066643516813,5,1,37480.31850195779,1
49,M,498,6,33707.304698091204,5,1,126538.97857053898,0
51,F,382,3,5688.42060609378,3,0,134922.57560882435,0
45,M,779,3,42542.758727390465,6,1,52961.12936381557,1
41,F,606,3,58896.24608447688,4,1,96151.23531102554,0
54,F,519,5,70869.54203449114,4,0,116477.8135813635,0
18,M,518,3,78337.08558822336,6,0,28247.293855843433,0
65,F,794,4,63323.28831103862,2,1,106962.959272318,0
21,F,485,4,66981.82585283756,3,1,77590.91936595815,0
23,M,368,1,92246.56491112449,3,0,149941.67280070414,1
33,F,708,5,18693.565380028776,5,0,26445.818266020433,1
29,F,750,7,167497.77705061532,6,0,101623.9676640755,1
32,F,658,5,115748.9362683085,2,0,25893.733470691146,1
69,F,329,6,101959.19233018656,3,0,96837.37643387148,0
35,M,513,1,95445.76598171455,5,0,102289.68972343244,1
61,F,718,5,170377.79276662116,5,0,59579.589208532336,0
23,M,624,0,196844.16505964458,3,0,94944.03168058755,1
52,M,747,1,93765.943632483,3,1,32142.093042958597,0
69,M,815,2,25496.712636365904,2,1,90630.85415764028,0
26,F,676,1,94275.74118541968,6,0,38824.36764214392,1
23,F,798,9,55139.051979702366,2,1,120881.71454454439,0
52,F,692,3,45675.04144674237,3,0,105556.52202491298,0
62,M,835,9,123461.23865028203,6,1,148100.05316777,0
23,M,656,5,21979.49034398088,4,0,130292.59446173084,1
37,F,379,5,58486.04607714629,3,1,132567.1978429216,1
30,M,537,1,31075.949623561617,4,0,43181.10297711313,1
32,F,611,9,47274.603008211714,6,0,85379.99004867996,0
34,F,675,2,180269.04623888803,3,1,138361.3479161898,0
45,M,302,4,164319.26847881541,6,1,140322.32274371397,1
56,F,524,8,28528.390392666992,5,0,94808.78748471398,1
42,M,831,1,69536.11671261657,3,0,34176.793986149605,0
50,M,473,6,24221.396689683883,1,0,99960.35162956601,0
61,M,675,2,126370.35046121282,4,0,66845.50630064253,0
23,M,740,9,158436.6604037711,5,0,117151.99091060858,0
28,M,306,8,89626.51635879082,6,0,87119.86131949187,1
30,F,621,1,187552.98685893847,1,0,71867.97464542765,1
40,M,442,7,3558.188017256092,1,1,26002.11493274342,1
30,M,467,2,9649.223639163629,4,0,113398.53246529843,1
59,F,306,3,134810.10611271032,6,0,21951.871028611662,1
36,M,406,9,113714.70419769973,6,1,52023.8749469125,1
68,M,403,2,134709.58611494547,4,1,105504.91935848945,1
36,F,343,8,99174.81044605923,6,1,34485.4242289014,0
64,M,400,9,122966.43271366716,2,1,108452.85031368384,0
41,F,455,3,68551.58439165966,4,0,104614.49889951844,0
39,M,831,7,192979.5337559655,2,0,139534.6879706485,0
25,F,484,0,43112.08982592758,5,1,123968.73766552263,1
35,F,843,6,127526.41065830071,4,1,76800.00766349322,0
18,F,620,4,84036.5599825096,6,1,93524.84677026674,1
44,F,317,3,101617.87033849714,5,1,80796.8695857965,1
62,M,807,7,108859.29341229517,1,0,56551.285774004115,0
32,M,780,6,152406.90102976866,2,0,38317.75311155733,1
44,M,752,0,145688.4173243495,6,0,138702.58289753707,0
61,M,741,1,52050.60677769575,3,1,69504.62179637434,0
48,M,393,1,87377.6162257264,4,1,65920.52581275109,0
53,M,377,5,91272.97449011546,2,1,36566.27773134009,0
50,F,598,3,104742.88408543088,3,0,56592.32519850812,1
21,F,387,3,24392.24408589815,1,1,62251.7358162063,1
18,F,376,5,113875.30673528361,2,1,106339.7333641263,1
24,M,741,8,93884.36615908498,1,1,95869.43673718748,1
20,M,384,8,180209.09314599284,4,0,97660.89101068204,1
67,F,730,0,61178.12879324098,6,1,117445.10333213683,1
62,M,596,5,57920.224368929295,4,1,82251.91863870232,0
55,F,591,4,184619.0022078548,5,1,23943.401554944285,0
26,F,347,1,116062.94055182976,2,1,85751.05463803322,0
61,F,521,9,111925.94219735621,3,0,103415.15573965914,0
40,M,641,0,182366.61122162346,1,0,149494.80379512525,0
39,M,484,2,134107.84183413407,4,1,65924.59975927914,1
19,M,354,7,94477.3889906832,3,0,54980.68527163611,1
50,F,809,5,155116.8768243101,6,1,46489.456099341834,0
23,F,340,9,10484.799305082326,1,1,83529.51402326446,1
58,M,606,4,87292.9210448079,3,1,88554.1568295517,0
68,M,533,7,109189.30965010873,4,0,136841.8685599722,0
38,M,731,6,124901.20556848196,1,0,39467.56895375348,1
25,M,805,7,144960.60685135538,2,1,51270.01962089408,1
23,M,511,6,121284.77955771716,6,0,101903.26291581606,0
63,M,615,9,162052.58503286738,3,0,119202.39379520583,0
36,M,820,5,130292.1674644483,3,1,139388.28647106152,1
26,F,479,1,162725.9737912757,6,1,27114.234217381603,0
29,F,658,4,41983.982820274134,1,0,23674.49317323258,1
36,M,429,2,98975.19821843224,3,1,94392.95217742132,0
23,M,437,3,50551.611081908086,5,0,67236.36093084273,1
55,F,385,7,107633.44149440805,3,0,87117.90935549354,0
27,M,553,4,63451.39886498652,6,1,40572.28605555222,0
62,M,361,4,150245.29103561392,2,0,79717.18226831521,0
56,M,671,7,125183.39853038386,3,1,113777.94297383344,1
19,M,558,3,92060.13939930937,1,1,144654.59698629126,1
64,M,456,6,39193.341690423564,6,0,20737.13422763655,0
43,F,527,2,185259.74835527493,6,0,147603.91533035968,1
61,M,823,3,162572.1253694574,5,0,69994.60525623197,1
18,F,604,1,149739.30377272327,6,0,99167.60404282477,1
31,M,719,5,31342.057841798087,6,1,122167.61927230684,0
26,F,739,1,44646.30946225754,1,0,133736.03095172122,1
26,M,735,5,94169.4471370129,3,0,68642.63245165258,0
36,F,538,7,163337.0909327609,3,1,122375.90891762,1
65,M,428,0,123679.65261107261,1,1,90073.97753355207,0
33,M,507,4,41808.62387881004,1,0,146022.74648089957,1
44,F,536,6,198428.33850993734,5,1,127798.99981829182,1
50,M,687,6,108351.5931057859,4,0,108670.4982748897,0
62,M,829,7,116294.23985459328,4,0,120393.51957386638,0
68,M,372,8,186751.88795928285,3,0,21351.09352841703,0
50,M,429,9,26146.292122059633,1,1,97533.4360403919,1
40,F,400,5,134580.3554624567,5,0,136713.7599158105,0
23,F,478,0,148325.1809970418,3,0,119315.52168065895,1
37,M,608,9,153132.92052450622,4,0,37017.78529158372,1
33,F,572,7,89807.13233425455,1,0,122680.58215159377,1
52,F,659,3,141200.48912481422,4,1,144334.49316613923,0
46,M,331,7,61362.722484399426,5,0,45458.97272979626,1
25,M,421,8,5592.731757200964,2,0,80634.19393235534,1
22,F,638,3,61817.176246940675,5,0,124375.43629848614,0
57,F,817,7,161151.8252392114,3,0,128774.02325310753,1
68,M,640,7,96381.1320942478,6,1,28059.760626871168,0
21,F,608,5,26149.117966613012,1,0,59797.89647049734,0
40,F,576,1,163245.4644489349,4,1,39154.50326295205,1
50,F,658,4,52748.47545158292,3,0,139157.45843871558,0
31,M,542,6,85570.74154834318,5,1,146880.24938711792,1
38,F,315,6,49404.79097718102,3,1,148791.67612904534,1
19,F,321,5,16207.28047385125,1,0,67610.32407884623,1
43,M,819,4,14977.204401435285,6,1,83818.55771470467,0
62,M,703,3,119680.14293199567,1,1,35187.913270953446,0
23,M,770,8,140038.439660861,3,0,71050.72792347788,1
67,M,684,2,31044.348319089087,3,0,62761.62267161961,0
20,M,677,9,148551.42909322624,5,1,85257.20937220127,1
37,M,527,4,25468.385484782608,2,1,84748.93376778482,0
42,M,411,8,76274.55613624112,2,0,148289.00015493477,1
66,M,514,7,198593.03257342905,2,1,56966.55759599668,0
59,F,764,6,153678.9987036973,4,0,68824.02587803741,0
53,M,612,0,167238.62855093027,4,0,106230.91171125065,1
23,F,564,8,178513.25862954484,4,0,27123.442534386915,1
69,M,730,1,164426.44417973547,5,0,142410.3400520745,0
42,F,647,8,154088.23505720167,2,1,69392.29447367699,0
63,M,326,8,175256.87550733425,2,1,86736.60243604048,0
59,F,832,9,116864.20390221763,4,1,34144.02611087831,1
32,F,804,5,38582.111979705776,5,1,118799.53280578133,0
37,M,324,2,156020.45437961546,2,0,21585.264073551,0
60,F,777,0,46342.3269488054,4,1,62103.72961693849,0
64,M,424,1,82468.96510395392,2,1,146273.5065097786,1
42,M,593,3,37043.42592768246,2,1,75837.43242955698,1
48,F,393,9,80767.65513881292,2,1,49843.62579852816,1
30,M,591,8,181052.51395340057,6,0,133198.74009473898,1
29,F,767,1,106132.3604885972,6,1,93128.16889316155,1
54,F,382,4,128539.91871776762,5,1,128197.34839700072,0
62,M,498,9,193291.8132056933,3,0,26313.694935074323,1
43,F,805,7,5499.983650667417,4,0,120139.67963471124,0
58,M,807,7,51242.13290637438,4,0,146878.83770735736,0
43,F,831,3,124329.07453563798,3,1,38301.75887734488,1
50,F,777,0,144372.74975282766,3,1,103670.48841581024,0
51,F,705,0,71621.66261722009,5,0,112241.77969794074,1
46,F,425,6,40799.27208860796,6,0,34831.31333295351,0
24,M,746,6,147885.8602359969,3,1,33160.57857965401,1
68,F,786,5,175359.25388948614,3,1,48982.23495362983,0
50,M,419,6,70625.93343495509,2,0,85986.69033561872,0
31,F,449,1,114653.29428757826,1,0,55750.07370652466,1
55,F,661,3,21212.40316315556,5,1,51831.074215653796,0
41,F,467,7,17446.384785223578,1,1,63350.00775679282,1
58,F,530,3,14501.23744634182,4,1,34540.664688941695,1
30,M,352,3,167408.66688192554,3,0,124766.64206543477,1
36,M,408,0,187433.26095243698,6,1,56959.411459762654,0
47,F,569,2,184282.61198037674,1,1,149170.33851618052,1
19,F,588,7,86186.4432366101,6,0,47783.30978427467,1
43,F,408,9,10420.597241320207,3,1,47702.932299973356,0
18,M,632,1,102234.35523584665,5,0,65735.81118251492,0
44,M,365,3,86313.31996119434,1,0,27725.39990068753,1
30,M,549,5,99242.01698722923,6,1,50028.992893123934,1
44,M,461,3,115221.14499293001,4,1,78539.11947852359,1
41,M,781,9,105721.61304958623,6,0,43138.67190391455,0
49,M,673,5,79386.50013792141,4,0,108906.76302484788,1
31,M,747,0,97584.02584930035,6,0,122641.83755588514,1
23,F,368,3,45596.41328823485,4,0,85305.45517299719,1
66,M,768,4,174086.80381909758,4,0,103580.65404208489,1
18,M,669,7,126664.55917076854,6,1,49092.703674722834,0
28,F,770,7,60715.483214254615,6,1,38720.042889606695,0
49,M,434,0,141529.53364161326,3,0,126487.00736153286,1
20,F,487,3,61174.52839546207,2,1,92540.26439715225,0
60,M,777,0,91277.94738814764,2,1,57168.074446800194,0
37,F,346,4,88503.92550237026,3,0,31766.4482335931,0
67,M,628,5,25126.66689154932,5,1,90266.90719560842,0
69,M,818,1,63206.132345689395,2,1,87205.50268642433,1
33,M,378,8,124645.81783575192,6,0,118108.09900596403,0
52,M,634,4,129417.40663009604,4,1,51811.5808636779,0
61,F,606,5,116993.35676292071,5,0,31179.57599985974,0
35,F,666,2,139639.9388576708,5,0,136506.36054885405,1
30,M,667,8,139191.1577663584,3,1,111870.27302144961,1
32,F,657,3,162036.97905624702,2,0,49393.91142882826,1
63,F,406,2,14360.202568183444,4,1,41195.798949209355,0
18,M,362,8,124308.7831058906,5,0,72613.57835701357,1
45,F,535,0,39402.66290741101,3,0,52374.02736310106,0
57,M,702,8,171892.76132665225,2,0,71478.18347158232,0
21,F,564,7,7572.366247140639,2,1,38696.183345347716,1
35,F,369,1,181436.43387464652,1,1,34170.46367217979,1
62,F,502,9,54184.64435712282,6,0,89579.82455559549,1
43,M,381,3,37649.95236291715,6,1,36157.074193978195,1
64,F,731,6,125152.22345182409,4,1,122489.30658124843,0
62,M,651,6,139103.40086486103,5,1,110643.73131465832,0
28,M,332,7,131132.05882135188,2,0,46232.820932257935,0
52,F,586,1,84112.98578187064,4,0,21789.193117340732,1
58,M,401,0,20176.271300497905,1,0,51370.28502904882,1
34,F,434,1,78096.00587982399,4,0,130373.80857665943,0
30,M,307,8,141259.96545166854,6,0,95017.18379733677,1
32,M,755,9,44010.06716422593,2,1,103934.88305957039,1
40,M,790,3,53561.530287809124,1,1,137770.57788090192,1
27,M,433,1,195709.44466687884,1,0,47556.45948786583,1
46,F,633,3,195354.2461190715,5,0,123219.7195117063,0
50,M,325,2,37910.8459045153,6,1,38373.469870527915,0
34,F,307,0,139395.94783807924,3,0,98738.73561856328,0
69,F,463,4,27888.929678412922,4,1,91894.72837486977,0
63,M,630,6,132302.17481979998,1,0,135285.1989862578,0
25,M,343,5,103386.87560354218,5,0,144964.5935388496,1
43,F,331,5,18879.330032786835,3,1,62619.16084467111,1
31,F,442,9,38502.51179028989,4,1,76908.84859875761,1
55,M,693,6,30663.43746128719,2,1,45382.94888007396,0
61,F,761,6,119717.71345587139,4,1,26429.898175664744,0
52,M,316,9,113722.74870157964,5,0,103331.8942179027,1
58,F,514,0,128993.09450255753,5,0,91258.74347370159,1
23,F,623,3,53546.094910054264,3,0,103907.01709811,1
66,F,330,7,53140.1213271814,2,1,111038.11610266245,1
54,F,502,9,38778.84086958294,2,0,109549.32221024307,0
24,F,748,3,47824.54817277932,2,1,104915.269841952,1
26,F,734,6,5966.640685310654,4,1,98946.58389340308,0
56,M,827,8,188623.6928728548,2,0,102452.97367683836,0
61,M,593,5,159429.99136991147,5,1,99488.05818303039,0
51,F,747,6,950.8463441813442,2,1,49948.62998366267,0
51,M,490,4,83456.23507609859,3,1,115024.22367324914,0
48,F,531,8,138777.25943487394,1,0,118611.83268154827,0
67,F,341,4,70107.4068554391,2,0,118389.81129041636,1
18,F,562,1,159042.53128877797,3,1,117610.23051888288,1
31,F,413,4,89709.47233930737,6,0,66391.48034899941,1
58,F,427,2,130854.48600698986,4,1,95090.1097390781,0
67,F,698,6,96167.04226701551,2,1,139339.0975241122,1
68,F,307,2,21430.275620869234,1,0,136757.00470054388,0
60,F,556,5,81736.01954063831,4,1,91646.94438726098,0
66,M,558,6,45330.95051735163,1,0,51029.31612201686,0
50,F,451,5,120021.04759312197,6,0,89275.12324138016,1
39,F,679,7,81724.50438558598,4,1,62789.21224913533,1
31,M,735,4,147639.9063588266,3,1,37256.199450854736,1
35,M,696,6,186953.83408535825,3,0,149596.5413566627,0
39,F,796,4,160835.92532165392,4,0,106444.85730104733,1
31,F,628,3,34631.950130321566,5,1,90568.76804379336,1
52,M,534,6,19244.574518964684,3,0,98070.60103144999,0
36,M,447,9,20845.5694421791,5,0,45665.235969534246,0
33,M,704,5,131538.80568151825,4,0,29475.09914669462,0
31,M,645,0,87071.3700084675,4,0,67436.48285885615,1
42,M,832,3,183164.04615544327,5,1,112498.89126913715,0
33,M,786,0,39345.52596670797,4,0,23213.484317060254,1
67,M,314,7,43252.24573782469,1,1,30753.387035555046,1
54,M,606,5,57515.832268087186,1,0,60023.15297566831,0
32,F,386,2,124381.69707369442,2,1,61675.043994417974,1
62,F,601,3,51355.79291775711,1,1,21381.225172848746,0
36,M,316,5,172090.66749036586,2,0,72535.24604469705,0
65,F,577,7,40603.30363681106,2,1,126747.26288099254,0
41,M,477,5,157227.87786539894,4,0,115577.24804053886,0
62,M,772,9,74598.32257654195,6,0,59401.56233042831,1
52,M,507,0,111763.99409283846,5,0,57153.02132034307,0
43,F,571,5,13656.37928058352,2,0,66195.89432502545,0
21,F,742,0,176678.13409881387,6,0,43310.68377267609,0
35,F,513,6,87190.8360398786,5,1,39717.944132825985,0
26,F,308,8,177361.31950869918,2,1,115956.96004037138,1
63,M,502,9,97917.55552364718,4,1,25851.534214928768,0
63,M,434,3,76632.96557375425,4,0,94220.47216313283,1
32,M,316,1,86638.11201869757,4,1,118237.1264461454,1
26,M,361,9,28230.159876566984,4,0,118606.6141376807,0
50,F,464,9,129593.71768764313,2,0,122323.72445967048,0
34,M,693,7,39261.55908698774,2,1,110458.96084103869,1
47,M,825,7,175291.47305040306,3,0,67623.5381409752,0
24,M,786,7,65079.90809214661,4,1,86285.50084116569,1
68,M,334,6,59271.41327819174,2,0,94255.71877367172,0
25,M,552,1,83045.57895130347,2,1,36626.2998995992,0
61,F,615,7,86774.47372581696,2,0,23635.815978097537,0
52,F,384,0,135187.3559804747,6,1,134265.53521152868,0
41,F,584,4,190882.47140815353,3,0,129722.85290694877,0
35,M,704,0,67838.360910931,1,0,66331.11749871212,1
45,M,412,1,60926.7182990165,6,1,94096.41107309329,0
65,F,555,7,194224.7039912334,5,1,33776.63537210707,1
62,M,848,4,162990.16487471096,1,0,54212.40013566871,0
25,M,541,7,161132.66747408052,6,1,64153.28013741306,0
60,M,389,4,61048.43777119537,4,0,125725.84147917213,0
29,M,499,4,158806.80282642329,1,0,20761.453211221804,1
56,F,447,7,155988.50409739287,2,0,143756.67806378173,0
21,F,776,4,174556.71658908683,1,1,101894.92511561124,0
47,M,436,4,22595.44132739677,3,0,111804.77918405719,0
69,M,612,5,87192.76793802646,5,1,51520.19159676258,0
20,M,752,3,182003.60174397507,4,0,129816.73811965504,1
64,F,696,5,199238.54443507933,6,1,77015.12311979482,1
63,M,325,9,42764.052930868915,6,0,97211.89858558192,0
44,F,710,0,180340.58227056998,4,0,47132.24127213593,0
63,M,711,2,46493.86596182643,2,0,60186.78422000919,1
48,M,386,7,61846.91418775084,5,0,73277.20339664695,0
67,M,569,5,73170.8753694925,3,1,24724.882982568375,0
37,F,409,7,69639.04244542716,6,1,143140.2876727403,0
55,F,562,4,22634.055729907534,2,1,46844.586656476255,0
43,M,407,6,162654.74329986735,1,1,129077.24925822047,1
32,F,707,9,138000.3679898818,1,1,63808.265316794124,1
34,F,642,8,127566.8458219048,1,1,104629.5808120559,1
34,F,337,6,65907.92864732293,4,1,77809.40929347523,1
21,F,819,7,121396.33647046007,4,1,24473.41716167164,0
50,M,351,5,64513.655750690305,2,0,74373.42422595547,0
50,F,830,8,24168.596863022594,4,1,104312.35973582084,1
34,F,517,9,177193.57298734516,4,0,146370.89642272214,1
56,F,403,6,9995.851824134093,2,1,138674.28938662776,0
35,M,405,6,8507.024094516446,6,1,23849.51259327739,1
22,F,443,3,151919.7381800881,3,0,51888.33396341865,0
32,F,400,5,50351.83952101776,5,1,91798.08305865,0
51,F,568,9,6868.773113511595,1,1,54128.76379003865,1
66,F,664,1,9084.936846519631,2,0,80607.4812354793,0
39,F,487,0,150220.2839833083,1,0,80353.60075530481,0
61,M,573,9,52184.72453670444,2,1,85695.56750773075,0
51,M,457,3,72532.35590634044,1,0,31365.510975310423,1
56,M,651,3,71897.05444703513,2,0,54452.90407240649,0
23,F,596,8,123464.38413131626,4,1,20049.577211728214,0
37,M,828,9,195402.37571463198,5,0,68489.40704168922,0
63,M,657,5,192594.98206325254,1,0,149011.07629587417,0
61,M,343,2,28629.58719655788,5,0,97344.53930645745,0
57,M,621,6,5030.174771866358,2,0,131167.9178040801,1
23,F,315,0,191653.4555016425,1,1,37973.38435353497,0
42,M,688,0,190291.44997030476,2,0,107230.08775992278,0
52,F,838,4,86889.73704307807,5,1,55395.93722575003,0
65,M,401,4,100791.56082693832,1,0,38914.39260268654,0
57,M,480,9,31114.61109156248,2,1,91408.96818760513,1
37,M,727,0,15673.332477032065,1,1,93438.87472866166,1
64,F,462,2,97658.08185136653,4,1,52776.473024741004,0
69,M,841,9,27830.63893052966,3,0,72775.67006421747,1
55,F,458,9,75988.48204794535,6,1,118124.61896975746,1
60,M,837,5,111999.80141569665,1,1,136355.066056191,0
21,M,518,3,32830.41875936492,6,0,34764.94570558865,1
18,F,528,6,156057.73156107168,3,0,83855.89924876657,1
41,F,327,2,173724.2858012118,5,0,135922.40000847168,0
45,M,508,0,87560.60988094078,3,1,33939.27796114929,1
31,F,698,1,86788.46946826868,3,0,131460.11480916443,1
46,M,754,6,21924.555600883356,5,1,65562.97858277122,0
62,F,562,9,120101.9330455428,6,0,142455.12310892818,0
50,F,402,2,84560.22951295042,6,0,99256.75489314651,0
18,F,573,1,52036.04087987654,5,0,85952.81532083517,1
28,M,782,9,146280.61375437127,2,0,32613.450717463285,0
50,F,526,5,150476.87699788285,2,0,96088.67955550423,0
52,F,713,9,162161.07500295926,2,0,136626.3656585867,0
25,F,402,1,107344.16598911924,5,0,146707.62819833515,0
18,F,528,3,132159.10457843906,1,1,147857.19563788743,1
27,F,414,3,113433.63718271255,1,1,128122.21997525886,1
59,F,780,7,134391.88679449836,3,1,99347.99482941073,0
36,M,638,5,91263.31401725265,3,1,95746.64143799244,1
67,F,801,3,133609.61771768684,4,1,78995.21653867244,1
44,M,343,8,128217.78379715541,1,1,37739.06668030596,0
45,M,662,2,29787.472243099233,6,1,85207.00020177424,0
27,M,803,7,105627.0991225651,5,0,127483.50807458407,1
52,F,450,8,145020.33191363155,3,0,121361.45230412215,1
30,F,502,0,111010.19266414345,3,0,55299.13666038859,1
36,F,320,6,194388.20439100376,5,0,53794.81182687673,0
34,M,557,5,97666.09294605977,1,1,78927.87486089607,1
27,F,705,1,101322.59114601139,5,1,56166.60118996136,1
21,M,340,2,169411.82108522058,1,0,74478.80370786626,1
22,F,685,9,105998.55108249045,3,1,28169.70694953558,1
27,M,561,7,44230.795209791475,1,1,93733.37601114764,0
40,M,597,6,121571.72467547006,6,0,140538.3891900906,0
33,M,685,4,67354.2891452087,4,0,43828.546088675095,1
58,F,643,7,172808.57101556938,5,0,129222.64141982878,1
49,F,726,0,126276.0451692122,4,1,136287.75925568253,1
27,F,655,1,49960.677194417745,4,0,70692.21347179104,1
45,F,506,0,52941.06333522455,6,1,132353.9186759389,0
62,F,617,2,137330.19822659448,1,0,123148.4945078583,0
25,M,816,5,117800.34826198815,6,1,128727.61357061408,1
36,M,810,2,108349.80751359486,6,0,148412.83957762213,0
49,F,637,0,163446.32549340784,1,1,41247.40360327922,0
43,M,346,0,138151.8183216972,6,1,62818.56932057235,0
68,M,420,9,130242.15538351305,3,1,116615.7766321082,0
50,F,539,8,123666.74448503047,3,0,95967.5583555045,0
56,F,596,4,52388.067522091354,4,0,22003.57345873535,1
68,M,384,9,89866.4104839661,2,1,145837.7783677773,0
26,M,700,7,37852.5252449873,4,0,131065.9724208467,1
25,F,837,5,45596.82156636371,5,0,48833.48219561724,1
56,M,311,6,157410.5861454226,2,0,136364.0289203117,0
26,M,552,0,176261.34170338913,6,1,37683.79254595004,1
55,F,816,4,75327.84381248394,5,1,141046.84543424292,0
32,F,611,2,73278.40277328463,1,1,94329.3209439955,1
38,F,535,7,54156.14182542923,3,0,26054.017818839522,0
30,F,821,3,144167.2175959164,3,1,31600.519734634665,0
31,M,449,4,92783.36382501356,6,1,69686.83411695827,1
53,F,627,8,146375.60428711397,4,1,79218.76436268474,0
49,M,713,6,3960.584983345039,5,0,147625.80833459855,0
41,F,735,5,56224.01880033585,6,0,143998.96799877167,1
38,M,713,5,128056.96339854079,3,0,118787.844627706,0
56,M,583,6,83711.0533171745,1,1,92880.162409967,0
64,F,318,9,169088.56624491754,5,0,149775.77505817992,0
60,F,564,3,174350.67828107052,1,0,71878.84524771864,0
59,F,570,4,86798.54351808991,4,0,46250.022441195186,0
50,M,310,5,97863.50764122333,4,0,107371.7609856924,0
35,M,516,5,14972.469528890442,4,0,36425.01747911524,1
37,M,786,0,152086.82436381854,2,0,101336.20763447986,0
69,F,410,7,51697.103444284156,1,1,113173.16575664941,1
29,M,500,6,103436.0652435988,4,0,85270.93082158959,1
60,F,335,5,153218.60647470565,5,0,124939.71133964087,0
33,F,696,6,181440.7156257819,3,1,119468.91621178959,1
62,F,465,7,90067.68829589679,6,0,27169.00770189792,0
36,F,511,3,163551.5173928626,2,1,71012.76958325457,1
59,M,838,8,193173.45505113315,1,0,121379.70036068045,0
50,F,702,7,55199.78518340638,2,0,102518.36309601918,0
55,F,597,7,124719.0260214307,2,1,63093.400438283905,0
59,M,760,9,8618.628935249917,4,0,118922.44096966105,1
24,M,359,7,82556.26304993832,1,1,106012.40293417142,0
47,F,338,3,103728.12246746312,4,0,113984.01681751682,0
22,M,729,1,54285.849601788126,2,1,111146.74652132564,1
50,F,533,7,117338.3216857081,4,0,61905.79263712227,0
38,M,605,7,62006.81129073369,4,0,55595.84845091021,0
68,F,592,6,148751.7249376548,5,1,22103.811469278393,0
19,F,559,1,118420.97150345397,5,1,50168.033849711,1
39,F,471,5,162977.12039240426,4,1,43981.19637465206,0
26,F,676,8,6050.611558337949,6,1,106392.5131295209,1
27,M,612,1,177874.72008085035,4,1,48161.16171314071,1
42,F,677,8,140289.5390389005,2,1,129488.94452915393,1
33,F,350,2,76831.20842133451,4,0,138484.2662306536,1
52,M,665,4,26896.217126226053,1,1,64541.97429007291,1
68,M,619,1,102247.06863710642,6,1,119896.41955236447,0
57,M,306,6,6268.839759241951,5,0,123279.23806547961,1
37,M,471,4,17260.363698341054,4,1,30560.754974380106,1
56,M,576,4,116320.45142530686,2,1,148911.1431434426,0
31,M,771,9,136477.14797978173,4,0,123568.81021571835,0
40,M,722,9,136771.83123650317,3,0,130298.67498865577,0
46,M,633,4,20026.86154123754,1,0,48330.774757197956,0
61,M,481,3,190489.24149975457,6,0,116709.49717693058,0
47,M,805,1,97625.19967030076,6,0,51252.72030476064,0
62,F,634,6,183906.95840229714,1,1,61457.10820040768,0
20,F,393,8,81575.81240389691,1,0,112487.90607997337,1
30,F,774,1,81123.7033189949,4,1,52670.611511570736,1
35,M,362,2,117489.44358712457,4,0,109566.61909530837,0
64,F,594,5,165819.03644126534,6,0,140793.18904975383,0
58,F,506,4,173835.13898729032,5,1,148711.98341452467,0
49,F,404,6,119230.67399775118,3,0,69450.8858878903,0
42,M,783,3,112279.32943849578,4,1,98181.08483653277,0
59,M,406,1,188212.9556603192,6,0,140571.20707328597,0
39,M,422,8,158320.2515263735,6,1,95466.74417598087,0
30,F,326,5,178116.78760411975,3,1,46898.80516502756,1
56,M,529,7,82415.1992851988,2,0,83951.72068453596,0
63,M,685,8,168279.2029659474,5,1,118525.59055681748,0
42,M,584,3,174972.22347557146,2,1,96907.58474831806,0
37,F,445,5,85245.7098073961,6,0,136002.21323707706,0
65,M,478,5,90578.48646259827,4,0,78348.79901280219,0
61,M,442,7,39183.16931594032,3,1,76716.82394668588,0
55,F,665,6,61580.149182366404,6,1,65440.48475080923,1
56,M,321,6,103792.44212836902,2,0,97277.77877550037,0
48,M,679,2,188872.85068880825,1,0,88197.85217931186,0
58,M,817,3,178060.47929040433,3,1,68531.10945828752,0
31,M,528,0,127036.58992647738,2,0,128130.26908298006,1
23,F,598,8,93292.62833427147,4,0,78457.06279659168,0
20,M,635,0,197153.5558842381,5,0,116956.62728794676,0
48,M,593,6,75634.68109889266,2,1,98542.56278060348,1
59,M,414,4,178480.56853266415,6,0,45947.18879707494,0
59,M,370,4,84522.53573420514,6,1,144108.92288594635,0
65,M,649,0,146672.81218578,2,0,64079.90252386103,0
67,M,426,7,175825.5449534243,6,0,141393.55395089247,1
64,F,767,8,100689.3235113784,6,0,149752.64415885872,1
31,F,681,3,184272.19750232893,1,1,71617.02314951953,1
47,F,624,1,171816.18729517816,6,1,59630.19698290905,0
56,M,305,9,146767.47900020998,1,0,131268.89560884153,0
65,F,676,1,157980.75991083484,5,0,24795.243593240073,0
32,F,384,4,122044.05560231593,3,1,101816.78566984972,0
49,F,338,4,44245.65349435874,5,1,98230.48537596954,0
62,F,482,3,198829.68622846974,5,1,149341.31448365838,1
39,F,641,1,181305.86764686063,1,0,102965.38816314396,0
34,F,360,0,131304.55354272734,4,0,131424.23497618025,0
66,M,339,8,155133.57713437802,1,0,54448.487425123785,1
60,M,530,9,98629.81753129588,4,0,131197.29355690753,0
31,F,786,5,15008.310635684042,5,1,87063.72825717682,1
62,M,590,1,121225.75690992494,2,1,27878.913991005003,0
52,F,623,8,134593.26374351006,6,1,113043.8681244439,1
49,F,483,9,98428.09466393,4,1,115871.88689658404,0
32,F,571,5,10501.550336296006,3,1,114188.26123340911,1
59,M,674,2,30792.786928065107,5,0,98717.45489616672,0
57,M,463,0,71198.96468230069,5,1,99976.70636146073,0
61,F,704,4,41999.75892003487,5,1,134646.24730817252,1
66,F,612,9,60081.564318262506,1,0,26677.81834103256,0
49,F,712,4,163328.5414382865,5,1,95465.12513980402,0
29,M,653,5,26956.151126274854,6,0,49938.886817743994,0
67,M,716,6,67014.24203947626,1,1,44174.91828832232,0
40,F,843,7,92935.81245935238,3,0,98563.3616834101,0
41,F,649,8,17867.181918310227,6,1,43524.57684847549,1
20,M,377,1,146461.66662054806,2,0,27403.810191069453,1
29,F,672,0,108888.62825018975,6,0,106955.63309680684,1
65,F,639,6,177578.02251362876,3,1,43409.72897529944,0
54,M,366,8,181010.4569353315,5,1,34803.11338939167,1
61,F,527,7,193711.6685566403,2,0,35862.97511186667,1
51,M,406,7,94857.29620421343,1,0,51173.8713057976,0
37,F,300,3,88321.88200153754,5,0,37517.1533466494,0
54,F,628,0,109980.50194257507,5,0,33142.856265899674,1
68,M,514,6,39602.78921499456,5,1,121697.62559835428,0
21,M,537,5,237.42918084734833,6,1,57834.44960368758,0
46,M,362,5,36194.82258979203,5,1,101529.52615145964,0
51,F,514,4,49894.517782873016,3,0,21476.85703354428,0
36,F,643,5,127680.73393680906,1,0,90830.8446414807,0
69,M,655,7,135933.48025046487,2,1,132237.2294154232,1
37,M,733,7,195978.15536148954,1,1,117031.59616045318,1
56,F,709,6,154397.51522213424,4,1,31350.58253257517,1
31,M,559,2,139081.35844674322,5,1,99155.92530263792,0
53,M,652,0,12650.151699762602,3,0,75531.99933220011,1
42,F,531,7,39275.5172625485,4,1,100922.83331296276,1
43,M,792,8,160287.82583563504,3,1,137584.09067070275,1
65,M,507,9,85606.07086029203,2,0,78338.06745593094,0
28,F,607,4,29612.46399257802,6,1,139538.28163265873,0
46,F,420,6,44523.58294782665,2,1,133440.19244738072,1
52,M,669,4,170370.29243878293,3,1,137204.88434370767,1
50,M,798,4,13187.781750232074,5,0,61198.555918395294,0
60,M,562,7,166436.56470922614,3,1,100000.50431854342,0
58,M,685,0,48154.75625160219,4,0,87801.9062310835,0
38,F,391,2,7352.068263805833,4,1,47102.81351966364,1
28,M,514,5,175398.39179941727,1,1,110051.43668729276,0
55,F,711,4,8716.370158392505,5,1,49842.74119029184,0
27,F,826,9,171797.55465696604,2,0,59727.58287050484,0
52,F,700,0,83562.02205507728,4,0,140749.9759802425,0
45,M,514,5,148630.73227924807,5,1,125038.63468421638,0
37,M,770,4,103957.89302323048,6,0,60376.18762031208,0
60,M,527,8,146479.8719031154,4,1,98017.22611614176,1
31,M,327,6,125884.97056427304,1,0,126652.57764477922,1
31,M,581,3,29588.603116911007,2,0,34144.01269305123,1
66,F,825,7,131206.47535225694,2,1,40752.37318265423,0
33,M,782,4,72338.47023038805,1,1,91100.52999977948,1
57,F,730,7,54489.69379137896,5,1,69904.70976002218,1
22,M,637,9,32568.658785768155,5,0,133014.35313708574,0
39,F,328,6,106718.29923110649,1,0,119247.331555973,0
68,F,726,1,163348.38859740316,2,0,116483.7450840238,0
63,F,391,5,170437.57908324836,3,1,40360.48798807562,0
46,M,410,1,91106.98604379794,6,1,140004.3138627818,0
53,M,615,1,113643.63682971013,2,0,37652.60982020413,1
24,M,324,4,46183.167141764934,6,1,124204.36987843714,1
39,M,735,4,54768.59943271057,1,0,81989.1468466751,1
35,M,605,1,184551.9514989588,1,1,149611.81779656323,0
27,M,608,4,154821.71654126144,4,1,137158.9076793427,1
57,F,507,0,16115.712774763359,6,0,46376.55936120367,0
50,F,640,0,147281.39646723488,6,1,148026.48430212907,1
25,M,425,5,86499.56178028262,5,0,137257.392873396,1
62,F,755,2,148893.07562726393,1,1,140835.67609733547,0
67,F,578,1,4636.669045288566,3,0,82552.7029131751,0
19,F,508,2,197709.06131662632,4,1,66813.93069540273,1
65,M,705,4,2498.8894651122305,4,1,45900.21671610959,0
38,F,480,5,10441.072185929,3,1,148485.24432864517,1
38,F,827,7,155561.7399307562,2,0,35004.57787430799,1
27,F,483,9,51486.84375641186,1,1,55825.219565795,1
36,F,479,0,44621.08532106361,2,1,129269.32165975052,0
42,F,327,1,150736.68088999105,2,1,35024.255288131506,1
66,M,696,0,113786.52221401599,1,1,132524.636536283,0
61,F,363,9,142550.95389243698,3,1,61053.63305864269,0
40,M,574,4,45101.098659398995,4,1,96793.1969459482,0
20,F,623,5,135280.4565147937,5,1,63507.52493470441,1
18,M,313,8,14960.9418271188,6,0,114571.4884619547,0
34,F,412,1,92465.21425181966,6,1,147060.41365554064,0
49,F,699,9,71567.15415750915,4,0,34106.810061894656,0
50,M,623,1,146241.4757968773,1,1,124580.01440798458,1
20,F,643,2,191246.70320279885,1,1,26335.102139631785,1
26,M,843,3,87966.7664660908,1,1,58177.69902880583,1
45,M,456,1,126033.92867052788,3,1,96128.49563039938,0
38,F,715,1,117212.56079571709,3,1,20448.012705900142,1
31,F,650,6,188033.44772113653,4,1,148932.79766241828,1
23,F,702,2,147443.8313175817,2,1,115926.07524555984,1
63,F,305,0,96081.68644236439,3,0,47981.38454086074,0
60,F,567,4,96738.40302080695,3,0,26342.41981083728,0
46,M,626,8,34827.52401864331,2,1,58922.33638384958,1
68,F,725,9,85957.7407531845,3,1,110361.70837469732,1
59,M,758,1,62371.50415542669,5,1,35030.11498835048,0
40,M,846,0,198848.87075566003,5,1,140247.6277039093,0
31,M,441,8,43580.948832250724,2,1,110420.80015673277,0
55,M,495,6,36008.00983818479,1,1,26436.99173873436,0
65,F,301,8,152246.0243343082,3,0,55118.47904322914,0
29,F,817,8,19468.06581874929,1,1,124098.29196637023,1
33,F,539,9,13603.327669314669,3,0,148425.94841576554,1
37,F,685,1,150036.83879961295,5,0,113176.9571140319,0
51,F,337,3,54199.908783988416,1,1,43055.879438598306,0
28,F,382,3,95519.64392442718,6,1,119176.04616794358,0
42,M,370,2,33468.545288368376,4,1,117594.22474297626,0
43,M,583,0,136693.4373752856,5,0,55717.37723670605,0
43,F,525,0,88125.93640702608,6,0,110631.61247934512,0
37,F,378,2,7290.077266340167,6,1,117702.17514506442,0
19,M,388,3,73614.72362068518,4,1,28247.59251888077,1
56,F,530,4,155196.9769273363,3,1,50111.871875207544,0
42,M,401,1,113157.14761169795,6,0,46559.05255038418,0
54,M,739,4,20403.143384095947,1,0,38700.659150742315,0
18,M,696,5,116298.85149134023,3,0,115095.2411354295,0
57,F,311,5,163600.59448451654,2,0,105326.44751114136,1
33,M,337,9,44633.36673676736,1,1,61865.76368354422,1
68,F,660,3,132577.11583155848,4,1,53278.04695058651,0
33,F,323,5,58048.39466041167,6,1,70026.57644276446,1
42,M,706,9,42014.8803119708,1,1,32413.370171456496,0
19,M,833,1,85754.95625273917,6,1,111797.48812966206,0
66,F,645,2,166257.5531034854,1,1,145060.85918392314,0
66,F,418,5,7680.18911278685,5,0,58964.047670405416,1
30,F,365,1,164754.21945152333,6,1,41109.797671726425,1
21,M,651,2,109776.0266148122,6,1,86574.38866088414,1
67,M,554,6,163015.19118208857,5,0,87202.12971505597,1
23,M,542,0,7335.3245265119995,4,1,51144.1580385388,1
40,F,361,1,87352.97961454294,5,0,45886.057519653565,0
53,M,821,9,44158.22834946695,5,0,65996.34512507662,1
28,M,705,3,116659.75778215809,2,0,120092.26026695654,0
57,M,415,7,113947.46297035388,6,1,75555.59111593071,0
68,M,678,5,155805.22037409933,4,0,89782.2705127514,0
43,F,532,4,156572.70584763907,6,1,137010.65478136882,1
20,F,702,8,10201.016663341767,3,1,86747.36950231723,0
47,F,798,7,65768.38961355713,2,0,75405.2025881388,0
58,F,334,3,102092.94120843013,4,0,65275.164007023646,0
64,M,482,2,112139.07503066634,3,1,122162.38828068625,0
33,F,320,0,130006.17396529108,1,1,94473.8093233515,1
18,F,414,2,52919.09385513372,6,1,76997.28296842144,1
48,M,320,9,166596.333230275,1,1,122841.04046727523,0
21,F,687,9,48816.063568026504,6,1,73704.72970795985,0
55,M,773,9,117411.61884955932,2,0,99083.10594477369,1
48,M,662,9,182018.8289501072,6,1,79907.22378211752,0
31,F,405,1,166512.51210285834,3,1,130774.86722819573,1
20,F,773,6,39774.19802802824,5,0,138546.01195498536,1
53,F,746,1,172834.23402378368,4,1,31636.138117417457,0
20,M,602,7,141232.14891475238,6,0,95343.78110053169,1
65,F,562,5,159306.85835295104,5,0,42223.63368857644,0
22,M,650,6,91669.94144078674,4,0,132853.8612931517,1
43,M,714,5,14282.588134621643,5,0,85716.65360213841,0
69,M,546,5,129954.42852734136,4,0,87117.94606940036,1
55,M,654,8,135593.65302206264,6,0,124388.57454013888,0
44,F,472,2,186878.27588799223,3,0,121656.98820184321,0
23,M,647,8,49239.32281788974,3,0,117774.27082104416,1
61,M,462,4,126377.25173215843,6,1,45319.94473825778,0
64,F,609,7,159375.22307599883,6,1,20940.307747064555,0
65,F,400,7,153310.43381183594,1,0,79063.65055616837,0
55,M,730,3,24947.71339435571,3,0,110911.88152466218,1
37,M,389,8,160589.81561442185,4,0,128164.26445728062,0
66,M,817,8,105747.62858777492,4,1,100800.39779054763,0
69,F,620,6,181761.1598868928,3,0,118340.35049739343,0
59,F,477,3,16071.439122451347,5,0,132098.4030926194,0
68,M,555,7,147576.71961690683,2,1,127089.00968015724,0
32,F,452,5,65536.71807425705,5,0,40757.47204063425,1
61,M,722,6,159417.75257593978,5,0,35737.07384257406,0
53,M,380,7,6061.750113113251,3,1,49211.688345855306,0
54,M,533,3,155495.2356067108,2,1,44887.75358250472,0
62,F,788,1,75365.76728384594,5,1,69794.62729446664,0
62,M,484,9,16556.779479260353,2,1,82625.69229684264,0
39,F,547,7,1883.7063443588154,4,1,109962.67543834944,0
31,M,541,1,107499.20286534815,1,0,99550.34896920253,1
66,F,622,1,94143.54881697505,4,0,68453.26490660325,0
21,F,520,2,29920.983718658434,1,1,131233.51801557417,0
64,F,838,3,112229.57093897602,1,0,43180.73452055743,0
69,F,849,8,189940.57536771725,6,0,36638.291706021955,0
61,F,438,9,32521.399220178137,6,1,108905.25159937992,0
30,F,473,7,128780.01709941524,2,1,91104.43409669508,1
67,M,606,2,38235.20599417585,5,1,44554.43712547282,0
39,M,406,8,38226.29907273967,3,1,23736.972330553985,1
38,F,410,3,44810.57590492443,1,0,88986.85585011663,1
40,F,326,6,153646.08256534179,2,0,105943.58467781443,1
39,M,628,9,175.44651013896572,6,1,115263.37931571442,1
24,F,796,3,94459.43422631669,3,1,81888.48078168747,0
29,M,802,9,129449.05698401011,5,1,80509.58967948133,1
67,F,356,7,34481.7330387166,1,0,31871.823700633944,0
40,M,400,0,14668.846225206944,4,1,137273.3994201408,1
63,F,662,9,41568.108060418796,4,0,118021.83320753214,0
65,M,676,3,21114.22446397666,4,0,32537.546397189628,1
32,M,798,4,134019.8487027475,2,0,148496.1048666578,1
66,M,525,6,62784.72033963811,1,1,27296.151636425566,0
55,M,411,5,22172.23539355857,5,0,109996.94692650589,0
62,F,628,0,168441.382007657,4,1,60748.26735195707,0
51,F,492,3,175221.82579493194,5,0,96325.71250518074,0
39,M,533,0,4401.662851171606,5,1,126874.31725186427,0
19,F,595,4,50528.42482049784,1,0,141826.69808504163,1
40,M,397,8,183012.30308121955,1,1,25631.33159069528,0
38,F,435,2,89655.6395244023,2,1,20440.317500627145,0
40,F,477,0,128972.01510060055,2,0,71130.43288737658,0
44,M,599,4,197719.8316294474,1,0,63975.66481721547,0
43,M,727,1,170376.81327453433,4,1,29986.502675482494,1
31,M,704,7,12693.727968115209,2,1,136694.65631277335,1
49,F,339,0,43157.330345895796,4,1,117231.71237481321,0
69,F,589,1,122329.80875380452,5,1,113735.54524481992,1
47,F,427,4,152989.50843718342,4,1,144667.53628103453,0
55,M,830,5,147673.8871719917,6,1,74512.3044943527,0
36,F,327,1,64304.37037433365,2,0,128657.07433025018,0
34,F,315,4,57782.55496867537,3,1,78227.67414279451,1
61,M,350,7,52041.17491538356,1,1,83537.8178292463,0
57,F,607,1,65059.206960943564,3,0,25785.608201326013,0
32,F,702,7,184015.61874671356,4,1,36801.99679371416,1
37,F,481,0,59297.94954527623,1,0,27843.36536915721,1
58,M,820,8,27003.521001677334,2,1,62894.10583371704,1
48,M,494,5,199243.07196905208,1,1,147943.61591513248,1
18,M,450,3,147129.30364066325,6,0,36345.62857006927,0
51,F,503,0,84272.80333177744,1,0,63664.49964908599,1
29,M,359,1,88131.85081622879,4,1,45402.89148872235,1
31,M,573,7,75207.6773013014,5,1,148140.92636496612,0
60,M,608,0,106352.17975902317,4,1,96253.97445926908,0
64,M,695,5,71268.65901759596,3,1,94518.94117991072,0
35,F,616,8,86892.44794092301,2,1,136479.3429212908,0
50,M,795,5,134715.40344623456,3,1,139808.42313168143,0
27,M,725,5,110734.39462473607,4,1,125714.28285543571,1
25,M,503,2,156819.9864966876,5,0,43553.49120261839,1
31,M,554,0,23677.20621229612,6,1,140340.48737171502,1
66,F,845,0,36026.71875264052,5,1,98366.97443163615,1
57,F,400,2,139413.8610740028,6,0,92849.73832478709,1
52,F,575,7,91511.26193949465,5,0,149919.71959484267,0
69,F,485,5,112415.99336379979,5,1,147443.62634606476,0
41,F,435,8,164838.54645841147,4,0,94663.14182198507,0
64,M,677,4,42553.85440517714,4,1,81523.3692930079,0
59,F,382,0,163368.89539788885,5,1,118481.89477557968,0
51,M,798,1,37191.11651981881,1,0,31309.56090924718,0
67,F,652,8,79001.51352867772,5,1,73516.60087466416,1
33,F,775,3,42748.95134549466,6,1,74135.84776762936,1
32,F,810,8,52643.83533910713,2,0,94157.3986073007,1
59,M,648,9,197892.40958530825,1,0,34304.18300657439,1
66,M,443,1,84492.43846394843,2,0,93959.90952974535,0
56,M,616,3,116384.85241309844,3,1,110538.85758151498,0
49,M,405,3,14385.932395210199,4,1,23075.7001242519,0
54,F,766,1,194091.65694153667,4,0,49028.76297829829,0
19,M,492,5,149860.3162130506,2,1,131049.47280622683,1
45,M,665,7,113046.59336750113,2,0,105127.73242007592,1
38,M,663,6,166911.51574421008,2,1,97573.30678914348,0
26,M,330,1,193914.12217854682,5,1,149277.65372786808,0
29,M,406,6,144502.22630368185,6,0,62545.16479810858,1
66,M,338,7,127509.64874739396,6,0,75717.45693204078,0
37,F,581,9,12553.540135109854,3,1,70514.78150595972,1
19,M,666,8,169245.87393361336,1,1,81546.61746364046,1
54,F,525,8,163136.37510305835,6,0,87355.38988687992,1
31,M,445,0,146971.52788871148,2,0,39297.73403042016,0
47,F,407,9,88694.14486948577,4,0,58888.603943327485,1
41,M,499,6,126220.34515105256,5,0,73882.02423352106,0
43,M,620,4,156471.47996652086,5,0,35700.0844061275,0
50,F,339,2,33924.59575482763,6,1,131552.40979527278,0
41,F,504,7,19519.065023797277,3,1,24142.06126015648,1
26,F,616,0,196430.53916569543,2,0,137933.8212218948,1
60,F,417,0,48562.11508085657,6,0,123218.33541158203,1
52,F,362,1,155723.29054743273,3,1,125600.60284769828,1
19,F,384,7,92354.10105731581,1,0,58925.33039137477,1
60,F,580,0,46465.66036481168,5,1,56635.16234946297,1
25,M,821,9,157742.5940826253,6,1,94396.85922334385,1
69,F,309,3,15614.03891466282,2,0,45640.29696034898,0
68,F,634,1,105297.60109985391,5,1,42710.88804473567,1
18,M,412,5,171089.1507648337,6,1,146778.28339964847,1
64,F,304,0,165170.43943641745,1,0,149455.38101754937,0
44,F,605,9,40209.27217577355,4,1,104351.0727430824,0
30,F,642,9,134102.1593761525,3,1,148850.44458043948,1
54,M,703,6,52224.83163512566,3,0,115175.27899707426,0
30,F,813,5,35469.96871603119,5,1,71915.20149943297,1
40,F,365,6,193120.00236000383,2,1,126129.94880686865,1
35,M,725,4,77674.54923553989,2,1,142058.31520963312,0
46,M,470,5,176745.31454715916,4,1,37288.581552632626,0
28,M,350,8,138456.09430589524,4,1,124098.62689160301,1
45,M,503,0,39605.20777988137,5,1,139718.5844025483,1
68,M,810,7,40044.55261844644,5,1,78512.84433113092,1
33,F,502,5,191725.45910391593,5,1,31822.189154596505,1
55,F,675,9,64749.943914392614,2,0,61241.47366239201,0
34,F,443,4,1734.2507384386251,1,1,88046.03797276269,0
49,F,705,3,138682.38325541996,1,1,32315.404415178393,0
18,M,721,2,187324.64667687094,6,1,72175.91734994885,1
62,F,728,4,15441.010700049506,4,0,56108.82106996203,0
52,M,555,6,80323.41989944642,1,1,93409.76168729692,1
45,F,590,6,22768.453175276292,1,0,93584.66637405008,0
61,F,587,7,119034.87226716896,6,1,33620.91556604965,0
19,M,730,0,152856.70361260104,2,0,20860.045290113652,0
54,F,567,5,48699.175139091654,6,1,42813.33768193191,0
19,M,795,0,50203.38862322498,2,1,35102.8502626941,1
68,F,656,4,17871.603466960194,4,0,75514.10784289948,1
24,M,492,7,49476.72473207261,1,1,67052.6711063951,1
66,M,567,0,46218.53487270011,5,1,122133.89863732355,0
66,F,506,1,69617.31478621557,2,0,65371.509852478746,0
29,F,474,1,77736.56048905973,5,0,107491.09613014871,1
69,M,430,7,62161.845586038435,4,0,149427.0151877195,1
63,F,531,0,144868.99572476943,6,1,39836.65968763199,1
57,M,750,5,181386.36094088832,5,0,135255.0821528537,1
36,F,377,5,198389.9734286426,5,0,84586.36273181123,1
49,F,477,0,93259.91125856951,5,0,62622.986768549694,0
49,F,808,7,75530.35757704145,2,1,58352.941426659825,0
58,M,490,0,142470.3146158439,4,1,42413.089510123384,0
42,M,462,7,132035.3528668517,6,1,64458.653220842825,1
48,M,669,2,50556.5097707513,6,0,115678.90968779291,0
32,M,602,9,7213.781426200727,2,0,39772.42890998838,1
55,F,336,3,127017.39554760056,4,1,135442.07317435456,1
54,M,413,4,30348.581869360492,4,1,104931.23711902647,1
49,M,368,1,138411.5387941743,1,1,135275.70455673742,1
66,M,693,4,137299.45980492674,3,0,104249.18331526828,0
53,F,605,5,60239.753778432714,4,0,35311.98930441769,0
59,F,628,6,139744.3340109037,6,0,24634.069894081113,0
24,M,362,4,63852.98600502503,4,1,24539.601823551257,1
18,M,751,1,85441.54283868664,3,1,51059.701687548346,1
53,F,701,5,28317.5411543765,2,1,60751.246383001475,0
28,F,407,0,110168.49184995452,3,1,141545.60884493997,0
29,M,482,7,32026.45450858004,5,1,65027.33567446486,1
55,M,708,4,148672.36342498282,2,1,84274.62435009357,0
39,F,682,2,134829.12847511642,4,0,92647.15958741098,0
24,M,575,2,122741.49115596617,1,1,146087.98625682777,1
57,M,785,0,30599.16648642489,2,1,97985.86065840953,0
57,F,360,7,104309.06370476072,3,1,52937.57651511624,0
48,M,444,8,143664.60759945805,2,1,68814.5206995981,1
59,M,697,8,162614.5487434487,6,1,81392.67794387748,0
30,F,341,6,87073.63066048801,4,0,21726.35868947404,0
45,F,480,5,24576.611610973996,1,1,44142.38027202586,0
20,F,648,3,60918.230170679235,6,0,23162.94695885042,1
42,M,805,8,185671.7771725683,5,0,146660.75488430008,0
49,M,426,9,134065.9413135042,4,1,82015.44679942913,0
26,F,779,9,113997.22071348089,3,0,82859.50022740994,1
43,F,567,8,118404.0436419943,1,1,76557.83995415866,1
47,M,365,8,192032.40823081575,3,0,86973.33229866344,0
21,F,701,4,140452.58056531916,3,1,23607.012656155293,1
54,F,587,3,155679.6893330039,3,1,45649.74455718214,0
31,F,719,9,49009.80855601251,1,1,22179.919177775984,1
39,M,781,2,121527.44001117113,5,1,86404.49428515258,1
41,M,762,2,97249.42962539854,3,1,86146.81481171022,1
67,M,701,2,120034.06580408588,2,0,141875.91850509605,0
68,M,510,8,14578.967866319981,2,0,130992.08906965375,0
62,F,448,7,178304.88409048354,5,1,64624.23893280591,1
45,M,537,7,154538.47684461373,4,1,123112.51745680331,0
19,M,491,8,25089.462525896255,6,0,46947.75785659216,0
41,F,688,4,126371.05931843024,1,1,45636.747147337876,1
36,F,655,7,80005.75259905806,4,0,58761.56461130943,0
44,M,568,6,38635.51615830363,1,1,103589.47782958885,0
67,M,497,6,186898.7650097107,2,0,106968.25103270364,0
51,F,816,1,183975.6479271486,6,0,100065.2052594555,1
29,M,420,8,189338.41789294576,5,0,113505.76797089554,1
59,F,393,5,114313.70919091895,2,1,79321.37252477398,0
22,M,843,2,130458.78850815454,3,1,127226.97935625106,0
34,M,831,5,106850.5367581255,3,0,125926.02035720133,0
32,F,718,6,29611.645575026825,1,0,26166.449039754836,0
32,F,377,2,95758.56178480387,1,0,38715.596666165315,0
43,F,458,2,17398.34603060877,6,1,23167.83894407437,0
54,F,535,7,160799.54058574914,2,0,93163.96007580144,0
49,F,825,4,43361.16716763476,5,1,117524.5647604759,0
39,M,567,3,3660.039313570751,1,0,40479.280577307596,0
18,F,542,2,55656.25178415557,6,1,141998.56537072812,1
28,M,758,0,130413.65001305561,3,1,92306.89233699767,0
36,F,766,4,2529.922268438378,5,0,45026.96735429756,1
19,F,498,6,34621.377423540434,6,0,60510.79889894264,1
49,M,761,9,21842.250587685274,4,1,59694.90876379524,1
23,M,697,1,184900.8487645385,6,1,55422.02956127651,1
53,M,638,2,169020.66684806137,6,0,49343.05970153477,0
21,F,803,8,55303.738477448096,2,1,102243.50222142709,1
20,M,836,6,164759.4224321261,2,1,58158.37246558757,1
29,M,724,6,8306.861816269473,4,1,145919.25180635578,0
61,F,828,1,103154.65717661254,5,0,44796.85790825526,0
18,F,569,3,127397.56968392925,5,0,133915.25956836183,1
66,M,714,6,54198.733298287014,3,1,52368.1035525248,0
44,F,387,7,157016.879599669,4,1,109450.74201433317,0
23,M,723,0,170410.21196883573,5,1,76079.57412130052,1
37,F,431,5,196293.20923910712,5,0,121639.88339927401,1
55,F,597,6,18856.930415031027,2,1,86885.83387470355,1
68,F,432,5,129678.86200233459,3,1,146775.25310043193,1
69,M,775,5,111372.28319067603,6,1,44863.525678748294,0
63,M,409,5,33095.02796114068,2,1,90167.49817502768,0
62,F,627,2,145758.5494554308,2,1,134489.91393584458,0
46,F,749,8,64661.28029405853,2,1,42130.484503544685,0
44,M,701,5,134140.5529110077,6,0,39916.01249966348,0
47,M,824,9,40918.990961088595,3,0,133951.5375641744,0
25,F,843,5,27431.910733655273,4,1,24130.34474393505,1
44,F,702,7,106095.26311717455,2,1,34070.101839709285,0
25,M,486,9,191229.80651351577,2,1,71110.1139721566,1
20,F,584,9,138468.7580235587,3,1,110820.3029670629,1
41,F,510,0,82845.03893206871,4,1,48339.15888362699,0
32,M,719,8,168269.47367299823,6,1,89621.5142569864,1
35,F,754,1,42539.1269029151,4,1,28048.531320720933,1
20,F,697,8,10535.750009875988,6,1,81582.44744475823,0
64,F,309,5,69675.83174376242,1,0,120129.63233747767,0
49,M,382,7,3098.141891630779,2,0,45195.35309470002,0
67,M,689,9,161122.91289868669,2,0,33336.345152520975,0
33,F,455,4,19701.80831334256,3,1,45777.273237097594,1
30,M,432,6,7825.93294906988,6,0,103502.25975540272,1
40,F,627,7,82385.34609011927,3,0,61807.717039313124,1
48,F,598,6,183565.36649369053,1,0,27846.724596892273,0
18,M,635,2,50165.6920221466,1,1,147931.27644203955,0
20,F,538,4,68528.25395352216,1,1,77806.96079267497,1
42,M,553,9,20705.65899406256,3,1,62755.33086050257,0
53,F,464,8,195100.3948026386,6,0,143654.87473418526,0
28,F,463,5,155625.89434961067,5,0,148493.8419862283,1
27,M,799,7,116630.77628019212,2,1,124292.40260641006,0
21,M,719,5,84230.78504973999,2,0,126619.80622885795,1
66,M,684,3,178766.717660098,4,1,46981.1674510615,1
53,F,331,0,174471.9220269578,4,1,129192.9012890478,1
61,M,750,7,191585.6916550857,3,1,56405.458774420906,0
65,M,713,0,187484.5142926412,3,0,66458.48397248307,1
58,M,334,4,33815.76892768636,5,0,110614.25601851578,0
19,M,653,1,161134.78061939983,5,0,53093.02553313206,1
49,F,439,3,135156.6536193919,2,1,143444.5474625992,1
53,M,516,9,131115.09786734192,3,0,122201.52732555849,1
38,F,620,8,173478.584943999,3,1,54460.69473318015,1
44,F,501,9,101706.4289940323,2,1,36707.59392195365,0
63,M,500,4,48234.6737876586,1,0,57815.04938966643,1
63,M,782,2,167361.0767810008,5,0,64460.30273641048,0
33,F,303,9,72964.34602721428,1,1,126457.12984332148,1
44,F,799,9,12008.440024790356,4,1,125915.89217111719,1
56,M,507,1,65578.31825497988,1,0,116306.4742277936,0
63,M,398,8,40155.896682500126,1,1,80184.33944649468,0
21,M,638,2,61658.459203388615,2,1,122943.90441674253,1
59,F,714,2,154936.1585926299,1,1,40853.841937934696,0
25,M,534,3,94373.50386171194,1,1,129477.67559483564,1
69,M,761,9,67947.51836360367,5,1,70393.88999953117,1
43,M,834,5,171020.86288606765,1,0,112354.94565456927,0
23,M,498,5,63439.77902786102,2,0,40664.54335502398,1
69,M,476,3,194936.9145217642,3,1,79299.5183337032,1
50,M,390,4,72829.83129012604,1,0,73500.34570471519,1
24,F,515,7,8243.043588072796,6,1,52066.82226400144,1
28,M,613,8,34817.80225784829,2,1,106668.87101350976,1
44,F,796,7,13669.329411676777,6,1,113047.00463992938,0
25,F,354,7,35273.363976024964,5,0,134398.59291135767,1
23,F,360,2,18921.428689205855,6,0,128471.48941315904,0
41,M,719,8,194040.91863310296,3,0,49319.674186812335,1
56,F,848,1,31835.86167547299,3,0,91443.42329196428,1
38,M,450,9,58986.37631772359,5,1,27630.08064231136,0
53,F,537,5,19230.344270890455,5,0,34282.41337585825,1
28,M,810,2,117737.25583365647,2,0,83379.57613760985,1
48,M,326,1,130948.91288930931,4,0,26502.558168662723,0
22,F,414,5,1493.2878586119136,4,1,81364.01379993263,0
20,M,764,0,175529.1202257611,4,0,101753.20313648166,1
19,F,771,1,33136.2326239768,2,0,93989.49219302158,1
30,F,810,7,197328.46944365933,6,1,46163.441327390356,1
21,F,657,3,157726.35567767726,6,0,138973.57209339342,1
63,F,519,9,150390.08701597954,4,0,147692.9418676273,0
65,M,788,0,106323.30732106605,4,1,55839.06395199362,0
34,M,728,0,160622.53709740372,6,0,110504.23142565801,1
66,M,780,3,110116.46843148493,5,1,77930.99935751873,0
52,M,619,9,125138.95309851853,1,1,61690.70026105038,0
43,F,656,7,83224.82693148505,1,1,55904.7147963184,1
19,M,673,0,10381.618366560951,3,0,103224.4919996525,1
68,F,312,2,115016.92013442198,2,0,107500.87045271444,0
59,F,563,0,17123.319922944756,1,0,105854.24289031782,0
19,F,306,6,156258.6653389508,6,0,116586.06205857734,1
53,M,746,0,49149.957039143774,1,0,84998.35205256233,0
69,M,307,1,140333.32401917063,4,1,20076.614669861898,0
36,F,416,4,50023.72580654557,2,0,92447.82101283292,0
21,M,410,1,107562.56441919798,6,0,58266.73699001267,1
44,M,633,9,119211.81897721895,2,0,90741.52827698493,1
23,M,456,6,189405.15747216542,6,0,77355.0540869404,1
61,F,507,9,122372.35262146131,4,1,99062.42998817924,0
39,F,377,1,129723.72118151696,5,1,90601.54768898594,0
43,M,347,6,38088.50308582492,3,0,46213.161845092305,0
21,F,796,3,39291.2264048217,2,1,97447.47423721304,0
49,F,463,4,17156.971863947336,1,1,64947.1576547848,1
64,F,824,1,186340.8444123694,2,1,59053.478017826805,0
42,M,705,1,68898.57176505243,1,1,110558.78852110803,1
46,F,442,2,175228.92608544615,5,1,38029.02955877934,0
58,F,616,1,136460.27949237972,3,1,109810.88821851685,0
68,F,360,6,174723.16488504448,1,0,54942.71445070576,1
22,F,770,9,187727.60602041427,1,0,128840.00280749124,1
47,M,329,9,168983.44290427657,1,1,118954.97075218846,0
33,F,806,8,190745.8743562609,5,0,121691.16244226429,1
33,M,330,5,47093.21825915496,2,0,48118.6904361307,1
44,M,808,2,99411.49512797067,5,0,68742.32112916236,0
18,F,728,5,113806.0903508757,6,0,64396.6206257798,0
27,F,341,9,41451.58366990636,3,0,25309.34061137421,0
44,M,549,8,178992.05260234268,2,1,141967.00611213583,0
54,M,370,8,191852.90755803234,5,1,139424.97774702444,1
23,M,499,3,6179.988408331094,6,1,146125.98371173508,1
24,M,680,6,158881.02754207488,5,0,103454.60782575564,1
65,F,337,5,92952.85684955254,2,0,55063.22929731927,0
29,F,725,7,49286.83712132749,6,0,125497.29466229674,0
23,F,308,1,160767.2986698808,5,0,32120.115479007058,0
21,F,499,9,197712.455928403,6,1,66582.66908813824,1
34,F,453,2,51413.670412836465,1,1,94135.32375981206,1
34,M,810,9,141995.1509564475,3,0,116653.26643586712,0
67,M,791,2,118668.81276227947,5,1,76607.56754170166,1
61,F,535,3,49122.26857477273,1,0,61929.310717594235,1
39,M,485,2,71657.18485206558,3,1,74815.03753458535,1
51,M,349,4,29405.122959578355,3,0,105205.08991793565,0
40,F,531,5,147268.85213193423,2,1,69941.72462583975,1
36,F,760,6,2809.867497858298,6,0,66351.78340592055,0
55,F,452,4,136027.49399153318,6,0,35770.96180614117,0
62,F,416,4,15457.593536087643,2,0,133583.78207132962,0
50,F,609,3,151315.40271384656,5,1,104614.47674722312,1
30,M,384,0,20123.47063730031,6,0,77926.48784764041,0
53,M,559,8,94914.75728105223,4,0,71093.4000527483,0
49,M,431,0,86861.8600577519,1,0,26343.80339192788,1
21,F,838,3,190009.20474092156,2,1,83663.79796869129,1
50,F,795,8,63318.58362685001,1,1,38904.37578137658,1
48,M,400,1,135682.85037923872,4,1,29246.625766385416,0
50,M,311,3,139536.47159514856,2,0,138219.1598441918,1
58,F,483,3,66203.59278036979,6,1,102658.80928488223,1
40,M,462,8,138569.27200734775,3,0,50563.39773955983,0
30,F,362,0,119943.52027541946,1,1,41435.43191431836,0
25,F,584,8,80561.04405508253,2,0,21080.599337130105,1
65,F,381,8,7317.654266308571,2,0,67730.71601589945,0
42,M,580,1,186271.8858667786,2,0,46274.872643833965,0
61,F,425,4,89373.7797666037,1,0,144723.36318886722,0
34,F,685,7,102701.9791328869,3,0,134923.59658866035,0
61,F,477,8,70772.18270908468,6,0,76359.05508501575,1
33,M,499,6,107233.9784967441,1,0,51049.02459744218,1
45,M,315,0,47594.52069243204,3,0,133302.98147027314,0
30,M,559,0,68094.03489571462,4,0,105269.4367684078,1
24,F,829,9,140375.4587940756,6,0,92296.10579175752,1
50,M,448,6,5351.933304397227,3,0,30447.81742827374,1
28,M,848,4,189521.15511705363,6,1,67337.65170662328,1
53,F,734,5,25197.526473811504,3,0,102913.47670021487,1
44,F,582,7,65463.5735791331,3,1,25680.517833710936,0
44,F,577,7,33279.349958917126,6,1,26436.274723269842,0
