Customer_ID,Age,Gender,CreditScore,Tenure,Balance,Education,HasTravelCard,HasCashBackCard,HasPointsCard,HasRewardsCard,HasSecuredCard,Transaction_Count,Avg_Transaction_Value,EstimatedSalary
145,62,F,760,9,196549.38339823368,6,1,1,1,1,1,4,474.89408068961603,149608.5163110311
834,22,M,330,0,2691.239985408116,1,0,1,0,0,0,1,35.66927446607343,41287.92467630169
271,60,M,809,9,194033.9213809414,6,1,1,1,1,0,4,457.470356257647,140462.25240322942
469,50,M,809,6,102859.15149523757,4,1,1,1,1,1,4,114.61509064239503,103325.4132074285
963,21,F,373,0,7229.798062514415,1,1,1,0,1,1,1,30.332737929503438,35439.45373949596
187,60,M,840,9,199299.54883507203,6,1,1,1,0,1,4,472.3383733307647,146514.7921345514
943,24,M,362,1,6597.272425161659,1,0,1,0,1,0,1,43.56001313264437,27652.358349798324
517,46,M,820,6,109666.24030307775,4,0,1,0,1,0,4,105.39482992968139,134716.98885159547
287,62,F,803,9,195379.22607830053,6,1,0,1,0,0,4,429.0505231829358,141961.40647534866
459,47,F,801,5,101789.4625674215,4,0,1,0,0,1,4,143.082488098308,106115.31133481179
891,20,F,391,0,6958.995217350163,2,1,1,0,1,1,1,39.12963973275829,25105.228037750636
958,23,F,360,1,2166.567744126465,2,1,1,1,0,1,1,31.12028918620663,37180.32287342964
605,46,M,846,5,108128.72436620608,4,0,0,1,0,0,4,106.30484705837773,144196.2255904989
505,47,F,803,6,132200.03084828253,4,1,0,1,1,0,4,172.21947410039084,117873.84788321296
475,51,M,807,6,112055.1180191617,4,0,0,1,1,1,4,175.59803884015398,147193.24442818752
518,43,F,808,6,109901.54526983034,4,1,1,1,0,0,4,162.32886057302818,100910.08687346084
174,60,M,807,9,191177.5617607797,6,0,0,1,1,0,4,446.63688601078826,142356.62408406616
251,60,F,759,9,198358.94193856907,6,1,0,1,1,1,4,463.84323840775056,143917.51341371913
968,19,F,385,1,1762.9995160314515,2,0,1,1,0,0,1,42.28358235869841,30980.375075307016
744,21,F,334,0,4514.297963171366,2,1,0,0,1,0,1,40.34848695471701,32818.35509093672
259,67,F,755,9,195082.83493085424,6,1,0,1,1,0,4,450.66427625433363,141878.28162481025
42,63,F,844,9,191489.83921734575,6,1,1,0,0,1,4,434.82810063038,145386.35716683994
720,20,F,390,0,8599.059075679434,1,1,1,1,0,0,1,44.0999072190533,20557.076118014837
323,63,F,783,9,190518.61558970276,6,1,0,1,1,0,4,478.7303407894614,148137.34956592447
912,21,M,346,0,2705.790623248395,1,1,1,0,1,1,1,20.346862988596005,27074.805117091288
938,23,M,381,1,8977.056150351022,1,0,0,0,0,1,1,32.51375059479861,33892.2710229648
353,42,M,819,5,105629.71323082292,4,1,0,1,1,1,4,126.63289044189234,145665.1598482237
796,18,M,300,0,4308.564145145773,1,1,1,1,0,0,1,39.17979648894405,45776.39748508713
436,43,F,848,5,111797.69065469307,4,1,0,1,1,0,4,109.44456567380755,126996.43024476423
522,47,F,809,5,143292.32608775754,4,1,1,1,1,1,4,105.43398220781447,132434.2943912154
778,21,F,334,1,2814.1341690651343,1,1,1,0,1,1,1,39.6778696580085,46013.04266588601
594,40,F,803,5,142367.96480107083,4,0,1,0,1,0,4,116.320794780253,135737.09239542444
151,68,M,774,9,194682.28619552957,6,1,1,1,0,0,4,463.93646706369884,148423.6397234485
139,66,F,804,9,196251.66902035507,6,1,1,1,0,1,4,466.4503683260323,144439.5355680494
315,63,F,795,9,193641.99338215665,6,0,0,1,0,1,4,478.28738089138153,143190.0522987647
726,22,M,364,0,4393.611048839717,1,1,1,1,1,1,1,40.99958369549236,39478.44647909122
1,62,F,835,9,192994.43540444094,6,0,1,1,0,1,4,496.759599912928,143135.05329908602
885,23,F,391,0,8084.423538447632,1,0,1,0,0,0,1,49.554399577060785,30352.752510636503
199,60,M,757,9,193969.62722742787,6,1,0,1,0,1,4,471.80166448773883,148071.24125271296
701,24,M,357,1,8400.237136449061,1,0,1,0,0,0,1,32.93854867034521,49489.453370808376
913,22,F,374,0,4043.3492498299706,1,1,1,0,0,0,1,44.0682403441772,43918.50095750358
305,62,F,825,9,194300.06631468394,6,1,0,1,0,1,4,491.5814080778603,148795.62276287645
884,21,M,301,0,1116.6591195779285,2,0,1,0,0,0,1,21.488548011975748,49199.11708255891
371,53,M,800,6,122831.19156163133,4,0,1,1,1,1,4,102.83355067393074,107977.00881632917
200,60,F,842,9,199403.29138575358,6,1,0,1,0,1,4,499.30586424891993,145657.91387252227
263,62,F,798,9,198291.79575542614,6,0,1,1,0,1,4,441.1917503833176,148569.8656917195
74,65,F,805,9,191083.72529889987,6,1,0,1,0,1,4,433.8387835409528,145836.5254210791
267,65,M,827,9,198517.5132901036,6,1,1,1,1,0,4,475.0110591229628,149953.32225106566
733,20,F,335,1,5764.688577966748,1,0,1,1,0,1,1,21.27165423364682,43850.89443941789
309,66,F,792,9,191563.82737253563,6,1,0,1,1,0,4,476.32048476112294,146729.26497684192
672,18,F,389,1,3103.5470462297267,2,0,0,0,1,1,1,35.80488840537118,39494.99614052212
223,66,M,755,9,194000.02843759125,6,1,1,1,1,0,4,423.6625983090648,141105.25504313718
163,63,F,836,9,191087.78488094543,6,1,1,1,1,1,4,410.61280494223473,149805.08540471582
480,53,F,824,6,148131.94531100403,4,0,0,0,1,1,4,190.02504218377956,143874.71553890768
941,23,F,340,0,3317.5110116762608,2,1,1,1,1,0,1,28.00892677699856,44016.084237125324
441,49,F,802,6,113345.55367248754,4,0,1,1,1,1,4,161.72461263377537,112064.33851872724
955,19,F,335,0,7990.367607598819,1,0,1,0,1,0,1,23.01912851418868,37337.011001634506
978,22,M,375,0,1457.4637555503812,2,0,1,0,1,1,1,32.43025890084802,40356.49726320246
866,23,M,397,0,1067.2882431717378,2,1,0,0,0,1,1,23.40084076912826,49703.60249729865
18,62,M,805,9,199654.9470986241,6,1,0,1,0,1,4,459.74532748483193,147301.1061873998
34,65,M,840,9,198714.7687785126,6,1,1,1,1,1,4,426.73178598075214,143635.45852189016
333,69,M,780,9,199138.80080749097,6,1,1,1,0,1,4,438.7250298061667,141782.77504189205
281,69,F,779,9,193909.11747810667,6,1,0,1,0,1,4,481.16067396219364,141518.6958354365
128,63,F,840,9,190993.48943858262,6,0,1,1,0,0,4,499.5551125117443,143696.8660549775
188,64,F,844,9,191441.23355105837,6,1,0,1,1,1,4,497.18536229672395,140071.91647560548
5,69,F,787,9,192736.48735233053,6,1,1,1,0,0,4,428.94305917937805,142819.1924777493
359,53,F,834,6,100683.5323669799,4,0,0,0,1,0,4,167.3792784571812,115705.74714327848
854,18,F,386,0,5115.789248909834,2,0,1,0,1,0,1,42.60279890832369,40796.396596620194
916,23,F,300,0,994.3786053877957,2,1,0,1,1,1,1,25.589512936070367,39187.97897457454
625,40,F,821,5,108131.06939121622,4,0,1,0,1,1,4,140.340461191683,129491.99384095836
600,52,F,800,5,144539.02048238367,4,1,0,0,0,0,4,112.6355477246751,111832.99207498858
982,20,F,339,1,8223.672709561888,2,0,1,1,0,0,1,49.99328109500451,21083.496284857545
299,62,F,845,9,196880.90275209615,6,1,0,0,0,0,4,434.6272976618664,141765.78101284298
975,22,M,394,1,7720.483913141372,1,1,1,0,1,1,1,20.907970430024164,29931.826315127695
494,51,M,811,6,113613.95540648527,4,0,0,1,1,1,4,184.41655315159986,141721.36764010516
482,41,F,845,6,119802.2631503199,4,0,1,0,1,1,4,185.04141902428674,145531.49167467596
758,23,M,338,0,1475.9164892432675,2,0,1,0,1,1,1,28.86426349546697,44977.44545646405
583,40,F,828,6,116240.07588349181,4,0,0,0,1,1,4,105.65625922969764,101837.10701276407
204,62,F,795,9,194767.91079691137,6,1,1,1,1,0,4,497.87530379590663,143639.974032824
57,67,F,774,9,195219.49161715107,6,1,1,1,1,1,4,432.23929938752786,142011.48998789352
328,69,M,795,9,199275.3668279756,6,1,1,1,1,0,4,493.2596807182619,145403.49555637443
438,46,M,829,6,107453.15387797319,4,1,1,1,1,1,4,168.07797049464222,110709.59884307579
329,66,F,831,9,197800.44187255725,6,1,1,1,0,0,4,460.0643503730167,149851.055997657
321,61,M,816,9,191597.67678338534,6,1,1,1,0,1,4,432.0543317461108,143514.14067754374
803,22,M,346,0,9135.268802414195,1,1,1,0,0,1,1,44.44328622656019,39957.92185826936
154,69,M,754,9,193977.59392075744,6,1,1,1,1,1,4,491.01534453733007,140899.3272073819
552,41,F,804,6,138100.28964574935,4,0,0,0,1,1,4,134.68155148521248,134231.45418799508
485,40,F,824,5,102248.89285798185,4,1,0,1,1,0,4,133.36101044231145,108513.91254707806
217,61,M,813,9,192178.15239905968,6,1,0,1,1,0,4,401.9729272687597,142942.42584863515
728,24,F,376,1,6940.731683248603,2,0,1,0,0,1,1,47.90367027151279,20162.03777575714
197,61,F,789,9,192399.42521206735,6,1,1,1,0,1,4,450.80275172794717,144604.80119682048
546,49,M,840,5,103174.83379433848,4,0,0,0,1,1,4,165.41017765899406,129707.90735244019
561,41,F,815,5,110084.55735035554,4,0,1,0,1,0,4,175.27916915925718,107130.609366242
285,69,M,782,9,197347.56310963375,6,1,1,1,1,0,4,496.63755216239554,149080.02517541943
137,61,M,791,9,197941.2922680869,6,1,1,1,1,0,4,418.8036618184655,145652.74422771006
734,21,F,352,0,4999.520440888156,2,0,1,1,1,0,1,40.64266878740738,46800.05421846051
822,19,F,373,1,6823.812689643583,2,0,1,0,0,1,1,37.00336195196774,48870.52590525916
579,51,M,828,5,134817.046657794,4,1,1,1,1,1,4,147.56578664900132,116102.6283159006
107,67,M,773,9,191838.05090704933,6,1,0,1,1,0,4,479.0878259341924,142973.0740729795
805,20,F,319,0,5551.796682827805,2,0,1,0,1,1,1,30.772759119100197,39374.48242408798
102,65,M,827,9,192059.9792820994,6,1,0,1,1,1,4,468.59369229849256,145359.53875305626
962,20,F,342,0,9479.55427983494,2,1,1,0,0,1,1,37.99381795794767,34656.46502298078
604,53,F,808,6,113316.33411110632,4,1,0,0,1,0,4,139.34670352564572,136225.47044934545
239,69,F,820,9,197133.7249729888,6,1,0,1,0,1,4,404.7342747654765,144438.85422407763
956,24,M,373,0,1552.8782047312072,1,1,1,1,1,1,1,47.6323400510393,22292.239745959963
463,43,F,807,5,117306.41507051233,4,1,1,1,1,0,4,134.03651749374927,106019.54700045899
504,54,F,803,5,136276.64595587325,4,1,0,0,1,1,4,150.46932671756562,141371.95302055194
766,22,M,351,1,2093.847646325713,2,0,1,0,1,1,1,33.69353409911532,27387.277896905096
414,47,M,828,6,140722.31627301275,4,0,1,1,1,0,4,135.7362432978618,131785.39268329737
755,20,F,313,0,4226.221024238113,1,1,1,1,1,1,1,22.90365826201539,30365.1441707272
282,69,M,788,9,191028.18876832028,6,1,1,1,1,0,4,419.45871054903665,143586.31346883017
240,60,F,824,9,195087.9119338215,6,1,1,1,1,1,4,454.81486339584785,146225.60507841798
541,43,F,801,6,124631.84895096804,4,0,1,0,0,1,4,132.43447275940912,148899.7854870721
269,68,F,774,9,199874.73438376756,6,1,1,1,0,0,4,425.1384506418352,147365.91821485411
48,66,M,840,9,198685.69422510118,6,1,0,1,1,0,4,490.8001517861746,140927.64923218408
221,60,F,755,9,193276.5518648912,6,1,1,1,0,0,4,414.407371724371,142627.9607993117
827,22,M,390,1,8252.152626808765,2,0,1,0,1,1,1,43.34223181117953,27623.09621930003
635,51,M,829,6,141600.32694713614,4,0,0,1,1,0,4,170.45489970013452,110998.45727505758
431,51,M,842,6,147836.98950930583,4,1,1,1,1,0,4,186.8027118831826,111678.29192117475
839,19,F,390,0,8557.766797296292,1,0,0,1,1,1,1,35.10462465622289,45920.698465306785
697,23,F,391,1,9271.513387439583,2,1,1,1,0,0,1,44.38959677526039,44635.526223031105
742,23,M,303,0,2738.3208972941707,2,1,1,1,0,1,1,29.020250507502617,29403.246682404457
967,21,F,303,1,6188.487578547541,1,1,1,0,1,1,1,44.69060582505142,40151.28151550886
470,40,F,817,6,108973.30952917266,4,0,0,1,1,1,4,160.57084138930426,149717.55808587768
255,65,F,806,9,198315.01512667476,6,1,0,1,0,0,4,444.9558738104494,140999.87381669713
344,48,F,849,5,108912.73565009255,4,1,1,0,1,1,4,175.3173907830443,104416.18800660498
759,18,M,315,1,6885.458707686093,1,0,1,0,1,0,1,28.86011517672266,27356.140766896337
591,40,F,819,6,137266.25306762633,4,0,1,1,1,0,4,180.6430977254352,112331.01301462192
118,62,F,832,9,199222.7618339719,6,1,1,1,1,0,4,440.3947779747659,149031.81885416657
926,20,M,374,1,1565.6950609016208,2,0,1,0,1,0,1,26.83161068024985,31872.11095190696
980,19,F,320,1,7835.582757352663,2,0,0,1,0,1,1,24.41575250376489,27118.951078413505
998,24,F,334,1,9882.001322801694,1,0,0,1,1,1,1,30.762713006987966,37715.05726346168
879,21,F,308,0,997.6316228311366,2,1,1,0,0,1,1,37.313948817615895,40287.71513833038
335,50,F,844,6,106089.01288613773,4,1,0,0,1,1,4,158.27191646641384,112185.63718311829
777,22,F,390,0,1941.0126321584764,2,0,1,0,0,1,1,27.036594914987486,39756.143827893706
626,51,M,840,6,112422.8261273382,4,0,1,0,1,1,4,105.37488261246615,138952.07408521217
762,20,F,383,1,6473.02115950048,2,0,1,1,1,1,1,34.281946055345344,25953.1384046086
401,41,M,838,6,112589.68667208207,4,1,1,1,1,0,4,141.6766258407319,140081.07978309662
165,62,F,797,9,191090.9115413661,6,1,1,1,0,0,4,448.8508572992566,146598.35120616545
914,24,M,361,0,5328.765461406458,2,1,0,1,0,1,1,20.642506739108207,41717.55190739536
405,49,M,817,5,147360.6215469682,4,0,0,0,1,0,4,144.05201957190087,102434.57154127442
915,24,F,355,1,8785.979871263049,1,0,1,0,0,1,1,29.096931359787302,40983.15109521013
678,18,F,309,1,3024.181183778857,1,0,1,1,1,1,1,26.340393522794677,41685.58966839123
983,24,F,371,0,3619.261966691013,2,0,1,1,0,0,1,29.60134853238825,25376.556187040016
610,54,F,807,5,118621.41887316408,4,1,0,1,1,0,4,156.18222454002105,111118.9704027813
157,60,M,807,9,191604.0970757117,6,1,0,1,0,1,4,423.49776573918064,142343.66076260796
191,66,M,845,9,195543.37814091478,6,0,1,1,1,1,4,421.56228618204466,144444.63922020802
618,54,M,845,6,127482.93384871859,4,1,0,0,1,0,4,140.66823003872665,116837.53352479836
681,24,F,336,1,6798.553167806172,2,1,1,0,0,1,1,37.085593794023595,20558.705591155212
833,20,F,343,0,8126.538827127889,2,0,1,0,0,1,1,36.08075643367062,30261.7708605446
105,67,M,790,9,195236.48462023592,6,1,1,1,1,1,4,443.298280488632,141522.47064925265
378,41,M,822,5,136625.1607047955,4,1,0,1,1,0,4,123.43122312408957,134850.29221004853
747,22,M,376,1,4151.07775367243,2,0,1,1,1,0,1,28.98276178132049,23485.755952240994
657,42,F,813,5,140072.1204750795,4,0,1,1,1,1,4,128.5222808387035,134128.0761349982
208,64,M,756,9,192066.8754165826,6,1,0,1,1,0,4,485.87891245688917,140030.12377192173
4,64,F,768,9,198350.14067428492,6,0,0,1,0,1,4,449.2057615961855,142120.3437026856
855,23,F,343,0,7527.120091300145,2,0,1,0,1,1,1,26.892813807293436,29679.00146521927
830,21,M,325,1,5465.293504873068,1,0,1,0,0,1,1,41.53867321877954,43688.81162586602
327,65,M,801,9,197782.8945935064,6,1,0,1,1,1,4,419.25403939683343,149345.28098757137
66,62,F,786,9,197388.13739270438,6,1,0,1,0,1,4,403.24446547804615,146072.1506957281
381,50,F,815,6,127227.74135374487,4,0,1,0,1,0,4,182.06257879929012,122193.47590362531
54,69,M,763,9,196249.43019350673,6,0,1,1,0,1,4,421.37693968266376,144706.57107904568
312,68,M,767,9,198079.94193862105,6,1,0,0,0,0,4,475.0893169596003,147056.8861616566
769,18,M,346,0,4571.301043229045,2,1,0,0,1,0,1,49.59395335409129,38992.85156124097
112,65,F,768,9,199928.05317543814,6,1,0,1,1,1,4,428.6427094428904,148934.5282947316
510,49,M,808,6,130409.09842981678,4,1,1,0,1,1,4,155.58466558759866,119048.24907577636
131,67,M,832,9,197961.74140993925,6,1,1,1,1,0,4,495.65085951099735,146872.24196106076
665,42,M,820,6,106491.44307877634,4,1,0,1,1,1,4,181.2255790025975,149527.96857195342
894,22,F,322,1,3758.4820903445284,2,0,1,1,0,0,1,41.122888858297856,22918.62172795245
664,45,F,826,5,107434.75590182406,4,0,0,1,1,1,4,117.85459970310427,143365.54193040778
159,62,F,790,9,195236.72897792966,6,1,0,1,1,1,4,460.0239633940868,145548.4654786507
11,69,M,753,9,198399.19314747938,6,1,1,1,1,0,4,407.96549956587376,142252.9926792125
944,20,F,357,0,3825.0281607661595,2,0,1,0,0,1,1,22.58984896810935,38162.58411708775
474,40,F,848,5,104771.92604788567,4,1,0,1,1,1,4,194.60785006213268,110097.60511935863
489,48,M,841,6,135400.67339777178,4,0,0,0,1,1,4,158.03154937315804,121384.22458738482
455,45,M,804,6,119617.49188305074,4,0,0,1,1,1,4,176.3053814532866,132185.103983361
570,40,M,840,6,125466.42148070263,4,1,0,1,1,0,4,199.95717914030823,115260.10458689724
392,51,F,825,5,118644.21039614068,4,1,1,1,1,1,4,162.03803685204034,131080.72772702374
590,44,M,803,5,147356.60776894004,4,1,1,0,0,1,4,133.66650523959896,101184.74273050787
890,23,F,374,1,2492.9532688532277,1,0,0,0,0,0,1,37.452117992597906,22346.029459201076
134,68,F,839,9,198490.2007308924,6,1,1,1,0,1,4,455.7364695133612,140883.02697067254
559,47,M,819,6,136225.47095010075,4,0,0,0,1,1,4,131.92321509702796,139249.99975218484
116,65,F,830,9,196519.61836361757,6,1,0,1,1,1,4,420.76096197320425,143749.15647035625
245,60,F,814,9,198775.6599631381,6,1,0,1,1,1,4,401.89338828580776,144751.600637884
136,60,F,843,9,196951.9733419832,6,1,1,1,0,0,4,476.94344562930877,146584.95823076225
61,63,M,835,9,190945.10811929335,6,1,1,1,0,1,4,475.14187404047186,149128.18216159786
110,66,F,776,9,192662.25121420235,6,1,1,1,0,1,4,422.1745837552815,147168.00738039095
607,50,F,817,5,136304.62840662934,4,0,0,0,1,1,4,187.8941108735901,123240.7426837052
567,44,F,815,6,119308.6457949725,4,1,0,0,1,0,4,117.23849703617331,145265.58457575348
347,49,M,837,5,142069.1439190793,4,0,1,0,1,0,4,138.86243168405736,104983.78152803208
297,69,F,763,9,196136.56821264458,6,1,1,1,1,1,4,451.7164639968777,149543.82927887928
182,69,M,774,9,197856.98933881853,6,1,1,0,1,1,4,467.033330694065,144764.70603939405
91,61,M,822,9,193640.64765637848,6,1,1,1,1,1,4,453.7507863620462,149431.41960424354
704,20,M,365,0,3758.441081411781,2,0,1,1,0,1,1,40.634497045138254,27118.45668007578
423,52,F,817,6,136018.38893954267,4,1,0,1,1,0,4,110.23492206150024,100762.42112119145
772,23,M,389,0,4889.617552069163,1,0,1,1,0,1,1,34.69636592941737,38342.197414296286
788,21,M,381,0,7400.551559154216,1,0,1,0,1,1,1,41.86521566191362,47469.151776114966
169,63,F,825,9,195634.007537383,6,1,0,1,0,0,4,431.56303511895686,146818.53300998907
614,44,M,830,6,148655.69915607796,4,1,0,0,1,0,4,145.04520456115006,145604.51005944758
727,21,F,338,1,7056.27695899922,1,0,1,0,0,0,1,28.735337442824896,36554.53718477475
840,20,M,353,0,6544.122463997214,2,1,1,1,1,0,1,20.025695207883672,44219.29762757018
196,68,M,848,9,197958.39990556092,6,1,0,1,1,1,4,426.38528193068464,144899.97330503378
582,47,M,837,6,146049.23324503316,4,0,1,0,1,1,4,152.48311830765442,135650.16640287466
696,24,M,342,0,3820.097622392098,2,0,0,0,0,0,1,29.02416481547458,33314.54824193242
36,65,M,820,9,196688.28648254464,6,1,1,1,0,1,4,475.09235689607146,144558.79403762153
654,47,F,844,6,130725.39468315037,4,1,0,1,1,1,4,199.29534749560776,130071.32273825536
779,24,M,359,0,7861.562163455061,1,1,1,1,0,0,1,25.56409716468112,26632.62815993132
193,61,F,837,9,196612.0137978737,6,1,0,1,1,0,4,453.9102166832549,147544.17578965993
31,67,F,760,9,193124.8576194842,6,1,1,1,0,1,4,448.81930522533054,145593.74248057132
205,62,M,778,9,196492.6200436503,6,1,0,1,1,0,4,474.88248147747356,140708.71725572404
424,52,F,839,6,121261.96694391962,4,0,0,1,1,1,4,198.22316673456194,119086.44443385577
976,19,M,323,0,4801.104760442125,2,1,1,1,0,0,1,24.806153323547402,39107.6847723514
524,44,M,826,5,111140.34174830857,4,1,1,1,1,1,4,182.29094864992229,135750.45478569873
882,21,M,333,1,2182.7938038019856,2,0,1,0,1,1,1,20.398710352662267,37468.20509702078
468,41,F,819,5,124531.92954924025,4,0,1,0,1,0,4,111.62142066595038,137507.22807432993
680,18,M,305,0,7242.936655923766,1,0,1,1,1,1,1,32.680322836164294,38993.9148704059
820,23,M,384,1,4645.808362762608,2,0,1,0,0,1,1,22.336477581557588,33573.7167058227
88,65,F,767,9,197170.9463876778,6,1,0,0,1,0,4,455.07460141657424,148348.04675494294
568,41,M,829,5,120736.51784994398,4,0,1,1,0,0,4,105.43433398920156,114336.28667220415
613,53,M,847,5,115764.07825558467,4,1,1,0,1,0,4,104.03749732067689,101043.06876972198
497,44,F,809,6,131460.9676436459,4,0,0,0,1,0,4,192.87339599198722,118171.01985836934
847,24,M,321,1,3539.2007406681646,1,1,1,0,1,1,1,27.758532876894183,24422.05667504621
367,43,M,800,6,103470.47678274459,4,1,0,1,1,0,4,153.1134675970821,127928.36741926779
222,69,F,819,9,192727.18347195315,6,1,0,1,1,1,4,414.3178200486265,142974.44853880623
919,20,F,393,1,4704.585906590015,1,1,1,0,1,0,1,49.33903387072583,40921.51415929169
735,18,F,310,1,6932.231618226847,2,1,1,0,1,0,1,45.44606353579239,42595.45994537092
531,51,F,822,6,145820.6641189952,4,1,0,1,0,0,4,148.4028392803203,118740.08212226401
695,20,M,335,1,1660.0087782663632,2,1,1,1,1,0,1,39.36516142298433,25185.521406168282
278,62,F,757,9,191144.8850538063,6,1,1,1,0,0,4,465.7677454471259,149311.65214878257
412,46,M,843,6,144068.0043772272,4,0,1,0,1,0,4,140.52966011324108,138817.24268063216
565,50,M,839,5,149018.17077470134,4,1,1,1,1,0,4,165.35473132739986,119707.7623206206
516,51,M,816,6,114082.70747916837,4,1,1,1,1,1,4,155.22594056015635,122754.5562209866
699,19,F,360,0,19.164138024329034,1,1,1,0,1,1,1,39.79574200785358,21424.578412762654
508,51,F,820,5,140743.62632092056,4,1,1,1,1,1,4,103.61004171339852,123516.05324256881
787,21,M,344,0,8890.726836352673,2,0,1,1,1,1,1,35.99140216961197,49518.36640980169
56,65,M,803,9,194231.4740556529,6,1,1,1,0,0,4,483.2134478324615,140717.11781096007
120,68,M,762,9,191255.61240176353,6,1,1,1,0,0,4,473.8533207102846,149118.80822961818
540,46,F,817,5,120007.75015689128,4,1,0,1,1,0,4,174.68450332330238,132971.46532730773
687,21,M,322,1,1675.442364025479,1,0,0,1,0,0,1,38.381795405136785,37363.52888845215
242,63,M,830,9,195744.04089349648,6,1,1,1,0,1,4,454.25799244781115,142038.0651559149
76,62,M,808,9,193852.0003875761,6,1,0,1,0,0,4,448.8109810918003,141466.1411909958
185,68,M,845,9,191924.93192640564,6,0,1,0,1,0,4,457.04837129478204,147321.07777800018
339,42,M,804,6,137550.65798550422,4,1,0,0,1,0,4,101.72940987423628,137406.23658728902
68,65,M,789,9,193184.86289626808,6,1,0,1,0,1,4,405.7576647663217,140787.7215937468
189,66,M,776,9,198940.59609761642,6,1,1,1,1,0,4,409.80455463442746,148594.34213946734
100,60,M,773,9,197558.09364255253,6,1,0,1,1,0,4,444.82914597743286,147551.62459367278
198,62,F,816,9,195866.65830466984,6,1,0,0,0,1,4,462.12357183762026,142934.43495004743
535,44,F,823,5,121078.48285098773,4,0,0,1,1,0,4,185.51337165174178,145945.75605904977
124,65,M,831,9,191749.48821083433,6,1,1,1,1,1,4,403.9320714036712,149685.6016529524
293,69,F,762,9,196890.57453713004,6,1,1,1,1,1,4,446.7322181094289,140746.51382956613
83,64,F,777,9,197105.5569142294,6,1,0,1,1,0,4,435.7100485473374,143346.422548529
897,21,F,307,1,9990.165365838639,2,0,1,0,0,0,1,27.975101883133526,28383.93990252712
877,24,M,372,1,474.81229119459954,2,1,1,1,0,0,1,29.819578167405485,37722.58684976187
150,60,M,816,9,198344.62896962714,6,1,1,1,0,1,4,491.3618627465427,141242.33851272505
184,62,F,814,9,195511.5728676983,6,0,0,0,1,1,4,437.20816666357126,140030.26309651273
160,63,F,847,9,193451.3599526177,6,1,1,1,0,0,4,410.98262785398566,149708.21517801145
55,67,F,846,9,192882.7644798321,6,1,1,1,0,0,4,437.82989584032134,142738.2933823641
348,42,F,820,5,133026.94455191848,4,1,0,0,0,0,4,145.12706264897903,108008.28162502388
453,42,F,825,6,141805.83381658973,4,1,0,0,1,1,4,103.64624241588331,104783.80371524925
789,24,M,308,0,3668.9386166211357,1,0,1,0,1,1,1,25.985966954210078,39563.636886310764
667,21,M,361,0,3410.7352364013964,1,1,1,0,0,1,1,31.14539210739252,46670.782324409745
69,68,F,785,9,193758.63447727036,6,1,0,1,1,0,4,470.5840324106899,148181.1161609487
780,24,F,307,1,2059.8367478412715,1,0,1,1,0,1,1,37.36383285661242,47756.6419500413
698,22,M,386,1,4279.0996835088035,1,1,1,1,0,0,1,34.10165457666244,39065.43467883951
362,46,M,804,6,117258.40647823615,4,1,1,0,1,0,4,163.10787577299737,133990.65542800404
717,24,F,391,1,837.0835431925339,1,1,1,1,1,0,1,43.53591339549519,28086.163965480104
887,21,M,358,1,2066.0952257897093,1,1,1,0,0,1,1,20.82957134726059,44764.34894925834
382,52,M,849,5,127421.41826861502,4,0,0,1,1,0,4,133.50005167392231,103232.75440959634
514,45,M,835,6,117062.83641155837,4,0,1,1,1,0,4,180.19244618682814,118874.89744327254
709,19,F,301,0,2449.4867191608905,1,0,1,0,1,0,1,38.71607240897165,39468.391645938646
996,21,F,336,1,675.2957303966167,1,1,1,1,0,1,1,24.265828695646984,41297.76282724553
599,43,F,801,6,121468.96130045364,4,1,1,1,1,1,4,115.37309947502597,141833.19602832524
741,19,F,395,0,1694.8852411649418,2,1,1,1,0,1,1,39.626694593647656,48830.945866477574
28,60,M,820,9,191851.55862004886,6,1,0,1,0,1,4,431.10512039236806,140128.83665385522
580,46,M,832,5,130763.73412317755,4,0,1,0,1,1,4,178.05120047343735,120242.07527635421
389,51,M,836,6,139143.27652795636,4,0,1,0,1,0,4,123.01023118099074,136050.07780342613
985,18,M,320,0,6517.063749932241,2,0,1,1,1,0,1,42.575491677769456,47942.98245535593
301,69,F,752,9,198699.4008091522,6,1,1,1,0,0,4,405.6167551423942,147783.78242444288
842,22,M,333,1,6441.1583857798105,2,0,1,1,0,1,1,31.732092393214064,46280.949920272
906,24,F,313,0,9141.287951392824,1,1,0,0,0,1,1,42.17084300177921,43930.53542134392
853,20,M,358,1,45.91655304436948,1,1,1,1,1,1,1,42.62279138082208,21526.990905496958
548,47,M,812,6,110237.32218647539,4,1,1,0,1,0,4,172.70481833047054,141238.01153419702
903,21,M,369,1,5251.2933001031015,2,1,1,0,1,0,1,33.38343938826587,41795.495583205564
549,50,F,842,6,130139.80859697417,4,0,0,1,1,0,4,164.16484240710153,128597.97606138239
907,21,M,316,1,3334.1923843028276,1,1,1,1,0,1,1,22.417600644551705,40895.161254660365
529,52,M,836,5,147832.91630200148,4,0,0,1,1,0,4,141.74721055301777,136928.88416959214
991,23,F,358,1,7730.400221230487,2,1,1,1,1,1,1,20.539823031846822,41847.37275603279
12,67,M,782,9,197288.60416799365,6,1,0,1,1,1,4,432.16999007440876,140028.01844500127
340,49,M,849,6,124235.85195792273,4,0,0,0,1,0,4,184.03637382269497,144359.38420243058
7,62,F,826,9,198324.58612815596,6,1,1,1,0,0,4,473.6804526096315,145110.82740249197
523,54,M,824,5,114374.74529287184,4,1,1,0,0,0,4,194.65195654625057,109268.30340009913
875,24,M,341,1,3814.679808288146,1,1,1,1,0,0,1,45.34520262032784,23155.825740799504
949,19,F,342,0,6562.068250965976,1,1,1,0,1,1,1,46.163244793621246,25451.636257554397
832,21,F,366,0,1153.6320276016131,1,1,1,0,1,1,1,31.03699424200143,28673.03405013957
32,63,M,785,9,196634.2368203938,6,0,1,1,0,1,4,422.09764997413106,148701.32647115085
642,48,M,807,5,127412.9638454241,4,0,1,0,1,0,4,122.22218884259571,132955.8091554167
710,20,M,358,0,2677.3599675046657,1,1,1,0,0,0,1,28.98858310993524,44974.62429241822
115,69,M,766,9,195294.01581071396,6,1,1,1,1,0,4,459.06396890244156,142034.57479237457
324,62,F,798,9,196636.07537986583,6,1,0,1,0,0,4,405.2329856759572,146650.7476382095
869,24,M,336,1,4939.568440470949,2,0,1,1,0,0,1,30.736101716755346,23175.84443244686
861,22,M,317,1,1179.3106883600212,2,0,1,0,0,1,1,49.41432144380912,20383.0131277246
203,65,F,804,9,192721.66862337428,6,1,0,1,1,1,4,421.41063757748424,148847.45610022417
581,42,F,818,5,136436.41511227938,4,0,1,0,1,0,4,114.46318775792676,145700.31607626757
763,23,M,367,0,4680.599177738264,1,0,1,0,0,0,1,28.59666674140838,38514.53724226458
391,53,F,802,5,100236.63512047804,4,0,0,1,1,0,4,180.83605780979866,135531.64661125938
415,42,F,846,5,112319.88413873926,4,1,0,1,1,0,4,155.36079171027498,131340.8932891514
437,48,F,814,6,130996.46297353631,4,0,1,1,1,1,4,112.63676118729971,137900.92984811697
101,66,F,838,9,196680.7603877081,6,1,0,1,0,1,4,409.62125978952736,143072.00012147124
47,65,F,847,9,191725.21448334918,6,1,1,1,0,0,4,400.4853487165762,141222.64838976433
129,68,F,817,9,197010.06185589952,6,1,0,1,1,0,4,416.3380471109239,149856.2846667567
63,63,F,806,9,191092.56618931427,6,1,0,1,1,0,4,472.24667540233537,142300.36286708704
737,22,M,383,1,6494.935008729066,2,1,0,1,1,1,1,27.067722487115986,48055.111786083275
597,41,F,822,6,143655.94789249,4,1,1,1,1,0,4,105.03134973433997,111175.54275161258
201,65,F,784,9,199123.47470353637,6,1,1,1,0,1,4,437.40189779477987,148302.05887141556
467,52,M,830,5,136898.29736780346,4,1,0,0,1,1,4,188.43521363492752,103205.45840024886
216,63,F,761,9,198897.96190405614,6,0,1,1,1,1,4,435.5238591881038,143147.2866691813
551,53,M,802,5,125099.3214658762,4,1,0,1,0,1,4,157.26034803581223,135440.6718819024
528,46,F,810,6,141133.8172603668,4,0,1,1,1,0,4,120.72106635389903,148300.75484123244
258,69,F,794,9,194189.8020438298,6,1,0,1,0,1,4,441.6501212355246,146693.7702259468
633,45,F,811,6,127535.92386256332,4,1,0,0,1,1,4,118.08713658755188,118228.73480594123
456,42,F,841,5,121615.31523087513,4,0,0,0,1,0,4,158.18690939673778,122283.7581638125
9,66,M,813,9,194156.25961551585,6,1,1,1,1,1,4,446.01851262612996,146552.58749588643
492,44,M,820,5,102152.82112539094,4,0,1,1,1,0,4,119.84738000083672,110196.3313179219
634,46,M,814,5,121677.710840232,4,0,1,0,1,0,4,186.91661748418963,123310.12599690638
997,20,F,374,0,6011.46058096568,2,1,0,0,1,0,1,45.768700273185516,36852.18072817158
224,62,M,761,9,191746.86768426612,6,1,0,1,0,0,4,478.970896372621,147731.98750660784
837,24,M,349,0,1053.7851372888297,1,0,1,0,1,0,1,23.489338769496623,25823.955263252057
689,23,M,350,0,7921.356449912293,2,1,1,1,0,1,1,39.05094419973625,25899.674358260767
786,21,F,351,0,2462.070469715929,2,0,1,0,1,1,1,26.89487597004849,38152.71225896057
957,18,M,318,1,3780.5357504157046,1,1,1,0,1,0,1,46.522870899921635,25000.159555127357
241,60,F,786,9,190868.66197284072,6,1,1,1,0,0,4,428.2838043731789,143705.10183040486
674,23,M,301,0,4737.567447229139,2,1,1,0,0,1,1,22.703289229847755,27350.281963032023
954,20,F,308,1,7771.622390022804,2,0,1,0,0,0,1,35.840825488187086,27981.245439659957
62,60,F,763,9,192199.73904628007,6,0,1,1,1,1,4,456.48862884610537,146062.99676317984
306,68,F,832,9,194944.10705484377,6,1,1,1,0,1,4,427.39296194413095,141522.331739307
588,50,M,800,6,117654.51677257505,4,0,1,1,1,1,4,123.20616690898268,126193.07117616938
360,47,M,849,5,116499.4225140724,4,1,1,1,1,0,4,100.74965653133202,111992.6295884071
545,41,M,835,6,112446.82952191794,4,1,0,1,1,0,4,114.15440159904215,107265.06575737245
429,41,M,848,5,135451.85082392578,4,0,0,0,1,0,4,101.70345907734244,129828.68991644662
999,19,M,349,0,6079.549195419582,2,1,1,1,0,1,1,27.532408693551428,22842.677208937883
512,50,F,825,6,113568.97807436949,4,0,1,1,1,0,4,149.2625804110448,130435.68090404451
8,61,F,849,9,190356.68794223818,6,1,0,0,0,0,4,463.06199414676496,147691.42577704633
202,61,F,758,9,191205.0034730187,6,1,1,1,1,0,4,430.0494914546627,145016.75396340358
852,19,M,385,1,83.39599560001187,1,0,1,0,0,0,1,39.14799060465381,20471.291227555797
598,50,F,837,5,103886.1644950845,4,0,0,0,1,0,4,182.40856897706308,106723.37009577011
771,23,M,365,1,9609.97250530133,1,0,1,1,1,1,1,31.63538149240801,36652.333811414814
669,21,F,344,0,4295.699086053231,1,1,1,1,1,1,1,30.738046465321595,37494.50662974322
836,23,F,349,0,4485.855907634766,2,0,1,1,0,1,1,26.24354470609387,47108.47781277654
376,45,F,803,6,103999.56259951582,4,1,1,1,1,1,4,129.0310795291599,116239.52142193132
65,66,M,752,9,195143.38854572116,6,0,1,1,0,0,4,432.30998294827447,145056.58068018733
589,51,F,835,5,110730.50794267937,4,1,1,1,1,1,4,126.95611388539656,146594.87823230794
58,61,M,825,9,199998.6261574161,6,1,1,1,0,0,4,445.80949026359013,143429.43454701963
148,61,F,848,9,199112.81786564674,6,1,1,1,0,0,4,493.868206239076,142485.78183910716
756,20,M,302,1,7226.874711481961,1,1,1,0,0,0,1,45.58110198638362,25865.00945820977
971,21,F,322,1,5781.909667109936,2,1,1,1,1,1,1,23.510243819071945,20140.382012532136
628,53,M,848,5,115570.0746067482,4,1,1,1,1,1,4,184.18864948571135,132563.73535464396
794,19,M,305,0,1628.5176553462177,2,1,1,1,1,0,1,34.34485294133489,31912.687644320293
988,22,F,399,1,8713.389903489428,2,1,1,1,0,1,1,25.689033645820494,21351.334014150965
425,47,F,822,5,136394.29436924992,4,1,1,1,1,0,4,129.845784841523,138105.98746669496
736,20,M,347,0,1130.994397162638,1,1,1,0,0,0,1,31.992346784699482,36891.03438699282
965,23,M,390,1,9051.220511235852,2,0,0,0,0,0,1,49.67957257338604,23198.00093108903
676,22,F,327,0,2434.805899193151,2,0,1,0,0,1,1,49.38656956703146,40491.118491248875
828,21,F,323,0,9433.51428724337,2,0,1,1,0,0,1,40.126672592633696,43478.06556541222
21,67,M,821,9,194446.81173851553,6,1,0,1,0,0,4,495.05033425712105,141684.88885336852
775,18,F,361,0,3626.924748726824,2,1,1,0,0,0,1,40.388493697907684,47504.48187966892
925,21,F,372,0,3386.6949646900825,2,0,1,0,1,1,1,41.40460541065413,33232.98978314308
509,47,F,846,6,132427.70534355784,4,1,1,1,1,0,4,198.29120580324266,143890.80454807106
290,69,M,818,9,192838.57252985355,6,1,0,1,1,1,4,410.57744298552,142757.25847068915
693,21,F,353,0,779.6030436030943,1,1,1,0,0,0,1,36.89640464880275,22073.158009778774
602,44,F,841,5,110018.94261590134,4,0,0,1,1,1,4,117.94450623868052,106203.34252531957
889,22,F,365,0,6304.987617587364,2,0,1,1,1,0,1,41.92010765419838,29439.28586874958
207,61,F,801,9,198217.76217708603,6,1,0,1,1,1,4,423.3300063624275,142754.89590260407
368,40,F,837,5,134709.69754080736,4,0,1,0,1,0,4,141.7644379804045,131578.63494968665
629,40,M,803,5,102722.55881837664,4,1,1,0,1,1,4,190.07634519986308,107163.0857866918
539,52,M,825,6,127071.18206946508,4,0,1,1,1,0,4,174.68164467049365,111911.38862848782
140,62,F,821,9,191288.03533993955,6,1,1,1,0,1,4,409.54664151576003,142102.17476038655
135,69,F,812,9,199015.92312996503,6,1,0,1,0,1,4,436.9062175408382,142582.52273249568
214,62,F,809,9,192297.91876699828,6,1,0,1,1,1,4,481.12953906870337,144619.063938695
23,68,M,838,9,199441.31982046453,6,1,0,1,0,0,4,447.9677216301773,147667.95420208207
843,23,M,379,1,9207.477868914306,2,1,1,1,1,1,1,31.0602621434623,23296.087136925293
490,43,F,808,6,105727.56516994644,4,1,0,0,1,1,4,115.75755329359141,101331.30797284604
502,50,F,803,5,124792.61287303493,4,1,0,0,1,1,4,155.6299481259915,143214.37319250364
673,19,F,341,0,5367.141666529676,2,1,1,0,0,0,1,41.82974013410451,46197.0894988157
812,24,M,347,0,4314.333952368833,2,1,1,1,1,1,1,39.147516629589965,33276.9648967143
653,42,F,835,6,115346.92341909165,4,1,0,1,1,1,4,102.90218180173049,147100.21161437052
503,40,F,817,5,125294.32209051508,4,0,0,0,1,1,4,131.13617935767732,135646.54780247767
740,21,M,300,1,6197.203716743081,2,1,1,1,1,0,1,47.76349575861216,30841.189130103718
533,44,F,836,5,123531.49195951915,4,1,0,0,1,0,4,144.38587223253768,123658.75524195755
450,51,M,831,5,149229.28321690386,4,1,1,1,1,0,4,141.33959887129362,144134.03829077087
22,67,M,797,9,192483.86972509662,6,1,1,0,0,0,4,468.62446912492527,146460.57571718027
569,44,M,824,6,120894.28115669954,4,1,0,1,1,1,4,119.78670577188883,144486.3566149168
846,21,F,363,0,5605.941040707474,1,1,1,1,1,0,1,35.0665498744918,34931.07844689246
896,22,F,357,0,5047.149342207704,2,0,1,1,0,1,1,30.83606259725717,20232.44017290499
447,52,F,808,5,141720.70178157554,4,1,0,0,1,0,4,190.04682345180518,101053.2259675674
527,47,M,829,6,117069.0899969385,4,1,1,0,1,0,4,192.2846127340637,109711.90145915865
725,20,F,315,0,2229.303799848823,2,1,1,0,0,1,1,25.88332078368293,44084.00393553218
821,18,M,314,1,2821.7542546816376,1,1,1,0,0,0,1,40.608412928228496,33499.3070001561
612,42,F,812,6,125133.97971915791,4,0,0,1,1,0,4,122.14737223288951,149253.00064741718
921,24,F,342,0,3353.139480257884,2,1,1,0,1,0,1,36.522910196960936,21152.071616015364
180,63,M,770,9,193344.19387504793,6,1,0,0,1,0,4,497.0401359731156,142751.77418831334
192,61,M,764,9,191356.05144831858,6,1,0,1,0,0,4,486.6437175937318,142812.91931052387
311,66,F,839,9,191044.98868441794,6,1,1,1,0,0,4,401.04992409475193,140153.15115006024
49,68,M,828,9,190095.952153859,6,1,1,1,1,0,4,456.3572098929587,142766.64400914568
825,21,M,362,0,9528.105546059023,2,0,1,0,0,1,1,30.605286550309188,41517.35462317108
461,46,M,811,5,142466.89907411725,4,1,1,0,1,0,4,181.85844675000084,112022.17746546643
254,66,M,827,9,194121.712499376,6,1,0,1,1,1,4,418.33360412822145,146893.7743502297
111,60,F,750,9,190569.91553769467,6,1,0,0,1,0,4,471.63633367212776,144892.84854431546
364,44,F,832,5,100397.9671440961,4,1,0,0,1,0,4,195.05344552139624,118442.41045747066
824,20,F,326,1,9606.071085009342,2,0,1,0,0,0,1,45.42615471808157,23914.504512494717
155,65,M,753,9,197601.47469237723,6,1,1,1,0,0,4,472.6564321439131,144464.37305344324
732,19,F,340,0,772.2574970146112,1,1,1,1,1,1,1,36.97541973871392,43056.74520260581
650,48,M,822,6,145655.50246711212,4,1,1,0,1,0,4,193.7994096632933,109072.54637349595
26,67,F,777,9,197608.88996347843,6,1,0,0,1,0,4,462.1448076098514,142919.66251108478
550,52,F,838,5,114592.35114821943,4,0,1,0,1,1,4,115.79788737152163,134333.3278126366
478,45,F,815,6,126086.17289984631,4,0,0,0,0,0,4,189.8774475326463,101676.11433990292
164,65,F,787,9,192950.02944042315,6,1,0,1,0,1,4,418.9804140272639,147199.44367632523
387,52,F,843,5,141164.91457568033,4,0,1,0,1,1,4,133.36141938027117,121236.58546285104
721,21,M,367,0,2583.000917394811,2,1,0,0,0,1,1,42.19625852380489,43860.49365517334
814,22,M,358,1,2383.608285386054,2,0,1,0,0,1,1,38.43526527383957,43553.54991453104
952,23,F,366,1,4496.926694788467,2,1,1,1,1,1,1,40.643395626141874,41304.409974114344
647,54,F,813,5,133230.23150867756,4,1,1,0,1,0,4,151.4213882789824,149147.41936302022
351,41,M,814,6,144044.70216031687,4,0,0,0,1,0,4,108.72892808948575,123684.35235878907
385,41,M,833,6,138346.12144317105,4,1,0,1,1,1,4,107.41741552182708,138774.56701418365
767,19,F,382,0,206.92051361115625,2,0,1,1,1,0,1,21.994742907949544,46340.99834888782
158,60,F,797,9,190729.24627215497,6,0,0,1,1,1,4,424.9600934159764,147670.2435034212
67,61,M,846,9,198876.82927907215,6,1,1,1,1,0,4,444.49706718146734,149128.16753619176
454,47,F,827,6,108389.81138948842,4,1,1,0,1,0,4,179.67387397310745,144927.8554287341
179,68,F,806,9,196736.77628873137,6,1,0,1,0,1,4,487.10018718038276,142148.1442526083
446,46,M,811,6,148345.4467554918,4,0,0,0,1,0,4,183.63279198540604,105316.83861184977
377,46,F,829,6,136542.108991019,4,1,0,1,0,1,4,152.73970972642834,108214.36841061173
292,64,M,817,9,196836.07683348286,6,1,0,1,0,0,4,423.4694898880134,149237.3280963708
987,23,F,310,1,1198.4882363216398,2,0,1,0,0,0,1,26.030407250654363,44558.886538144885
945,24,F,318,0,7616.969689560656,2,1,1,0,1,0,1,47.34889676658568,35125.28493663926
484,42,M,839,6,125973.54199180947,4,0,1,1,0,1,4,188.38127507808397,137076.17779374745
601,49,F,801,6,141375.75679047516,4,1,1,0,1,1,4,124.47028614077755,105450.27797934982
178,60,M,798,9,198177.79075800302,6,1,0,0,1,0,4,493.0766631202155,146288.30482690476
802,23,M,341,1,2749.6785022156146,2,1,1,0,0,0,1,48.99178072980924,36323.56769770616
910,21,F,370,1,7541.457232698826,1,1,1,0,0,1,1,41.58757499008921,23751.58299345934
989,24,M,331,1,7114.397004043452,1,1,1,0,0,1,1,20.629048673769546,34861.834855181325
433,44,F,809,5,107225.2496587254,4,0,1,1,1,0,4,112.14726595330329,101612.6581785536
194,61,F,841,9,191213.60634064575,6,1,1,0,1,1,4,482.8093495531067,140036.3305092898
448,53,M,840,5,145670.15045251962,4,0,0,1,1,0,4,151.84218471454005,131641.2143533329
623,47,M,802,6,116828.36637431901,4,1,1,1,1,0,4,184.37483663445644,104361.19581923782
466,49,M,810,5,118849.41802338568,4,1,0,0,1,0,4,172.96758539199553,117823.04231658002
336,48,F,849,5,108776.62916792695,4,0,1,1,1,1,4,102.44850105559455,146508.53382106955
296,68,M,796,9,196744.05264347154,6,0,0,1,1,1,4,411.9549045471904,144861.64869795996
357,45,M,823,6,104454.13065419767,4,1,0,0,1,1,4,176.73861670442062,104242.02079840786
558,47,F,837,5,148585.3141289659,4,1,0,1,1,1,4,123.19615180509172,119267.66585955025
103,63,F,793,9,198899.9555648599,6,1,0,0,0,1,4,458.13495024419234,142857.31022566915
874,20,M,346,1,7138.907959984311,1,1,1,1,0,1,1,39.33305133918456,21167.23721689692
386,45,F,845,5,117115.10764051686,4,1,1,0,1,1,4,149.1137001394189,134230.5385668649
811,24,M,333,1,2040.3213535015097,1,0,1,1,0,0,1,28.459183263153392,34390.028915568735
218,68,M,760,9,199180.23823490916,6,1,1,1,0,0,4,449.31437950041675,144294.4046105555
90,66,F,803,9,199315.49557666134,6,1,1,1,1,0,4,471.33135940950166,146025.7111813085
409,53,F,812,6,141113.6442524174,4,0,1,1,1,0,4,182.64268993600794,109786.35530104015
331,66,F,810,9,194810.00395008744,6,1,1,1,1,1,4,496.80723021534766,140381.63150609087
98,60,M,796,9,191387.36320541272,6,1,1,1,0,1,4,404.43470639626423,142846.73933213358
276,60,M,793,9,199933.74681606385,6,1,0,1,1,0,4,440.7718141264966,146065.9159922934
400,46,M,823,5,149665.18382320326,4,1,1,0,1,1,4,177.03546267073878,104081.7196631798
332,60,M,772,9,193753.2933876742,6,1,0,1,1,1,4,425.91287255598576,147585.81495106107
176,69,F,825,9,194902.3706449902,6,1,0,1,0,0,4,493.26411373531516,140002.25071471947
993,20,F,385,1,8394.394592390294,2,0,1,0,1,1,1,32.168746739945966,48021.59630501232
181,67,M,813,9,197756.00078021028,6,1,0,1,0,1,4,402.74943383478893,140127.01857746587
979,21,M,351,1,6310.136106625985,2,1,1,0,1,1,1,31.04965290010149,35558.84483957694
564,48,F,843,5,147196.6722980821,4,1,0,1,1,1,4,195.3589823135182,128410.9040417789
800,24,F,369,0,3108.6320928920277,2,1,1,0,0,0,1,34.61483034104046,33454.1227249707
743,21,F,374,0,6052.2703528437905,2,0,1,0,1,1,1,49.664233608525514,22830.328318793992
571,52,M,805,5,136794.89635458658,4,0,1,0,1,0,4,168.92651604315142,127964.55996578633
427,40,F,806,5,148570.07399364215,4,0,1,1,1,1,4,196.96558461099704,149757.046146153
675,21,M,391,0,1977.0311678736107,1,0,1,1,1,0,1,41.293340658894586,34545.7275233413
53,62,F,846,9,198369.1121856837,6,1,1,1,1,0,4,487.9720735530929,146774.6786634083
848,22,F,369,1,3409.073952503614,2,1,1,1,0,0,1,38.24309067055386,46518.47627349612
992,24,F,334,1,8278.10430719708,2,1,0,1,1,1,1,23.789895144783422,30701.32994492264
149,69,M,774,9,192293.67076138538,6,1,0,1,0,0,4,484.59501434881463,142135.8454048957
984,20,F,335,1,7274.6743822639155,1,0,1,0,0,1,1,29.877116329373326,31999.310835962897
857,20,M,358,0,8468.909608684784,1,1,1,0,0,1,1,31.55306629837509,23095.47530871402
553,51,F,816,6,140450.70839519272,4,0,0,1,1,0,4,134.41512929497833,127958.78895571629
417,47,M,802,5,123433.35188248512,4,0,0,1,1,1,4,109.32575440705314,145679.50247097938
96,68,F,757,9,196076.2865450332,6,1,0,1,1,0,4,405.51565808969883,141427.8632217932
981,21,M,311,0,2749.413118830211,2,0,1,1,1,1,1,36.17242903158381,21320.203375364945
792,23,M,383,1,8923.068473028,1,1,1,1,1,0,1,35.3590982675889,38301.149618716845
898,23,F,387,0,8357.04869939895,1,0,1,1,1,1,1,28.315487623484334,22560.827549759233
677,18,M,357,1,1911.4825200162743,1,0,1,0,1,1,1,36.7407082614392,25948.01326021022
343,46,M,833,5,127089.48291238406,4,0,1,1,1,0,4,165.76467988612916,128194.77594926917
300,66,M,762,9,197269.2412379459,6,1,0,1,1,1,4,401.9310747809557,144429.3378824558
908,20,F,363,1,7742.076548334523,1,1,1,1,1,0,1,29.93633109916438,33739.01394086256
930,22,M,343,0,7311.238344193074,2,1,1,0,0,1,1,33.97936133366872,33557.62806110187
871,24,F,373,0,6060.807147865126,2,1,1,0,1,1,1,45.52452993468407,24253.502571633875
500,40,M,808,6,140053.14223361458,4,1,1,1,1,0,4,193.09038204329298,147337.78433144474
619,41,F,820,5,127599.07482819913,4,0,0,0,0,1,4,180.90043911042036,101565.05837710899
555,43,M,823,5,127811.0991435134,4,0,1,0,1,0,4,143.36970988083425,109889.60141432355
880,24,F,373,0,3371.0470785450107,2,0,1,0,1,1,1,35.3479761703907,25741.40430559922
432,45,M,843,6,131294.85883925928,4,0,0,1,1,1,4,176.42697420245017,139866.19971460055
616,51,F,843,6,148476.15095597535,4,0,1,1,1,0,4,146.52635922124685,130102.94503774852
636,52,M,801,5,114571.30776841092,4,1,0,0,1,1,4,154.7356981058209,127495.71636761953
754,24,F,314,0,600.0219336880341,2,1,0,1,1,1,1,45.38374230833967,40919.554700885536
683,24,M,361,1,2506.8020236504663,2,0,0,0,0,1,1,23.524831903727456,28355.54939279252
643,44,F,839,5,116650.3288510553,4,0,1,0,1,0,4,170.8706378741951,121838.79128480749
488,52,F,806,5,117243.01548950517,4,1,0,0,1,0,4,175.48649471273333,122559.60806601311
330,64,M,757,9,196144.60924516976,6,1,0,0,0,0,4,450.2796938554939,148121.1762157418
716,22,F,398,1,3600.662740158096,1,0,0,0,1,0,1,49.96476441083072,21243.87069472182
86,65,F,804,9,198063.10043693025,6,1,0,0,0,1,4,474.772841220263,144123.299506616
121,60,M,810,9,191502.9837909406,6,1,0,1,1,0,4,428.2835269662963,141937.89710750064
71,65,F,829,9,199878.48742648962,6,1,1,1,1,1,4,424.4379439127637,144888.66773376777
901,20,M,389,0,8797.189956601422,1,0,1,1,1,1,1,33.22998477840707,23414.164174480175
349,54,M,818,5,128560.70809123486,4,0,1,0,1,1,4,123.76023858805927,149385.80985325755
366,52,M,829,5,127669.98523952899,4,1,0,0,1,1,4,102.97964385417696,145313.42230640518
435,41,F,827,6,149744.07069353943,4,0,0,1,1,0,4,161.55104513414676,122409.34730824917
951,22,M,397,1,6602.4052421945635,1,1,1,0,1,1,1,46.08088760404736,41157.962876335085
325,69,F,842,9,193799.80057191284,6,1,1,0,0,0,4,460.77939652439306,140999.31502871212
970,18,F,333,1,506.86303245526256,2,1,1,1,1,0,1,31.752654864762615,30175.740820871953
464,53,M,811,5,147590.27936973405,4,0,1,0,1,1,4,170.6868288133863,120033.57551380976
798,24,F,317,0,52.40158708245124,1,0,1,0,1,0,1,30.6374294199891,20199.243853473447
886,19,M,310,1,3098.5850710366935,1,1,1,0,0,0,1,23.77412840758167,48850.37542200557
491,54,F,842,5,133730.54267774022,4,0,0,1,0,0,4,152.85353114218927,118829.52659590705
404,54,M,829,5,144421.61660251074,4,1,0,1,1,1,4,169.5511153746506,134766.4594575642
284,61,M,829,9,195058.94593169866,6,1,0,1,0,0,4,442.454766510324,148280.5972750368
10,61,M,845,9,191595.40994645417,6,1,1,1,1,1,4,469.45070359738736,149300.77569609723
75,68,M,816,9,196386.78381716166,6,1,0,1,1,1,4,468.7462165990229,147354.99449261656
85,62,F,771,9,195282.1163676314,6,1,1,1,0,1,4,445.38980203698577,140732.20063447944
41,65,F,833,9,196902.93166826823,6,1,1,1,1,1,4,440.7344878723294,140703.53819972154
682,23,F,374,1,9607.319147055983,1,0,1,0,0,0,1,30.82326274427534,23197.83784272224
374,52,F,805,5,141174.51990574214,4,0,0,1,0,0,4,192.07221227106686,104643.92335993727
443,54,F,811,6,138227.62222654736,4,1,1,0,1,1,4,167.66050668648137,140225.2438209235
477,54,M,837,6,145564.39530710012,4,0,0,1,1,0,4,199.64832257467836,143153.19351246321
25,61,M,829,9,193523.62140088293,6,1,0,1,1,0,4,440.43706940206005,147555.4438081613
356,54,F,828,6,123740.00378150828,4,1,1,1,1,0,4,110.28770610366038,132798.4555802872
14,60,M,844,9,191732.48688742076,6,1,0,1,1,1,4,418.4547600222579,147267.76677168845
19,66,F,826,9,191797.3246333389,6,1,0,1,0,1,4,455.5503560782304,145784.65133062055
917,21,M,314,0,1975.897657642064,1,0,1,0,0,1,1,25.335230400817256,49002.91560784358
29,63,M,782,9,194349.70920069976,6,1,1,1,0,1,4,418.4935066947541,141277.39648634402
373,50,F,831,6,128956.50559777443,4,1,0,0,1,1,4,115.22642030651014,134644.87638151468
499,45,M,824,6,125988.42341968925,4,1,1,1,1,0,4,134.98187008184203,133762.13213725568
960,19,F,326,0,4374.283687436755,1,1,1,0,1,0,1,49.60535497966633,39288.2852299655
256,64,M,848,9,198987.69316605284,6,1,1,1,0,0,4,497.80938629217667,144650.20200620883
172,62,M,820,9,197785.82739751146,6,1,1,1,0,1,4,476.60882309843817,141690.29922295222
3,61,F,772,9,198535.86654886208,6,1,0,1,1,0,4,420.7567992236128,148469.77544260726
969,22,F,393,0,9665.471292774588,2,1,1,1,1,1,1,35.0135635607217,49501.126456864455
888,23,F,335,1,2661.8675361159285,1,1,1,1,0,0,1,42.752548491515434,22064.46294392595
966,22,M,383,0,9384.045777695168,2,1,1,0,0,0,1,41.880191228479276,34672.22976879364
396,41,M,821,5,144720.86834390508,4,0,0,1,1,1,4,167.67536643600508,146113.62293047487
104,62,M,790,9,192199.37043452435,6,1,1,1,0,0,4,422.89644205318126,146450.8235932208
234,63,M,825,9,192466.02151348646,6,1,1,1,0,1,4,432.67491638946404,147989.66268711322
603,52,M,811,6,107715.83756904902,4,1,0,0,1,1,4,177.46021869505728,147277.40405500375
688,21,M,394,0,261.6347660720142,1,0,1,0,0,0,1,37.207624188336695,45186.86496069717
785,19,F,342,1,6947.948608762114,1,0,1,0,0,1,1,42.41006152565753,43473.61839172179
858,21,F,348,0,1324.401690711493,1,1,1,0,1,0,1,44.00837352166284,26687.428421527868
113,64,M,792,9,194594.70855383686,6,1,0,1,1,1,4,423.3953632296777,146120.04015818183
671,23,F,343,1,81.69876777514796,1,1,1,0,0,0,1,28.685879058138177,29820.529277200214
304,66,M,790,9,195323.9509925007,6,0,0,0,1,0,4,474.26303036093464,141038.80274760173
94,60,F,844,9,191834.20260087692,6,1,0,1,0,1,4,445.5120540105571,144219.3376466766
576,53,M,803,6,135591.37312518692,4,1,1,1,1,0,4,113.59633721555963,114959.32737146846
195,60,M,821,9,194110.22647599672,6,1,1,1,1,0,4,425.919524268412,144587.01624533988
479,43,F,844,5,108776.55339789545,4,0,0,1,1,0,4,163.3762855761473,127842.06901972904
768,21,F,353,1,1188.9846246151003,2,0,1,0,1,1,1,44.501300771427864,44569.18382337096
230,67,F,807,9,194429.11993859647,6,1,1,1,0,0,4,405.6788465232419,143780.5320478975
532,52,F,834,6,143426.05911720297,4,1,1,0,1,0,4,123.91650321081814,119252.16997653944
153,66,M,767,9,198766.50430637426,6,1,1,1,0,0,4,463.0569466367075,142418.0541118386
380,49,F,842,6,128926.4364239848,4,1,1,0,1,1,4,112.167758998897,116391.94330480263
430,53,F,825,6,125809.25055739307,4,0,1,1,1,0,4,123.81557806557493,107698.73214568367
487,51,F,823,5,149081.99724069494,4,0,0,1,1,1,4,130.227461083743,119312.5674520762
784,24,M,315,0,9740.698804965295,2,1,1,0,0,0,1,29.631900081013733,46168.63582615327
342,40,M,823,5,146976.83288063982,4,0,1,1,0,0,4,112.96379689158277,132582.19258149873
637,43,F,812,6,109098.3104772615,4,1,1,1,0,1,4,111.36229828583163,138441.54960891433
544,50,F,838,6,101120.6974453719,4,0,0,0,1,1,4,102.31449948321415,135676.09351651368
729,19,F,328,1,7424.643262234729,1,1,1,0,1,1,1,43.69260574950886,33060.22540583347
530,54,M,810,5,106472.30115293514,4,1,0,1,1,1,4,156.37652263409564,149053.68409345852
924,18,F,312,1,6931.978739010481,2,0,1,0,0,0,1,34.339724504590365,25824.62453063014
365,40,M,834,5,132900.2977617691,4,1,0,0,1,0,4,177.35996748593774,148249.40707632832
895,23,M,379,0,2487.1765330432218,2,1,1,1,0,1,1,29.332288985278748,29401.1394858868
444,50,M,843,6,116755.7313331467,4,1,1,1,1,1,4,117.44535204526262,132027.89028386681
350,54,F,822,5,131222.46457944877,4,1,1,1,1,0,4,196.99570472359295,118231.7957711904
428,51,F,838,5,121145.99498342331,4,0,1,1,1,1,4,184.51660212770497,124354.86376561796
990,21,M,351,0,8345.85846258859,2,0,0,1,0,1,1,35.50014139131041,41221.425022267875
986,21,M,390,1,5417.652334348858,2,0,1,1,0,1,1,22.029106480979447,45176.157243164846
318,66,F,839,9,192002.35196827952,6,0,1,1,0,0,4,417.9965640733251,148984.1966326717
471,45,F,849,5,103052.17537928361,4,0,1,1,1,1,4,152.0860330633585,137094.89122895923
206,68,F,809,9,198306.97311670182,6,1,0,1,1,0,4,473.61997351479465,146895.17344371777
20,67,M,811,9,190631.57774201277,6,1,1,1,0,1,4,416.9983338497472,146976.98403072267
307,68,F,777,9,191576.35265585835,6,1,0,1,1,0,4,454.36202853812915,141041.1930796678
730,21,F,377,1,7668.151209729005,2,1,1,1,0,0,1,23.375539889676183,21233.844943221247
138,66,F,750,9,196822.8686378239,6,1,0,1,1,0,4,494.0841656147495,149890.27615367746
750,23,M,304,1,6131.108030362127,1,1,1,0,1,0,1,33.45379894127147,42760.359141109846
862,23,F,319,1,3310.7112531248863,2,0,1,1,0,0,1,40.65292296262177,29059.46375642934
563,47,M,822,6,146704.8301442673,4,1,1,0,1,0,4,166.25611485705556,134721.09971623798
277,60,F,750,9,191682.04876220762,6,1,0,1,1,1,4,467.90632657572604,145004.7295661899
905,21,M,377,1,6145.3447858110185,2,0,1,0,1,0,1,38.479710329313704,36646.28565507697
170,61,F,844,9,198918.47423274996,6,1,0,1,1,0,4,417.9312994515918,149894.38568811474
422,48,M,803,6,129641.37349541321,4,1,0,1,1,1,4,102.73081990881164,136416.95189262237
161,61,F,826,9,197793.39755986456,6,1,1,1,0,0,4,492.93282818766664,142936.65368248825
554,41,F,828,5,118288.01911929896,4,1,0,1,1,0,4,172.29759168618807,132089.59416248795
964,20,F,385,1,7610.708352861896,1,0,1,1,0,0,1,48.71400365423884,33775.134678518065
235,62,F,760,9,191178.57489410826,6,1,0,1,1,1,4,484.3094981500972,145509.02958696178
872,22,M,323,0,7606.943028865101,1,0,1,0,0,1,1,35.21702604153139,29159.06203556998
994,20,M,362,1,1950.71932174673,1,1,1,1,0,0,1,35.09134368425624,45403.45756767055
818,21,M,372,0,2664.9232003621582,2,0,1,1,1,1,1,31.090026110886264,29803.585020769453
648,51,F,825,6,120724.16372171711,4,0,1,0,1,1,4,140.28351909394323,139682.81139045506
752,21,F,365,0,783.2398740980174,1,1,1,1,0,1,1,20.517807399895105,39583.8540782867
931,19,F,352,1,6869.142813994444,1,1,1,0,1,0,1,37.919264841656336,29524.54370904054
835,22,M,364,1,3721.5649913442785,1,0,0,1,0,1,1,21.56108969087478,48597.23682904155
472,50,F,829,5,110926.10157767648,4,0,1,1,1,0,4,110.35545306792378,134456.19915431825
462,53,F,843,6,137122.40986514793,4,0,0,0,1,0,4,127.218750704307,148106.3424888627
663,50,M,838,6,133903.84151299435,4,0,0,0,0,0,4,141.90410945875527,149929.91115750076
649,49,M,848,5,113803.32627754466,4,0,0,1,1,1,4,115.30790116850417,128053.74222552373
738,22,M,309,1,5240.523400263269,1,1,1,0,1,1,1,37.29946749599823,36123.217240275684
661,40,M,829,5,116938.6735440063,4,1,1,0,1,1,4,197.00016324278812,129023.8495490665
973,18,F,349,1,3507.8276714887847,1,1,1,1,0,1,1,29.208134285794838,25509.001286630355
972,22,F,322,0,2080.227784336197,1,1,1,0,1,1,1,26.053740299159045,45456.66903516291
585,43,M,802,6,105269.18014530985,4,1,0,1,1,0,4,143.56729305443992,134416.1787220595
253,61,M,806,9,190735.85504155495,6,1,0,1,1,0,4,458.20044646946064,145098.01385517468
39,65,F,834,9,199053.68177293226,6,0,0,1,0,0,4,424.4685978953676,140779.9614067401
51,62,F,753,9,199436.92034036838,6,1,0,1,1,0,4,423.55807253842386,142393.22217912937
439,50,M,818,5,121881.53726384939,4,0,1,0,1,1,4,151.51983956129544,128548.28629333047
352,48,F,847,5,111634.20830627873,4,0,0,1,1,0,4,191.1311567507198,136781.8584492703
320,60,F,809,9,196551.8530704049,6,1,1,1,1,1,4,429.70767196307855,146817.44725853504
584,45,F,813,6,109992.40810082434,4,1,1,1,1,0,4,146.799549876757,134799.0937415596
645,45,F,815,6,102826.51341299189,4,1,1,1,1,0,4,144.5407571082997,118918.91528663287
739,20,M,379,1,2180.944203238212,1,1,1,0,1,1,1,30.26997541469256,42379.94675356369
586,50,F,808,6,137402.73202789333,4,1,0,0,1,0,4,177.27957154914077,123232.75739482068
813,21,F,363,1,7320.03232759351,2,0,1,1,0,0,1,45.09616183779243,26853.23460547259
809,20,M,385,1,3296.8461711567775,1,1,1,0,1,0,1,25.350923769764595,35719.14282981497
248,64,M,825,9,195487.3159510208,6,1,1,0,1,1,4,461.75945518409196,142668.24821006303
272,67,F,812,9,196613.7694864473,6,0,0,1,1,1,4,400.0046976846705,140228.35937361605
573,54,F,846,5,143362.85004960437,4,1,1,0,1,1,4,159.37105850132656,106379.79529693411
279,67,F,753,9,191338.24085970395,6,1,1,1,0,1,4,476.5450908319539,142941.163094099
261,64,M,817,9,197996.28594667636,6,1,1,1,1,1,4,449.2548216347456,148491.4512236371
247,61,M,772,9,194671.4693562118,6,1,0,1,0,1,4,420.4109954484773,140260.71162380086
273,68,M,837,9,191318.02407085476,6,1,0,1,0,0,4,471.1982863515844,146924.18025046162
507,50,F,837,5,110923.82490863952,4,0,1,0,1,1,4,140.96255072146917,128942.78407161545
275,60,M,814,9,191438.41870038895,6,1,1,1,1,1,4,437.30825084975885,141033.39630079956
13,66,F,810,9,197013.7947928095,6,1,0,1,0,0,4,475.6232678314189,148171.3460226461
749,18,M,317,1,6959.974509788276,2,1,1,1,0,1,1,25.222569254308794,29496.68956010508
638,44,F,825,5,134519.00016424095,4,1,1,1,1,1,4,154.33603034840183,137571.75764565953
220,60,M,791,9,196828.917464429,6,1,1,1,0,0,4,417.7978511015868,141431.5170538815
283,62,F,795,9,198043.42893804042,6,1,1,1,1,1,4,446.291291609007,146847.04089395076
50,69,F,846,9,194071.44929030494,6,0,1,1,0,0,4,498.59110850241063,145304.54414828526
995,23,M,362,1,1958.1563045480343,1,1,1,0,0,0,1,44.07316060691868,36083.49000475774
458,47,F,844,6,100447.73080047723,4,1,0,0,0,0,4,116.66242127592662,134153.77300707603
959,21,M,324,0,7932.515580838242,1,1,1,1,0,1,1,25.506871232166098,25898.9614103041
946,19,M,342,1,6966.876044134796,1,0,1,0,0,0,1,45.122560212706325,33111.6778069889
668,19,M,354,0,5844.403490843622,2,1,1,1,1,0,1,21.757711407968397,36806.09262860213
395,43,F,825,6,111959.31535557822,4,0,0,0,1,0,4,162.29513795054325,108682.30356477841
641,41,F,819,5,115709.03025591304,4,0,0,0,1,0,4,122.50970945431672,148040.81777762008
900,20,M,329,0,1618.1951431277942,1,0,1,0,0,0,1,49.35504144523405,37551.85509691871
865,20,F,385,1,1310.697186592611,2,0,1,0,1,1,1,43.18411665407403,32572.514787349915
690,24,F,356,1,4887.587479624819,1,0,1,1,0,0,1,27.42869960373578,20142.556809674297
899,24,M,348,0,4281.022287231718,1,0,1,0,1,0,1,45.9727798380084,33383.436899691245
719,19,M,388,1,1412.4885268891242,2,1,1,1,1,1,1,37.59200154093799,35225.680437871604
909,20,M,352,0,8834.675195546559,1,0,1,1,1,0,1,26.25861559661438,45274.464309102776
52,62,F,846,9,191003.60109737428,6,1,0,1,0,1,4,424.5496532306003,142856.03993484157
495,49,M,828,5,113205.22756735707,4,1,0,1,1,1,4,120.48937969319907,131939.3820621232
596,43,M,804,6,122924.55502447809,4,1,0,0,1,1,4,165.94271626573294,146453.51073373863
496,44,F,821,5,121505.4707664461,4,1,0,1,1,0,4,134.69174322291155,107992.11663745096
89,69,M,765,9,193235.273468113,6,1,0,1,0,0,4,485.65753046763035,146933.06553645455
703,19,M,395,1,4237.574148280284,1,1,1,0,0,1,1,34.70215746378518,33784.04533736735
870,23,F,323,1,7604.560680792825,2,0,1,1,1,1,1,21.234249614575415,25163.277650564003
620,54,F,819,6,100726.90117709072,4,0,0,1,1,0,4,156.74410023414455,136150.9901701495
162,69,M,754,9,199009.31352806636,6,1,0,0,1,0,4,432.9942397116371,146364.43274255315
236,61,M,768,9,192497.94206480493,6,1,0,1,0,1,4,435.7568618138595,149906.4184791845
369,52,M,842,5,123924.74046008862,4,1,0,0,1,1,4,154.20512543334956,135683.76862457924
183,65,F,759,9,193580.02176305433,6,1,0,1,0,1,4,474.76929440793896,146007.3416238933
418,46,M,825,6,130531.62507714839,4,1,1,1,1,0,4,101.97656304724342,135200.4392529238
904,20,M,302,1,5956.231392161133,2,1,1,0,1,1,1,35.25307564562267,45737.353564437486
133,69,F,788,9,197395.01744199605,6,1,1,1,0,1,4,487.91028858556666,141779.34489259918
402,51,M,841,6,123431.47930268769,4,1,0,1,1,1,4,181.273891473904,128448.4656858933
231,66,M,752,9,195139.92315435916,6,1,0,0,0,0,4,454.17981910088037,140939.74078449665
17,61,M,836,9,191724.94894339997,6,1,0,1,0,0,4,489.8797433273055,149987.30986441602
799,22,F,322,1,416.87894572141505,2,1,1,0,1,1,1,27.389041763134138,39841.11572484694
670,21,F,310,1,9840.028630994711,2,0,1,0,0,1,1,46.27411453961516,45714.545915764604
933,24,M,351,1,255.67648126057162,2,1,1,1,1,0,1,41.84472241099901,48263.50407261923
708,22,M,344,1,6233.750771204422,1,1,1,1,0,0,1,31.083059887680154,42748.96703521092
212,62,M,793,9,192730.72557952965,6,0,0,1,1,1,4,456.9469133369803,141777.70971665985
114,61,M,839,9,194916.63129600356,6,1,1,1,0,1,4,402.18124052049944,144879.19049122586
543,40,F,832,6,128666.66449999841,4,0,0,1,1,0,4,104.49759565479185,114492.31105088886
238,65,F,806,9,193292.522479107,6,1,1,1,1,1,4,423.8017230976068,146645.1700437399
783,18,F,366,1,5426.496649506433,2,1,1,0,1,1,1,24.269782349021707,40313.95377031194
451,50,F,808,5,102871.694923008,4,0,0,0,1,1,4,149.4356362552551,128095.03287447289
823,19,M,323,0,785.811756479653,2,1,1,0,1,0,1,20.47243464018082,29723.431316752198
757,20,F,302,0,7116.783381090811,2,0,1,1,1,0,1,49.3995097980581,34245.42967025623
501,45,F,827,6,127081.63230547703,4,1,1,0,1,0,4,103.33505716421001,145548.9982402588
863,24,M,368,1,7134.020335115647,2,0,1,0,1,1,1,31.75418439595117,27370.604217602104
363,41,M,815,5,116895.00180498135,4,1,0,0,1,0,4,133.08275356668875,134478.93132338187
72,61,F,813,9,197646.99398116337,6,0,0,0,1,1,4,495.9352295307556,146351.22619398026
621,41,F,823,6,124473.64043967554,4,0,1,0,1,0,4,130.05802500699698,105555.34837775334
560,44,F,827,6,108322.60695860776,4,0,1,1,1,0,4,139.79216835521743,100241.04714194447
476,43,M,846,6,143019.21310323192,4,0,1,1,1,1,4,153.29324189552145,143373.31768185447
536,41,M,845,6,127730.25207568615,4,1,1,0,1,0,4,151.2348397653552,100487.44453169708
291,63,M,824,9,196664.0886474619,6,1,1,1,0,1,4,401.4821048234142,146281.17703074092
627,44,M,846,5,106790.64581432597,4,1,1,0,1,1,4,182.60716016943496,111118.93404116276
314,64,F,819,9,191392.66160430055,6,1,0,1,0,0,4,499.1884969397137,142835.12759832235
190,68,M,772,9,194961.56644589396,6,1,1,1,0,0,4,420.8729891603332,144929.92117561883
81,65,M,833,9,198616.9096113252,6,1,1,1,1,1,4,487.63563265796614,140415.6558274006
961,21,M,351,0,8363.268150761452,2,1,1,0,0,0,1,30.418674043221053,38357.37833075955
15,62,M,846,9,196833.01531535338,6,1,0,1,1,1,4,402.00579061062047,148441.7284696415
46,60,F,818,9,199710.22768810645,6,1,1,1,1,1,4,463.3137785547709,148205.16967876407
876,22,F,312,0,4726.201136028125,2,0,1,1,1,1,1,28.114435622749134,29210.903422916934
521,44,M,824,6,103994.72596755985,4,1,1,1,1,0,4,118.39712009234749,104502.09827684509
658,48,F,833,6,141588.40744687206,4,0,0,1,0,1,4,122.83304815750502,114001.09203395322
452,51,F,841,5,110074.39588567139,4,1,0,1,0,1,4,115.53097141384757,131849.0357071272
753,19,M,320,0,1948.3950046906407,1,1,1,1,1,0,1,35.75627347760076,32831.605312496016
99,62,M,786,9,194972.1691272562,6,1,0,1,0,1,4,426.79076345893895,143655.72293555705
816,20,M,344,0,2272.0013540309537,1,0,1,1,0,0,1,40.89305843459006,44235.56696000197
974,21,M,327,0,9446.009321585778,1,1,0,1,0,1,1,37.29696968625288,38808.32315881483
408,46,F,831,5,123075.20807813866,4,0,0,1,1,1,4,108.24034182430269,113162.44591635872
639,50,F,807,6,133901.01694648535,4,1,1,0,1,1,4,183.94771628532766,142721.53005736644
566,48,F,822,5,134317.08338381498,4,1,1,0,1,0,4,171.3056716899365,125820.38418309519
45,68,M,751,9,192916.83151061344,6,1,1,1,0,1,4,411.46246728360506,145694.65875597243
923,22,F,361,0,106.07186895511877,1,1,1,0,0,1,1,24.53891231862541,22896.329735583375
810,23,F,358,1,6386.908096115175,2,1,1,1,0,0,1,20.737494213150235,24660.09507289955
80,69,F,816,9,194420.06042284778,6,1,1,1,0,0,4,497.5824535984734,144788.27321198382
526,51,M,832,6,103430.4990759396,4,1,0,0,1,0,4,144.10926019888635,124373.70363724059
918,21,F,393,1,140.5213252965809,2,1,1,0,0,1,1,25.716088999846885,41044.885999526276
355,40,F,802,5,130439.96961510579,4,1,0,0,1,1,4,107.64268774410175,124311.74810725657
142,65,F,775,9,195107.60424416134,6,1,1,1,1,1,4,485.61249838438664,143120.51829995846
534,44,M,822,6,141888.45635423926,4,0,1,1,0,1,4,184.1490331010271,147561.34400488142
210,68,F,816,9,194685.4892107448,6,1,0,1,1,0,4,472.3204070804584,140547.3052620238
662,49,F,800,6,135704.27530173835,4,0,0,0,1,0,4,167.48409098434502,146706.46769534037
826,22,F,311,1,9554.673912335857,1,0,1,0,0,0,1,21.40954410031602,23184.825149396576
43,60,M,788,9,194498.93609045135,6,1,0,1,1,1,4,420.9434569681727,149906.02503984896
722,23,F,317,1,2626.495565728367,1,1,1,1,1,1,1,39.653731886833626,31337.967697921114
398,46,F,815,6,102796.84185069455,4,1,0,0,1,1,4,101.76786507091133,103780.42303809083
434,44,M,848,6,115281.17320687992,4,0,1,1,1,1,4,182.51764528317202,113102.06784196709
817,21,M,354,0,7068.638221058156,1,1,1,0,0,1,1,28.838639269470615,44820.4403666755
867,23,M,378,0,2222.5145696431914,1,1,1,1,1,0,1,38.52907033639129,29231.390496159554
948,23,F,365,1,4295.418751685356,1,1,0,0,0,0,1,35.12614373264255,20405.924985243048
679,21,M,332,0,215.92842462564988,1,1,1,1,0,0,1,43.143506657291574,32480.99606233358
873,24,F,335,0,305.83427797892136,2,0,1,1,0,1,1,31.260667847407486,41281.997736690566
831,20,M,361,0,527.3144159519182,1,1,1,0,0,0,1,27.698415569041025,21598.427627386845
795,24,M,393,0,3069.999520598693,1,0,1,1,1,0,1,39.256363642053515,23549.802148409595
1000,20,M,391,1,2742.8011517793725,1,1,1,0,1,0,1,22.139361857455228,26363.099700301416
902,19,F,343,1,5245.809755294553,1,0,1,0,0,1,1,35.1644813157497,48274.062392107255
166,61,M,848,9,192633.8466880339,6,0,0,1,1,0,4,490.90737853379846,147860.648601659
977,23,F,385,0,6859.298344909407,1,0,1,1,1,1,1,25.44134696352001,47793.09874678634
520,46,F,804,5,124421.63933349575,4,1,1,0,1,1,4,140.53444530901902,133188.4557774621
686,19,F,307,1,2189.6568039182553,2,0,1,1,1,1,1,41.42387913684518,30015.03832390916
244,60,M,755,9,194280.39048545551,6,1,1,1,1,1,4,416.0329082637998,146746.52312322723
640,53,M,805,6,121360.08851357338,4,0,1,0,1,0,4,106.37860472549141,126095.7713125758
249,61,F,751,9,197342.70540861378,6,1,1,1,1,0,4,433.4970676199064,140823.6407219174
782,18,F,338,0,2177.1105109784694,2,0,1,1,0,1,1,35.33749808276378,32852.84516288198
864,18,M,320,1,9586.889767254837,1,1,1,0,1,0,1,24.0107473681001,46490.05624512846
465,44,F,817,5,100581.70147807428,4,1,0,0,1,1,4,176.73919484185853,113215.5911998092
807,24,M,375,1,845.3578025019648,1,1,1,0,0,1,1,47.72763658968331,44007.825774259625
413,42,M,832,6,112540.97387160253,4,0,0,1,1,1,4,167.153717749609,142813.20673201565
266,63,M,833,9,198063.33949052083,6,1,1,1,1,1,4,441.69050129750576,142108.5809203671
407,47,F,832,5,120785.40582708595,4,0,0,1,1,0,4,157.81445978768107,115067.74224846718
819,22,M,361,1,7268.1650765637905,2,0,1,0,0,1,1,35.86748121204238,31738.627917181024
337,53,M,801,6,124382.4368791967,4,1,1,0,1,1,4,140.99577445492434,106701.95638886248
617,41,M,809,5,120256.5638903166,4,0,1,0,1,1,4,162.69446604780507,118109.83642369536
419,47,M,801,5,123979.8705552832,4,0,0,1,1,1,4,115.22148482613133,130095.56998453083
715,18,M,334,1,4997.6760217447345,2,1,1,0,1,0,1,23.774009106453,31377.988367245118
557,49,F,840,6,107014.89628135569,4,0,0,0,1,1,4,103.24295526165182,149892.69853444886
175,66,M,754,9,192109.7122008639,6,1,0,1,1,0,4,444.426285631895,141484.07608913645
346,51,M,849,6,102487.34975346159,4,1,0,0,1,1,4,180.64518820901702,121145.10360523274
851,24,M,383,0,1041.369300740882,1,1,1,0,1,0,1,42.31595821814225,48322.448820411955
146,65,F,833,9,198329.86052363724,6,1,0,1,1,1,4,440.5158389689747,145707.21152678077
511,45,M,825,6,138803.30813838477,4,0,0,0,1,1,4,124.13809512150041,124572.31836273852
132,64,F,818,9,199927.64101686183,6,1,1,1,1,1,4,497.1158690286911,149732.9370518813
40,62,M,755,9,194686.6606825549,6,1,0,1,1,0,4,432.460944647633,143315.32573550512
932,22,M,362,0,5715.840139112171,1,0,1,1,1,1,1,24.11590393364041,32226.41294183045
257,63,M,764,9,194761.811670956,6,1,0,1,1,0,4,443.0665332907228,140485.93181580532
143,67,F,833,9,191480.41636889408,6,1,0,1,1,0,4,472.88395809950833,144096.5651287552
141,60,M,791,9,199332.42154282375,6,1,0,0,0,0,4,453.9244129992259,145900.7744700551
274,69,M,782,9,193272.25622706002,6,1,0,1,1,0,4,439.5528708571412,144252.27572441343
929,24,F,388,0,6671.43193129657,2,1,1,0,1,0,1,47.914883796412354,35391.711897776586
845,24,F,332,1,5648.635607317239,1,0,1,0,1,1,1,21.824916587451572,49902.69807757682
630,52,M,831,6,106370.9441243231,4,1,1,0,1,1,4,165.32956219757045,110764.67934684723
16,69,F,790,9,192257.69500358377,6,1,1,0,1,0,4,431.9766419819229,147967.31003137544
317,64,M,848,9,194161.5742305116,6,1,0,1,0,0,4,408.3645634388583,143395.27169703375
692,24,M,370,1,7300.3429269249045,2,0,0,1,1,0,1,41.34066599736521,25424.36822369122
379,49,M,821,6,103980.72375642086,4,1,0,1,1,1,4,161.26462506503023,124076.43264393111
250,66,M,791,9,197638.19753874512,6,1,1,1,1,1,4,478.9893761927127,140918.55039296058
562,53,F,823,6,115266.14121881196,4,1,0,1,1,0,4,193.8972449227484,148296.09857864716
384,50,M,836,6,107893.92193764845,4,0,1,0,1,0,4,111.62815826330772,115805.92308373374
660,52,M,805,5,143381.78322733133,4,1,0,1,1,0,4,119.02430673282758,127643.29425818477
804,24,F,377,0,4811.546117976221,2,0,1,1,1,0,1,40.25114207553176,31743.571568157862
171,69,F,839,9,193047.41472602103,6,0,1,1,1,0,4,450.5450767326533,149598.42640043466
416,40,F,841,5,137199.24212954383,4,0,0,0,1,1,4,107.75067313618317,109894.77868634347
927,21,M,365,0,9892.158409037238,2,0,1,1,1,1,1,26.086360298342985,31258.755315519724
326,60,M,795,9,191805.17819955913,6,1,0,1,1,0,4,452.12342993071684,140739.708429396
506,45,F,817,5,149047.44490094265,4,0,1,0,1,0,4,125.98803312930437,114319.8262891578
608,44,M,811,6,129298.51169094154,4,1,1,1,0,1,4,130.24788461544475,124349.44756289729
445,41,F,828,6,127902.19904902283,4,1,1,1,1,1,4,173.5408299636454,127021.66774604538
219,68,M,806,9,196910.76454571364,6,1,0,1,0,0,4,452.0229646022185,147226.90507073174
397,42,M,807,5,111934.92650153635,4,0,1,0,1,1,4,104.4376415880777,100747.47073459033
123,63,M,752,9,190539.85353567195,6,1,0,1,0,1,4,476.95844787089004,145066.6400448791
313,65,M,833,9,192403.45435886603,6,1,0,1,1,0,4,457.9944835894724,142353.05312874977
27,64,F,762,9,194672.79366386795,6,1,0,1,0,1,4,413.0339883924825,142529.9165640324
700,19,F,385,0,8018.412912201548,2,1,1,0,1,1,1,29.8967947614016,22955.125034731867
859,22,M,374,0,6762.562368121452,1,1,1,0,0,1,1,44.997967201121476,25017.627894205816
808,18,F,384,0,9197.866488873726,2,0,1,0,0,1,1,38.111257929597414,34893.69604195991
2,65,M,847,9,198754.24163175386,6,1,1,0,0,1,4,465.65011826789475,143413.10673238544
606,47,F,843,6,137697.68610248654,4,1,1,0,1,0,4,171.64689364577404,136350.6626260146
694,19,F,324,0,48.34590811070627,1,0,1,1,1,1,1,32.15690667585094,32742.792969800532
211,65,F,827,9,196545.37427258657,6,1,1,0,0,1,4,465.2876179127795,148400.52392359424
361,54,M,840,5,149335.71626812467,4,0,1,1,1,0,4,133.34230030093642,110805.46511279668
152,67,M,760,9,193814.44395942407,6,0,0,1,0,0,4,431.9326292900103,143512.77997837163
38,68,M,752,9,190315.89003518393,6,0,1,1,0,1,4,448.4772713004721,146747.52938041405
718,22,F,382,0,8456.759826569602,1,1,1,1,0,1,1,29.118590581623145,40813.469147143616
481,47,F,823,5,108470.70944823964,4,0,0,0,1,1,4,146.0604422176551,133886.64382525484
841,23,M,393,0,9590.32643888756,2,0,1,0,0,1,1,36.50875204702307,49065.77672100907
572,43,M,818,5,128426.98535281439,4,1,0,0,1,0,4,144.04928906431107,118691.35113947466
868,18,F,340,0,8870.676573620683,2,0,1,0,0,1,1,28.186015494417795,30785.74600935556
711,20,M,340,1,6782.329658008623,1,1,1,1,1,0,1,43.63747680328862,38630.669787965875
922,18,F,350,0,3962.6826160094774,1,0,1,0,0,1,1,33.39229975179784,45354.46077260686
93,65,M,778,9,198806.1627889089,6,1,0,1,1,1,4,407.5156254214895,149089.04376795897
226,62,M,807,9,197065.51313641676,6,1,1,1,0,0,4,480.46146018090934,143187.93479294633
97,62,F,809,9,198827.13945671552,6,0,0,1,1,0,4,452.9941254576708,147359.56481179636
538,43,F,828,5,115942.86390104031,4,1,1,0,1,1,4,154.26728444753937,119230.47861890245
233,63,F,849,9,192171.28023439893,6,1,0,1,0,1,4,463.3819894382485,147470.0335513637
229,69,F,773,9,198218.60076568765,6,1,1,0,0,0,4,466.14219262667785,145013.6500117179
652,54,F,809,6,109861.16009919877,4,1,1,0,0,0,4,187.41454086640186,110889.77000601335
878,23,F,370,1,1145.7586554269405,2,0,1,0,1,0,1,47.12088239729273,39141.37222406301
781,19,M,337,0,689.9684802928818,2,1,1,1,0,1,1,30.32777084475439,37767.16091368184
95,68,M,784,9,194737.9616439988,6,1,0,1,0,0,4,463.4244695317505,149050.6076612624
793,21,M,359,0,5711.368397135563,1,0,1,0,1,1,1,22.894331683430988,45946.61515404561
751,19,M,342,0,9436.431531203392,2,0,1,1,1,0,1,28.662705152821747,41833.37677070231
574,48,M,827,5,111288.83891611495,4,1,0,1,1,1,4,166.57323607181743,132522.38127356613
937,20,M,333,0,2546.843115479256,2,1,1,0,1,0,1,43.69188959498085,29652.442002317326
79,67,F,782,9,191356.01894229715,6,1,0,1,0,1,4,433.2459301707288,144621.96890294238
746,20,M,314,1,1180.8777910469148,1,1,1,0,0,1,1,23.388140336297607,34435.30019147248
622,51,M,811,5,137987.47827941313,4,1,0,0,1,0,4,154.4101440511058,147108.17158286454
537,41,F,837,6,120137.06303941431,4,1,0,1,1,0,4,169.67764558124537,145720.1866149693
308,67,M,801,9,194952.04237142747,6,1,1,1,1,0,4,450.70104343340824,149568.4992849703
928,21,M,384,1,1751.8407459387386,2,1,1,0,0,0,1,37.991056424810964,32295.558763382716
420,47,F,849,5,103639.11311523273,4,1,1,0,1,0,4,126.43891680511801,143442.20786894794
177,60,F,816,9,197851.40499504277,6,1,1,1,0,1,4,416.61381144282075,145511.95261496198
473,46,F,842,6,113140.38301424641,4,0,1,0,1,0,4,187.5626586608847,103966.12003530172
515,49,F,812,5,130021.67137618898,4,1,0,0,1,1,4,199.03202008846344,117503.01820586268
127,69,M,818,9,190068.5745736433,6,1,1,1,1,1,4,471.00039671933695,149269.90454035503
498,46,M,800,5,102028.63562788277,4,1,0,1,1,0,4,150.43845187305155,107507.02378375165
939,19,F,338,1,9615.355401472261,1,1,1,0,1,0,1,22.359328109354344,46838.09921988246
173,68,F,757,9,191241.9737265869,6,0,1,1,0,0,4,489.8191337670839,147723.83760744595
666,54,M,804,5,103058.75807963128,4,1,1,1,1,0,4,113.9255663455758,136449.96397928055
706,20,F,301,1,3662.082542780265,2,0,1,0,1,1,1,21.387193298732058,45839.77143149484
341,44,M,811,6,138904.03149327528,4,1,0,0,1,0,4,184.46857789809482,116972.43598425943
270,63,M,792,9,197931.11838841252,6,1,0,1,1,1,4,406.35520328312344,149874.84689949374
246,66,F,828,9,190269.13400037985,6,1,0,1,0,0,4,482.1005246615382,149544.97367152476
801,21,M,343,0,2232.959513791001,1,0,1,0,1,0,1,40.467430261254606,40456.65707463837
849,18,M,386,1,9831.400901363904,1,0,1,0,0,1,1,47.15082449177896,33191.046376342994
644,49,F,830,6,115672.85695553836,4,1,0,0,1,0,4,178.51209106347753,149691.20265748724
243,60,F,773,9,190162.40641778734,6,1,0,1,1,1,4,428.4685450480195,149037.62761068414
168,67,F,825,9,197770.8767453991,6,1,1,1,1,1,4,466.55875261571,140752.54850314953
773,20,F,360,1,1110.9023637230698,1,0,1,0,0,1,1,45.360565468152245,22183.097879372024
797,19,F,365,1,9958.478721992275,2,1,1,0,0,0,1,36.562160534384745,39354.59735334152
611,46,F,814,5,142567.32872861144,4,1,0,1,1,0,4,158.69443361515297,144472.09670022732
592,40,F,833,5,109993.23099192399,4,0,0,1,1,1,4,180.20991451193535,140528.3028182837
724,24,M,313,1,6118.442373586129,1,0,1,1,1,0,1,25.505270829881226,38584.210743396696
70,66,M,758,9,197452.02774742988,6,1,1,1,0,0,4,481.13844268819,140811.81983347872
87,66,F,783,9,195583.8592270326,6,1,0,1,1,1,4,489.7189427149324,140758.52705391412
609,52,F,843,6,123505.23042129914,4,0,1,0,1,0,4,113.04092137491078,143908.68674786823
493,45,F,821,5,113257.54312456383,4,0,1,0,1,0,4,111.15595991011126,124325.85919546595
33,61,F,840,9,199271.18554926102,6,1,0,1,1,0,4,418.9933925685523,141371.36640691696
656,54,M,805,5,113518.184706455,4,0,0,1,1,1,4,196.58849250999324,115255.74821306566
624,43,F,824,5,142593.9080535308,4,0,1,1,1,1,4,126.54477688744679,132147.9489723016
920,21,M,313,0,2243.4884586888024,2,0,1,1,0,0,1,48.28922045983413,28809.47369912092
393,44,M,804,5,106488.6535556723,4,0,1,0,1,0,4,185.47613075223214,105279.14439440811
265,63,F,842,9,194300.2893005334,6,1,1,1,0,0,4,498.24794670226726,144923.44624377726
334,40,M,835,5,131177.4650380912,4,0,1,0,1,0,4,177.13585968774822,144920.04880215248
705,18,F,340,0,4620.378162991775,2,0,1,1,0,0,1,39.99007745742176,30535.564680510204
410,52,F,821,5,115913.83436600474,4,1,1,1,1,1,4,151.1401024602834,141587.20226732834
303,60,F,840,9,193254.42868667885,6,1,1,0,1,1,4,456.8861823655176,145810.92052719032
322,63,F,750,9,198035.01178156605,6,1,0,1,0,1,4,402.4743456010128,144159.17784700842
615,46,M,821,5,132271.63118629967,4,0,1,1,1,1,4,100.23029839276155,145915.38783257172
126,68,M,803,9,199557.12411171105,6,0,0,1,1,0,4,440.92431079048066,148710.34872913442
940,24,F,317,0,143.18539286540587,1,0,1,1,0,0,1,44.38407104077942,49862.737865026764
394,49,F,825,6,119285.08544414061,4,1,0,1,1,0,4,139.20516954674557,112627.59480816833
806,22,M,301,0,3521.2060104507013,1,1,1,0,1,0,1,45.18990254512831,26233.117187387452
631,51,F,812,5,119148.08696838122,4,0,0,1,1,1,4,183.47140831318882,117745.7499743472
829,18,F,376,1,6011.998209098786,1,1,1,0,0,0,1,21.82722240545709,39998.53930315065
947,20,F,339,0,5252.980294550096,2,0,1,0,0,0,1,26.86656301991141,45016.87135399812
403,41,M,832,5,116071.87075012118,4,0,0,0,1,1,4,185.72331075760883,138713.71185234224
460,40,M,811,5,103249.37473985115,4,0,1,1,1,1,4,106.21586336163938,103334.46099214136
713,20,F,393,1,2594.11089038966,2,0,1,0,0,0,1,30.175645885550875,29565.759621443867
117,61,F,835,9,191381.7737220427,6,1,1,0,0,1,4,493.71152913249676,143006.24891102634
659,44,M,845,6,121234.74684845177,4,1,0,0,0,1,4,170.37894817961902,124386.91746135884
302,62,M,843,9,192706.15314930092,6,1,0,1,0,1,4,488.8941769760183,149618.4190866651
838,20,M,317,0,7076.630520216123,2,0,1,1,0,0,1,40.96972294575748,44416.76244289048
881,21,F,349,1,4362.728496015581,1,0,1,1,0,0,1,38.498025729109166,47945.83203567406
712,18,F,372,1,1675.7976965408316,2,1,1,0,1,0,1,27.921207702484594,24949.183917228613
213,67,F,805,9,194111.34435933226,6,1,0,1,0,0,4,498.63606846409766,144116.49330400533
122,69,M,811,9,199317.55793022478,6,1,0,1,0,1,4,412.088944133654,149588.1570569427
745,18,M,325,0,9427.757234482098,1,0,0,1,0,1,1,20.193611816350522,43476.61479349594
934,22,M,358,1,4705.616298338621,1,0,1,0,0,1,1,26.3039727501686,34121.00288460506
774,21,M,369,1,1586.5943381278958,2,0,1,0,1,0,1,48.05232287362213,44645.142798095345
225,67,M,839,9,197293.45423576154,6,1,0,1,0,1,4,495.5669520960243,143376.52144379664
578,43,M,813,5,108804.09380791352,4,1,0,1,1,1,4,194.74450227621566,143438.24472666782
790,22,F,354,0,345.51358211874606,2,0,1,0,1,1,1,33.51703344461815,32003.091677287357
215,69,M,761,9,192080.89045266286,6,1,0,1,0,0,4,473.2761231052881,148784.7947172749
319,69,M,823,9,190970.53574444418,6,1,1,1,1,1,4,429.6739307745444,142409.51658918743
556,47,M,800,5,124386.80284128195,4,0,1,1,1,1,4,186.50414777013975,145214.1067047399
457,44,M,845,5,111818.5197644629,4,1,0,1,1,0,4,187.14063715637172,100471.59176020647
294,66,M,762,9,197029.33916616772,6,1,1,1,1,0,4,437.5323092239349,143326.52494700294
237,63,M,808,9,196528.09678774403,6,1,1,1,0,1,4,446.0282442291823,148141.91413911493
893,18,F,387,0,1186.5070531354404,2,0,1,0,0,0,1,44.252540910204736,28190.07256283138
252,65,F,816,9,198683.06981048678,6,1,1,1,0,1,4,471.6182618119145,147512.5073471656
707,23,M,383,0,5342.060531283215,1,1,1,0,1,1,1,23.69089289322564,47137.80491058405
519,42,M,825,5,138817.32636802245,4,1,0,1,1,0,4,142.88301283562794,143959.13230920443
449,45,F,849,5,100499.78636747021,4,0,1,0,1,0,4,130.15051539153427,141107.5126615418
260,65,M,777,9,199339.1394008172,6,1,0,1,0,0,4,421.0816566468073,147283.84195654478
289,66,F,756,9,192171.4026283607,6,1,0,1,0,1,4,442.9260743375994,140524.97464660538
228,61,M,838,9,194337.41687328063,6,1,0,1,1,1,4,423.4866250934608,141330.76437964768
684,21,M,329,1,411.13386682201326,1,0,1,0,1,1,1,21.719183612516733,23481.360948876696
411,44,F,842,6,133459.69309409722,4,0,0,1,1,1,4,156.85599501402558,109816.08868563309
935,22,F,310,1,180.71010035194624,2,0,1,0,1,1,1,31.87878380653231,21537.21695171979
442,46,F,812,5,148500.763157727,4,1,0,1,1,0,4,168.7514584986388,143261.06483024402
685,23,M,353,1,5918.503850556758,2,0,1,0,1,0,1,25.767962943227616,48638.67867281409
731,18,M,328,1,5057.687852750688,2,1,1,1,1,0,1,45.19347611256837,39330.808240965
513,44,F,809,6,115034.4964336512,4,0,1,1,1,0,4,148.01852559787775,109232.11003351102
892,19,F,394,0,310.1474834916485,1,1,1,0,1,0,1,46.27529641178436,20710.82039199325
64,60,M,829,9,196228.702529919,6,0,1,1,1,1,4,448.70254825858746,144844.31402770872
850,20,M,342,0,9216.64410126619,2,1,1,1,0,1,1,25.90274900773784,41355.81373538845
776,24,F,335,0,2673.4729490851237,1,1,1,0,1,0,1,28.12880470787085,22124.193245924707
406,50,M,840,5,116861.79212404194,4,1,1,1,1,0,4,100.95155579143793,145658.56952136173
280,60,M,797,9,190799.5358502232,6,1,1,1,0,1,4,490.45652976021245,149500.22815556734
59,60,F,792,9,190075.82830811298,6,0,0,1,1,0,4,416.68251205478396,144991.58934659086
815,19,F,329,0,5674.14284505843,2,0,0,0,1,1,1,35.63333397477522,28268.356396559535
186,65,M,814,9,193993.9215688035,6,1,1,1,1,0,4,451.6098683690254,149112.4015174132
595,54,M,830,5,142870.9283426128,4,1,1,0,1,0,4,109.92287993702877,132027.4262741575
691,20,F,383,0,6113.482802097209,1,0,1,1,1,1,1,43.53385900972876,30533.853690275435
147,66,F,753,9,191651.6117485929,6,1,0,1,0,0,4,416.74181354197447,145235.35784254354
298,67,M,782,9,197227.46207174746,6,1,1,1,1,1,4,405.66509885845426,144634.3655700746
575,40,M,809,5,123236.8372701493,4,1,0,0,1,0,4,131.66369401301068,123808.52414415899
761,20,F,312,1,897.2692477224908,1,0,1,0,1,0,1,35.851742497381935,26433.467455878283
936,21,F,330,0,2195.439041408994,2,1,1,0,1,1,1,30.74414956207061,24000.44946483037
791,18,M,382,1,3183.1614241179727,1,0,1,1,0,1,1,39.73937235847881,49215.298057322114
77,69,M,812,9,196290.9180345415,6,1,1,1,0,1,4,416.0768584612163,148038.977976997
587,48,M,804,5,115089.13404821226,4,0,0,1,1,0,4,192.91895931988486,145462.54330551016
942,22,M,307,1,3954.8712712711977,2,0,0,0,1,1,1,29.936712513836547,27729.203903283647
748,22,F,372,0,6754.576208987414,1,0,1,1,1,0,1,41.92294441638765,43408.02413715039
345,48,F,839,5,118384.18155434376,4,1,1,1,1,1,4,193.15737448071272,104694.32073309798
295,67,F,834,9,195059.31841850965,6,1,0,1,1,0,4,410.1407231539863,149333.96926356916
156,65,F,782,9,195561.40274210004,6,1,1,1,0,1,4,460.29623664993454,143771.1250011524
593,48,F,824,5,106781.24948200629,4,1,0,1,0,1,4,149.95257652326967,144149.0572654041
764,20,M,313,1,9545.399988251867,2,0,1,1,1,1,1,47.84671050614344,28438.84887018505
399,54,F,827,6,104428.54004503135,4,0,1,0,1,1,4,176.02273549021564,106676.89824140041
525,41,F,806,6,139736.35930392984,4,1,1,1,1,0,4,115.97215503612944,142412.57602704124
84,68,F,838,9,191782.98603481782,6,1,1,1,1,0,4,443.833847163413,146302.20214873124
60,69,M,813,9,197235.96473336493,6,1,1,1,1,1,4,476.042903539319,147995.14106556535
262,68,M,836,9,195449.1473209475,6,1,0,1,1,0,4,452.0053076721225,145193.80069018772
109,63,M,780,9,195032.55433236578,6,1,0,1,0,1,4,440.3920647343581,142211.18010371484
227,67,M,817,9,193863.47612667503,6,1,0,1,0,0,4,410.4537791582081,141858.08033142297
6,65,F,782,9,191628.04562375927,6,1,1,1,1,1,4,458.03661476982194,146313.53662883697
73,60,M,828,9,195735.90277929395,6,1,0,1,1,1,4,497.8546006174445,145711.0141935181
950,19,M,324,0,4473.703726737638,2,0,1,1,1,1,1,27.864868551495405,27796.131354251695
310,68,M,835,9,190609.42842727562,6,1,0,0,0,0,4,435.91128235141224,147853.61570016018
35,62,F,842,9,199132.16204756434,6,1,1,1,1,1,4,489.8048955033605,145229.50112604524
390,42,M,815,6,129196.59229692689,4,1,1,0,0,0,4,197.07606562744957,137292.83931622948
108,62,M,765,9,194123.91588037065,6,1,0,1,0,1,4,436.7634608130819,143162.67598830542
338,41,F,803,5,141201.18533459655,4,0,0,0,1,1,4,166.69399343808323,108287.5242962978
372,41,F,813,5,101770.97262007066,4,1,0,1,1,0,4,131.6085884637741,119012.55047830091
911,18,M,341,0,7716.046274665133,1,0,0,1,0,0,1,23.85285709700177,37997.955908327545
844,21,M,398,1,3300.3645737533625,1,0,0,1,1,1,1,20.64459290074104,49602.87869237584
632,48,F,826,5,106772.41072816969,4,0,0,0,0,0,4,124.65130172210101,141716.00628265232
144,68,M,809,9,194983.08376180034,6,1,1,0,0,0,4,449.2760534734896,149235.90137403033
646,52,M,846,5,140671.79453924377,4,1,1,0,0,0,4,145.09918369439066,114159.33881331098
125,63,F,830,9,195296.98551910862,6,1,1,1,1,1,4,407.45524825274674,142883.68416508727
765,21,M,379,0,3173.81171410022,1,0,1,1,0,0,1,32.23002699303751,26856.90191230343
388,48,M,844,5,132707.80368939298,4,0,1,1,1,1,4,183.7865162837961,148225.26987445293
577,54,F,809,6,135069.03001992826,4,1,0,1,1,0,4,197.70186061485646,141059.66155944238
37,63,F,769,9,199313.07680943017,6,1,0,1,0,1,4,412.5546867968029,140791.45556730503
856,18,F,374,0,532.1165654188786,2,1,1,1,1,0,1,40.39545301416003,23332.43177254371
860,20,F,396,1,1379.7048497608478,1,1,1,1,0,1,1,40.40420409340917,21237.756090601048
354,47,M,810,6,105461.61186597754,4,0,1,0,1,1,4,151.23164897211225,115542.08575762181
702,20,M,391,0,140.95107696222465,1,0,1,0,1,1,1,30.30120905866756,24686.23873078375
288,60,F,831,9,191286.65584761015,6,1,0,1,1,1,4,432.7294868422755,147686.46580997162
440,47,F,836,5,144029.2916295688,4,0,0,0,1,1,4,132.06693182782968,140291.98115321415
953,21,M,395,0,3299.3528979285556,2,0,1,1,0,1,1,47.069237186940924,33511.41253740507
30,65,F,810,9,194016.67787675,6,1,1,1,1,1,4,476.59893709321204,146364.42880584838
24,67,F,766,9,197911.99848863765,6,1,0,1,0,1,4,452.35321361810395,145985.4791051126
232,64,M,842,9,198086.71873106877,6,1,0,1,1,0,4,416.650916943211,142874.15316824932
44,66,M,755,9,192011.3662444655,6,0,1,1,1,1,4,493.5684978462225,140533.6578868343
264,67,F,840,9,197250.07902775335,6,1,1,1,0,1,4,419.2931825131044,148824.19221377076
167,60,M,845,9,193052.36169814158,6,1,0,1,0,0,4,470.63206466769026,147137.31689862054
723,21,M,323,0,9279.289597538598,1,0,1,1,1,1,1,44.37196692663326,25383.27540838914
82,62,M,754,9,196998.3268674127,6,1,0,1,1,1,4,470.0652590836261,143762.792832277
651,42,F,839,6,107063.88005344274,4,1,0,1,1,0,4,168.95793831053356,126880.26935171032
78,64,F,764,9,194940.83843802466,6,1,1,1,0,1,4,422.57216443637157,143641.99865121013
268,65,F,848,9,195259.5511286678,6,1,0,1,0,1,4,405.71969725761386,143100.68997873442
714,20,F,371,1,1356.7530209530266,2,0,1,1,1,0,1,44.8301551549007,44255.75801709473
883,18,M,325,1,8421.342198144068,2,1,1,1,1,1,1,45.13244405259429,28065.82550539824
209,65,F,781,9,193277.98615763144,6,1,0,1,0,0,4,401.34138972776185,145552.191341919
375,53,M,835,5,108941.32324695641,4,0,0,1,0,0,4,198.29854780290262,134333.911045245
760,23,F,395,1,1232.694600590284,2,1,1,0,0,0,1,32.16669772451948,30473.253023009172
92,69,F,834,9,192415.01836583044,6,1,0,1,0,0,4,426.9880691612988,142008.0120563887
106,64,F,772,9,191158.2756372149,6,1,1,0,1,1,4,441.6297610560304,142366.59217835483
655,54,F,809,6,100098.66239032446,4,1,1,1,1,0,4,152.0038081101729,108126.14016369368
316,67,M,790,9,190812.58708432683,6,0,1,1,0,1,4,452.18218251850453,147282.38682670807
370,43,M,836,5,137123.96911650486,4,0,0,1,1,0,4,107.98369864825833,113318.43000828143
119,63,F,820,9,198116.516618704,6,1,0,1,1,0,4,444.64379744031,144171.85189200964
770,21,M,342,0,1610.2708236913365,2,0,1,0,1,0,1,32.571619484125385,25352.760351442314
542,48,M,840,5,128397.88853620493,4,1,1,0,1,1,4,106.93187863035341,142578.3182850482
547,52,F,821,5,144267.46477899633,4,1,1,1,1,0,4,150.7293378166171,129720.55576711598
358,49,M,805,6,149627.48094549074,4,0,1,1,1,1,4,162.13373761936646,132523.21324711715
383,42,M,810,5,142725.68529913406,4,0,1,0,1,0,4,131.03802788061728,145185.02587528306
426,51,F,812,5,107294.39906808469,4,1,1,0,0,1,4,146.8868701807521,114980.72292114103
421,48,F,822,6,110387.29915340946,4,0,1,1,1,1,4,131.6204474209498,120714.58362472015
130,69,F,766,9,192877.93584248342,6,1,1,1,0,1,4,462.7338690997536,141933.66566220392
286,62,M,797,9,192328.4309480154,6,1,1,1,1,1,4,465.5386464826191,141407.82227919315
486,46,F,831,6,102311.28212129853,4,1,0,0,1,1,4,132.97516937200874,125322.3902808354
483,46,M,843,5,100171.6511429584,4,1,0,0,1,0,4,150.98602124919992,131950.49202112242
