Age,Gender,CreditScore,Tenure,Balance,NumOfProducts,Country,HasCrCard,Transaction_Source_M_Count,Transaction_Source_A_Count,Transaction_Source_D_Count,Transaction_Source_V_Count,Transaction_Source_P_Count,Transaction_Source_U_Count,Avg_Transaction_Value,EstimatedSalary,CLTV
52,F,531,8,62134.16344579969,5,IDN,0,1,0,1,0,1,1,75.73827710952588,63059.08755995837,790
55,M,644,9,17925.150631893106,6,JPN,1,1,2,0,1,0,1,237.92724981483985,122093.39024145895,844
47,F,400,1,85553.0440487653,2,HK,0,1,4,1,0,1,1,203.49224506250977,31222.678861807188,500
19,F,512,7,138441.5974294958,4,KOR,1,1,0,1,0,1,1,34.11718691762751,138511.88598853795,712
54,M,330,5,90300.96633354152,6,US,0,1,3,0,1,1,0,52.892154340422124,128864.42758839409,430
59,M,370,6,1033.4737421718198,5,KOR,1,1,4,1,0,1,0,101.44191004341174,49755.10641961611,570
55,F,576,4,167184.77928752985,5,THA,1,1,2,1,0,1,1,447.14422698224877,85546.62284145104,776
52,F,413,7,32084.057071390216,6,CYP,1,1,2,0,0,0,0,243.4810824165193,133374.06077235873,613
47,F,687,5,53384.38351818815,4,BG,0,0,0,0,0,0,0,414.95935158642135,54081.09705648009,687
19,M,519,5,25523.740017152628,3,US,0,0,3,0,1,0,0,416.6453596030788,133017.17961753858,519
67,M,577,2,29305.05406313586,5,CN,1,1,4,1,1,0,1,246.76695982734432,109454.71437994813,777
32,F,603,1,14389.636666555083,4,FIN,0,0,0,1,1,0,0,96.98871256381193,137300.02781007733,603
59,M,465,4,171871.30206391285,3,ARE,0,0,1,1,1,1,1,293.549952099178,88643.57711547737,465
45,M,513,9,165586.6569851912,4,PRI,0,0,4,0,0,1,0,243.29429858002425,33082.890228150936,513
34,F,669,0,151545.079728809,1,MO,0,1,1,0,1,1,0,341.6432351552603,139740.1402211703,769
68,F,522,7,7548.001032662999,1,MO,0,1,4,1,1,0,1,452.1215849717285,134932.44056632707,622
27,M,357,9,129376.89408241127,4,LA,1,0,2,0,0,0,0,225.70397267226883,68187.91980689538,457
29,M,505,5,99520.75414470733,3,GB,0,0,0,0,1,0,1,142.451957382306,43863.108672719754,505
31,F,453,3,145276.34807910814,6,LA,0,1,3,0,0,0,0,67.60024578493085,148289.8715785541,553
28,M,557,0,50912.24568085906,2,TUR,0,0,1,1,0,0,0,31.524512984768034,65147.58752062456,557
35,F,753,2,190189.46966157536,3,DE,1,1,4,1,0,0,1,424.98514493513574,97973.21115110656,953
36,M,475,9,47454.448446453636,3,MY,1,1,0,1,0,0,1,208.62695656973384,64775.19769451489,675
56,F,671,9,51872.78252118266,5,ID,0,0,4,1,1,0,0,30.85366795928227,144427.3491683683,671
25,M,528,2,137142.72596705038,5,IRL,1,0,0,1,0,1,1,95.32303863420667,148611.4811513395,628
61,M,312,7,171820.52975035412,3,IE,0,0,4,0,0,0,1,489.91293929295085,114814.16199007686,312
57,M,348,9,313.56074684347755,3,AU,1,1,4,0,1,1,1,429.1389739786765,126992.62524188947,548
41,F,655,8,194448.40182355233,4,FIN,1,1,4,1,1,0,1,286.166722551738,116562.19022102645,855
47,M,767,7,32551.066643516813,5,DEU,1,0,3,0,0,1,0,332.55062750039565,85058.77542979403,867
49,M,498,6,33707.304698091204,5,GEO,0,0,4,1,0,0,1,216.1023865744037,70928.171080638,498
51,F,382,3,5688.42060609378,3,LA,0,1,1,0,0,1,1,286.390523521742,35211.05654931176,482
45,M,779,3,42542.758727390465,6,FIN,1,1,0,0,0,1,1,302.11174392250365,46232.874629689206,979
41,F,606,3,58896.24608447688,4,US,1,0,3,1,1,0,0,164.33675689931346,59901.9152384443,706
54,F,519,5,70869.54203449114,4,SWE,0,0,4,1,0,0,0,333.5414983767028,94953.53530709582,519
18,M,518,3,78337.08558822336,6,HKG,1,0,3,0,1,1,1,319.1829469599246,23934.538530104717,618
65,F,794,4,63323.28831103862,2,THA,1,1,1,0,0,1,1,70.79197593978527,40826.66440203874,994
21,F,485,4,66981.82585283756,3,HUN,1,0,4,0,1,1,0,188.44036567790315,43579.170175253385,585
23,M,368,1,92246.56491112449,3,HK,0,0,1,1,0,1,0,389.2427423566577,73864.45523700808,368
33,F,708,5,18693.565380028776,5,THA,1,1,2,0,0,1,0,312.6084289362446,67881.82923377311,908
29,F,750,7,167497.77705061532,6,BG,1,1,3,0,1,1,0,355.95593023936,39134.92751631453,950
32,F,658,5,115748.9362683085,2,ARE,0,0,4,0,0,1,1,283.9406437437586,90080.52580352986,658
69,F,329,6,101959.19233018656,3,SK,0,0,1,1,1,0,1,194.73992204937161,149970.88474501955,329
35,M,513,1,95445.76598171455,5,TW,1,0,4,1,1,0,1,291.5572098954492,61605.84364034909,1432
61,F,718,5,170377.79276662116,5,IDN,0,0,0,0,1,1,0,340.7930320426528,62800.83742728441,718
23,M,624,0,196844.16505964458,3,CHN,1,0,3,1,0,0,0,214.97173537409762,117827.13060366764,724
52,M,747,1,93765.943632483,3,BE,0,0,0,1,0,1,1,419.28655579606647,28792.794750910936,747
69,M,815,2,25496.712636365904,2,AE,0,1,1,0,1,1,1,216.5893855942692,46131.76475283558,915
26,F,676,1,94275.74118541968,6,JP,0,0,0,0,1,1,0,406.26339518879854,44652.4791318888,676
23,F,798,9,55139.051979702366,2,DK,0,1,4,1,0,0,1,332.3778330398374,22725.877586334696,898
52,F,692,3,45675.04144674237,3,JP,0,0,3,0,0,0,1,493.6164821740509,87167.2793623451,692
62,M,835,9,123461.23865028203,6,DE,1,0,1,1,1,0,0,128.22603859246212,22339.233138002895,935
23,M,656,5,21979.49034398088,4,BG,1,0,1,1,1,1,1,464.7747642198858,36422.878960728165,756
37,F,379,5,58486.04607714629,3,GBR,1,1,0,0,0,1,0,46.34962880274601,72731.23587309918,579
30,M,537,1,31075.949623561617,4,JP,0,1,1,0,0,0,1,486.51430429988665,85395.82263177703,637
32,F,611,9,47274.603008211714,6,JPN,0,0,0,0,1,1,0,203.281571045146,124317.02929664758,611
34,F,675,2,180269.04623888803,3,HKG,0,0,0,0,0,1,0,452.03110600653656,38485.25768113693,675
45,M,302,4,164319.26847881541,6,ID,1,0,2,1,1,0,0,287.82697812525,131664.36785047056,402
56,F,524,8,28528.390392666992,5,KR,1,1,4,1,0,1,0,213.91648728944264,66638.42303028118,724
42,M,831,1,69536.11671261657,3,GEO,1,1,2,0,0,0,1,177.92009576001115,52640.437672056185,1031
50,M,473,6,24221.396689683883,1,THA,1,0,2,0,1,0,1,425.20552471837794,29270.56804897265,573
61,M,675,2,126370.35046121282,4,IT,1,0,0,1,1,1,0,377.16998995546743,135573.39007244224,775
23,M,740,9,158436.6604037711,5,KR,0,0,4,0,0,0,0,92.32556724126658,92826.40139060923,740
28,M,306,8,89626.51635879082,6,MY,0,0,2,0,1,1,1,158.54850848859257,95809.5287288873,306
30,F,621,1,187552.98685893847,1,SG,0,0,0,1,0,1,0,286.7184531873362,131429.69896831329,621
40,M,442,7,3558.188017256092,1,BE,1,0,1,1,0,1,0,76.54336893811673,62555.6268678676,542
30,M,467,2,9649.223639163629,4,FIN,1,0,0,1,1,0,1,132.52795564304282,104478.31660892918,567
59,F,306,3,134810.10611271032,6,GEO,0,0,0,0,1,0,1,430.3814092569522,133520.72116153472,306
36,M,406,9,113714.70419769973,6,DEU,1,1,1,1,0,0,0,221.0743605157852,51851.22183980543,606
68,M,403,2,134709.58611494547,4,TUR,0,1,1,1,0,1,0,445.76327246527455,83031.48593447899,503
36,F,343,8,99174.81044605923,6,ID,1,1,0,1,0,0,0,330.84132255267804,108794.8467954118,543
64,M,400,9,122966.43271366716,2,DEU,1,0,3,0,0,0,1,165.25275038436934,45774.724127577625,500
41,F,455,3,68551.58439165966,4,US,0,1,4,1,0,1,1,282.6426280303063,113970.88856302865,555
39,M,831,7,192979.5337559655,2,IE,0,0,2,0,1,1,0,190.74513810313482,74084.31627011218,831
25,F,484,0,43112.08982592758,5,EE,0,0,3,1,1,0,1,20.850185847996325,102306.96443842555,484
35,F,843,6,127526.41065830071,4,MY,1,1,1,0,0,0,0,192.5807318232867,22421.057561672584,1423
18,F,620,4,84036.5599825096,6,IRL,0,1,0,0,1,1,0,487.7739089520148,33857.29731846305,720
44,F,317,3,101617.87033849714,5,KR,0,0,1,1,1,1,1,423.24998734938134,56207.38070210091,317
62,M,807,7,108859.29341229517,1,NLD,1,1,4,0,0,0,1,300.83242260272937,35085.89744513235,1007
32,M,780,6,152406.90102976866,2,EE,0,1,3,1,1,1,0,66.92367526624201,144100.94091552772,880
44,M,752,0,145688.4173243495,6,JP,0,1,2,1,1,1,0,196.79836890558167,63398.49940360637,852
61,M,741,1,52050.60677769575,3,HK,1,1,3,1,0,1,0,210.16624410113496,95241.958516626,941
48,M,393,1,87377.6162257264,4,NO,1,0,1,1,1,1,1,27.7409452380412,129143.0814963544,493
53,M,377,5,91272.97449011546,2,CN,0,0,4,0,0,0,1,476.7820409291601,45565.25555246332,377
50,F,598,3,104742.88408543088,3,SG,0,0,0,1,1,0,0,269.0829603140221,20617.74617525528,598
21,F,387,3,24392.24408589815,1,CHN,0,1,2,1,0,0,1,144.89149833716422,65646.6993245269,487
18,F,376,5,113875.30673528361,2,IT,0,0,3,1,0,0,1,449.8877014357214,43505.59563599529,376
24,M,741,8,93884.36615908498,1,TWN,1,0,2,1,0,1,0,477.7561554519363,28983.68470904135,841
20,M,384,8,180209.09314599284,4,US,1,0,2,0,1,0,1,33.496956544127215,75218.7695358023,484
67,F,730,0,61178.12879324098,6,PL,0,1,1,0,1,1,1,204.7940167910183,42470.59276006256,830
62,M,596,5,57920.224368929295,4,USA,1,1,1,0,0,1,1,158.77756110108425,77696.37571504046,796
55,F,591,4,184619.0022078548,5,SGP,0,0,1,0,1,1,0,490.25744937140286,126753.94696646814,591
26,F,347,1,116062.94055182976,2,TWN,1,0,0,0,0,1,0,451.2663488627561,102616.88360830456,447
61,F,521,9,111925.94219735621,3,NO,1,0,4,1,1,1,1,207.7559422943491,26173.173121971493,621
40,M,641,0,182366.61122162346,1,GEO,1,0,0,0,0,1,1,483.8244172408937,32805.541817171434,741
39,M,484,2,134107.84183413407,4,NL,0,0,3,1,1,0,0,84.14785867892904,147787.63127350298,484
19,M,354,7,94477.3889906832,3,MY,0,1,2,1,1,1,1,121.31084426240433,40307.03450006291,454
50,F,809,5,155116.8768243101,6,NO,0,1,2,0,1,1,1,185.13665069346135,79730.86312859185,909
23,F,340,9,10484.799305082326,1,US,0,0,1,0,1,1,0,386.3041935854024,50846.645613661705,340
58,M,606,4,87292.9210448079,3,ID,1,1,0,0,0,1,0,353.8719376524632,65654.11361554421,806
68,M,533,7,109189.30965010873,4,CN,1,0,0,1,1,0,0,25.940938859418434,131972.34286981096,633
38,M,731,6,124901.20556848196,1,PL,0,0,2,0,1,1,0,310.6517596857705,137597.15461253087,731
25,M,805,7,144960.60685135538,2,FRO,0,1,0,0,1,1,0,219.33236275958853,118578.85715258065,905
23,M,511,6,121284.77955771716,6,ID,0,1,2,0,1,1,1,435.0049645568034,104363.03046573412,611
63,M,615,9,162052.58503286738,3,MEX,1,1,3,1,1,1,1,408.098702409656,128223.37193381229,815
36,M,820,5,130292.1674644483,3,DEU,0,0,4,0,1,0,0,38.96214455264591,100732.90241451879,820
26,F,479,1,162725.9737912757,6,TH,1,0,4,1,0,0,1,300.2649420923887,41446.46364132398,579
29,F,658,4,41983.982820274134,1,HK,1,1,1,1,1,0,1,379.32141029924384,61451.62502625676,858
36,M,429,2,98975.19821843224,3,FIN,1,0,3,0,0,1,0,427.5824986908092,125108.28474074382,529
23,M,437,3,50551.611081908086,5,NLD,0,0,4,1,1,0,1,468.4611757905031,69304.61625806217,437
55,F,385,7,107633.44149440805,3,TUR,1,0,3,0,1,1,0,210.5370810735808,25390.10634379456,485
27,M,553,4,63451.39886498652,6,SWE,1,1,4,0,0,0,1,394.2559398756562,55040.04385041379,753
62,M,361,4,150245.29103561392,2,THA,0,1,4,1,1,1,0,251.90011209382516,110191.69963762235,461
56,M,671,7,125183.39853038386,3,CHN,0,0,3,1,0,1,1,101.65202412607216,85977.9485641103,671
19,M,558,3,92060.13939930937,1,PRI,1,1,2,1,1,1,1,391.78929805237067,22413.996511397625,758
64,M,456,6,39193.341690423564,6,THA,1,0,1,0,1,1,0,326.0842055536974,123395.47250575115,556
43,F,527,2,185259.74835527493,6,GB,1,1,1,0,1,1,0,297.63906815099006,69131.19335765817,727
61,M,823,3,162572.1253694574,5,NZ,0,1,1,0,1,1,0,147.87401395696352,43327.52676968628,923
18,F,604,1,149739.30377272327,6,NZL,1,1,2,0,1,0,0,365.50149860319937,100531.57988805237,804
31,M,719,5,31342.057841798087,6,BE,1,0,4,1,0,1,0,170.61296616374827,124364.01705397276,819
26,F,739,1,44646.30946225754,1,ES,1,0,0,1,0,1,0,183.69593363428578,104406.60140939527,839
26,M,735,5,94169.4471370129,3,DNK,1,1,1,0,0,1,1,316.65368369641726,91736.3278006906,935
36,F,538,7,163337.0909327609,3,EE,0,0,2,0,1,1,0,207.70934157272745,20702.163694947612,538
65,M,428,0,123679.65261107261,1,EST,1,1,4,0,0,1,0,420.44058929974295,76594.31009194507,628
33,M,507,4,41808.62387881004,1,KOR,0,1,0,0,0,0,0,491.48433338748663,25346.661420625405,607
44,F,536,6,198428.33850993734,5,GB,1,0,3,1,0,1,1,106.00395117291164,103766.83571084835,636
50,M,687,6,108351.5931057859,4,CY,1,1,2,0,1,1,0,270.3260172259921,119912.56254462517,887
62,M,829,7,116294.23985459328,4,VN,0,1,2,1,0,0,0,306.09453607345915,123353.87590414418,929
68,M,372,8,186751.88795928285,3,GB,1,1,1,1,1,0,0,98.73120872740182,136133.56827999555,572
50,M,429,9,26146.292122059633,1,NLD,1,1,0,1,0,1,1,496.2569602967209,117913.659763274,629
40,F,400,5,134580.3554624567,5,IRL,1,0,4,1,0,1,1,354.41756925264707,93194.48234363557,500
23,F,478,0,148325.1809970418,3,SI,1,0,1,0,0,1,1,280.4100434137886,141572.15107302752,578
37,M,608,9,153132.92052450622,4,LU,1,0,2,1,1,0,0,391.05722921053086,89867.2747078613,708
33,F,572,7,89807.13233425455,1,HUN,1,0,3,0,1,1,1,149.35408061787308,116979.76926544264,672
52,F,659,3,141200.48912481422,4,CHN,0,0,4,1,1,1,0,61.642904539846874,66978.48623044945,659
46,M,331,7,61362.722484399426,5,GEO,0,0,1,1,0,1,1,405.86627459196916,144934.09875473613,331
25,M,421,8,5592.731757200964,2,ITA,1,0,3,0,1,1,0,391.3703788085717,60747.40229041931,521
22,F,638,3,61817.176246940675,5,NLD,1,1,2,1,1,1,0,213.31802977555702,32264.756048107305,838
57,F,817,7,161151.8252392114,3,FRA,1,0,3,1,0,0,0,124.46522586243616,75546.2053940591,917
68,M,640,7,96381.1320942478,6,GB,1,0,2,0,1,0,1,364.49303545061434,121731.99743848239,740
21,F,608,5,26149.117966613012,1,CYP,1,1,3,0,1,1,1,289.926236384414,82552.96749638076,1094
40,F,576,1,163245.4644489349,4,AU,0,0,4,0,1,0,0,198.43882230325664,35104.942459710976,576
50,F,658,4,52748.47545158292,3,MEX,1,1,1,1,1,1,0,312.25299690530346,121434.77126098501,858
31,M,542,6,85570.74154834318,5,ESP,1,1,4,0,1,0,0,344.07181980383785,61152.32142712201,742
38,F,315,6,49404.79097718102,3,ID,0,1,3,0,0,0,1,51.11399479645131,118628.22294480931,415
19,F,321,5,16207.28047385125,1,SI,1,1,1,0,1,1,1,455.50889165421535,114611.29933970999,521
43,M,819,4,14977.204401435285,6,DEU,1,1,4,0,0,1,1,370.0463340530026,104863.36767257571,1879
62,M,703,3,119680.14293199567,1,FIN,0,1,4,0,1,1,0,425.61011208791393,75603.62302081607,803
23,M,770,8,140038.439660861,3,DE,1,1,3,0,1,1,0,104.18157832423694,110651.40370383734,970
67,M,684,2,31044.348319089087,3,TH,1,1,2,1,1,0,0,304.6083893914372,64915.62473981785,884
20,M,677,9,148551.42909322624,5,EST,0,0,1,1,1,1,1,390.5818020803611,45415.040985575666,677
37,M,527,4,25468.385484782608,2,MY,1,1,0,1,1,1,0,442.4114084897915,81730.19523777698,727
42,M,411,8,76274.55613624112,2,TW,0,0,1,1,0,1,0,198.51562791229804,128235.59697801089,1813
66,M,514,7,198593.03257342905,2,USA,0,1,3,0,0,0,0,480.5038626427381,51876.60998988412,614
59,F,764,6,153678.9987036973,4,MY,1,1,0,0,0,1,0,422.4791239233256,65384.096433039755,964
53,M,612,0,167238.62855093027,4,KR,0,0,0,0,0,1,1,69.29726569131539,47878.35897547256,612
23,F,564,8,178513.25862954484,4,ARE,1,1,3,1,1,0,1,395.8387825968072,45796.933086637255,764
69,M,730,1,164426.44417973547,5,NZ,0,1,0,1,0,1,1,220.12684798113204,100229.66138314654,830
42,F,647,8,154088.23505720167,2,AE,1,1,0,0,0,1,1,319.4233364183796,56568.34510413522,847
63,M,326,8,175256.87550733425,2,THA,1,1,4,0,0,1,1,366.11073250169704,49713.24161998153,526
59,F,832,9,116864.20390221763,4,CYP,0,0,3,1,0,1,0,309.99340303907206,52011.53755325542,832
32,F,804,5,38582.111979705776,5,TWN,1,0,1,0,1,1,0,490.20913999272653,134144.32617851387,904
37,M,324,2,156020.45437961546,2,AUS,0,1,3,1,0,0,0,405.16438809001374,126466.46323460746,424
60,F,777,0,46342.3269488054,4,NOR,1,1,1,0,1,0,1,430.85430770917327,102302.35676537751,977
64,M,424,1,82468.96510395392,2,NL,0,0,0,0,0,0,0,193.00487897944677,43195.29485625003,424
42,M,593,3,37043.42592768246,2,NO,0,0,0,1,0,1,1,206.84169718210205,92160.11318279752,593
48,F,393,9,80767.65513881292,2,TUR,1,0,2,0,0,0,0,278.2000432298934,99482.85546195059,493
30,M,591,8,181052.51395340057,6,NZ,1,1,4,1,1,1,1,182.31467845340129,29460.090810612102,791
29,F,767,1,106132.3604885972,6,KZ,0,0,0,0,1,0,0,498.1218852725806,126795.61879174648,767
54,F,382,4,128539.91871776762,5,EST,0,1,1,0,1,0,1,155.95881949332204,139186.088145232,482
62,M,498,9,193291.8132056933,3,VN,1,1,2,0,0,1,0,478.79387630041845,29204.83739900707,698
43,F,805,7,5499.983650667417,4,SE,0,0,3,0,0,1,1,91.91115680694219,105609.95658753939,805
58,M,807,7,51242.13290637438,4,IRL,0,0,1,0,1,0,0,31.358474656339954,132723.18488550605,807
43,F,831,3,124329.07453563798,3,EE,0,0,0,0,0,0,1,198.17234180822493,48741.38869303572,831
50,F,777,0,144372.74975282766,3,GEO,1,0,2,1,0,1,0,157.44907661484683,140278.7817835123,877
51,F,705,0,71621.66261722009,5,TW,1,1,0,0,1,1,0,415.7710992810716,96991.03062595462,1029
46,F,425,6,40799.27208860796,6,SG,0,1,4,1,1,0,0,167.0185648582903,75695.66237248859,525
24,M,746,6,147885.8602359969,3,NZL,1,0,1,0,0,0,1,100.92206551879322,108027.13300468508,846
68,F,786,5,175359.25388948614,3,NZL,1,1,2,1,1,0,0,344.17677205366897,133397.42191333085,986
50,M,419,6,70625.93343495509,2,DE,0,0,0,0,0,0,1,274.03942550926837,121719.01303079445,419
31,F,449,1,114653.29428757826,1,KZ,0,0,3,1,0,0,0,303.83525661666147,98661.75312216247,449
55,F,661,3,21212.40316315556,5,CH,0,0,2,1,0,1,0,296.6936903891724,147912.92110914065,661
41,F,467,7,17446.384785223578,1,MEX,0,1,1,0,0,1,0,449.0597846181672,139032.99102983152,567
58,F,530,3,14501.23744634182,4,VN,1,0,0,0,0,1,0,116.69677479299037,104775.75984067998,630
30,M,352,3,167408.66688192554,3,MEX,1,1,0,1,1,0,1,408.46542616345926,72013.3972682452,552
36,M,408,0,187433.26095243698,6,KR,0,1,2,1,0,1,1,346.2360626988576,146599.62491506248,508
47,F,569,2,184282.61198037674,1,JP,0,0,3,0,1,0,1,281.0780912304201,99304.98168110634,569
19,F,588,7,86186.4432366101,6,GB,1,1,3,0,1,0,0,487.660380537215,132435.33233419765,788
43,F,408,9,10420.597241320207,3,BE,0,0,3,1,1,1,0,86.10205794889657,71621.64645872127,916
18,M,632,1,102234.35523584665,5,NLD,0,0,3,0,1,0,0,174.49712544546156,35382.47597644157,632
44,M,365,3,86313.31996119434,1,CY,1,1,1,0,1,0,0,396.1524896739393,131697.72243537757,565
30,M,549,5,99242.01698722923,6,CAN,0,0,3,1,0,1,0,265.53655514889266,103869.92186447994,549
44,M,461,3,115221.14499293001,4,EE,0,1,2,0,1,1,1,169.111853682903,20863.390031718263,561
41,M,781,9,105721.61304958623,6,US,0,0,1,0,0,0,0,395.41180346482713,105978.1681410034,781
49,M,673,5,79386.50013792141,4,FR,1,0,4,0,0,1,1,35.25565177048398,78301.19847487305,773
31,M,747,0,97584.02584930035,6,DEU,0,1,2,0,1,0,1,37.377609807558244,108645.51399009963,847
23,F,368,3,45596.41328823485,4,NZ,1,0,0,0,1,0,1,420.48759182345134,90735.46002339336,468
66,M,768,4,174086.80381909758,4,GBR,0,1,3,1,0,1,0,436.91778554451076,106484.32805250057,868
18,M,669,7,126664.55917076854,6,KOR,0,0,1,1,1,1,1,405.7364304560007,70888.81012868407,669
28,F,770,7,60715.483214254615,6,CY,0,0,2,0,0,0,1,95.97737090395984,103956.09050438127,770
49,M,434,0,141529.53364161326,3,CH,0,1,2,1,0,1,1,55.24852115839767,47010.17447867895,735
20,F,487,3,61174.52839546207,2,PRI,1,1,0,0,1,0,1,478.53531632227293,124033.91168845836,1824
60,M,777,0,91277.94738814764,2,NZL,1,0,0,0,1,0,1,169.9459957905528,84539.34951515961,877
37,F,346,4,88503.92550237026,3,HU,0,1,4,0,0,1,1,153.87528305222253,88116.28559586487,446
67,M,628,5,25126.66689154932,5,FRA,0,1,0,0,0,0,1,477.4532680808833,40193.74531589805,728
69,M,818,1,63206.132345689395,2,EST,0,1,3,0,1,1,0,224.15840870555,82356.79196746451,918
33,M,378,8,124645.81783575192,6,ES,0,1,1,1,0,0,0,131.88306955347687,77533.51455242862,478
52,M,634,4,129417.40663009604,4,FIN,1,0,0,1,1,1,0,325.99811036458505,49697.34995704789,734
61,F,606,5,116993.35676292071,5,TUR,1,1,1,1,1,1,0,143.35136357364365,122065.38296296784,806
35,F,666,2,139639.9388576708,5,MY,0,1,1,0,0,1,0,141.39636480698445,55829.54438509132,766
30,M,667,8,139191.1577663584,3,FI,0,0,2,1,1,1,0,306.75449780163905,125020.79016000855,667
32,F,657,3,162036.97905624702,2,SI,0,0,0,0,0,1,0,91.8937682960119,127555.24158892717,657
63,F,406,2,14360.202568183444,4,ITA,0,0,0,1,1,1,1,162.70541644265512,62482.20175666764,406
18,M,362,8,124308.7831058906,5,JPN,0,1,0,0,1,0,1,132.05969256252249,70867.38764111776,462
45,F,535,0,39402.66290741101,3,CH,0,1,4,1,0,1,0,106.15834871270552,78819.43905856504,635
57,M,702,8,171892.76132665225,2,NLD,1,1,3,0,1,1,1,342.97929140681345,78496.99700067645,902
21,F,564,7,7572.366247140639,2,LT,1,1,4,0,1,1,0,156.95384192282523,145105.61225612301,764
35,F,369,1,181436.43387464652,1,ESP,0,0,0,1,1,1,0,240.3407200118299,62134.86903925953,369
62,F,502,9,54184.64435712282,6,KZ,0,0,0,0,0,0,1,227.51404589687806,36962.85288747711,502
43,M,381,3,37649.95236291715,6,SG,1,0,4,0,1,0,0,408.1486510612187,113241.87003374135,481
64,F,731,6,125152.22345182409,4,BG,0,0,0,1,1,1,1,143.5549437034948,33800.908980718494,731
62,M,651,6,139103.40086486103,5,LT,1,0,1,0,0,0,0,42.25334573921039,53033.41695030013,751
28,M,332,7,131132.05882135188,2,LU,0,1,1,1,0,1,0,101.84075752759344,121738.28411678628,432
52,F,586,1,84112.98578187064,4,GR,0,0,3,1,1,1,1,84.78732657508803,106660.33698031948,586
58,M,401,0,20176.271300497905,1,ITA,1,1,1,0,0,0,1,471.18886748264845,122651.51704541944,601
34,F,434,1,78096.00587982399,4,TW,0,1,4,1,0,0,1,85.54084929937903,26926.51971867633,534
30,M,307,8,141259.96545166854,6,KOR,0,0,1,0,1,0,1,259.3831125372548,57583.1475506048,307
32,M,755,9,44010.06716422593,2,GBR,0,1,4,0,1,0,0,225.09269947647863,64467.673729026596,855
40,M,790,3,53561.530287809124,1,NO,0,1,1,1,1,0,0,233.91746358768526,112247.67359730735,890
27,M,433,1,195709.44466687884,1,KZ,1,1,4,0,1,0,1,284.87563978120284,143921.35959251336,633
46,F,633,3,195354.2461190715,5,CZ,1,0,2,1,1,1,0,225.05673983898348,137470.0705220317,733
50,M,325,2,37910.8459045153,6,DK,1,1,4,1,0,1,1,383.32861490507696,45237.139474092255,525
34,F,307,0,139395.94783807924,3,TH,0,0,2,1,0,0,0,360.9025371433653,125805.97058585875,307
69,F,463,4,27888.929678412922,4,SWE,1,1,3,1,1,1,1,54.18802991397758,132323.02668299605,663
63,M,630,6,132302.17481979998,1,HKG,0,1,1,0,1,0,0,219.37736901462554,124950.28971947078,730
25,M,343,5,103386.87560354218,5,GEO,0,0,1,0,0,0,1,348.9097061105679,145951.69912437262,343
43,F,331,5,18879.330032786835,3,DNK,1,1,3,0,0,1,1,286.7541714163253,133884.11632117868,531
31,F,442,9,38502.51179028989,4,FIN,1,1,0,1,1,0,1,365.8958848027368,34283.0442600096,642
55,M,693,6,30663.43746128719,2,JP,0,1,1,0,0,0,0,484.5448326941124,148279.1410002953,793
61,F,761,6,119717.71345587139,4,MEX,1,1,0,0,0,0,1,266.77691757584927,149578.3583361662,961
52,M,316,9,113722.74870157964,5,NO,0,1,3,1,1,1,0,105.20736441985815,84701.33993653399,416
58,F,514,0,128993.09450255753,5,THA,1,1,2,1,0,0,0,227.3766833448944,39162.24559186691,714
23,F,623,3,53546.094910054264,3,DK,1,0,4,1,1,0,0,186.57322550042227,134913.39718514984,723
66,F,330,7,53140.1213271814,2,TW,0,0,2,1,0,0,1,271.5605644197237,77161.20096415296,330
54,F,502,9,38778.84086958294,2,IE,1,1,3,1,1,0,1,51.51137748881094,112541.85952001663,702
24,F,748,3,47824.54817277932,2,BG,0,1,3,1,1,1,0,445.76849582283114,142730.61155511846,848
26,F,734,6,5966.640685310654,4,BE,1,1,2,1,0,1,1,310.27077530737444,22042.26198607513,934
56,M,827,8,188623.6928728548,2,HK,0,1,0,0,0,1,1,323.07145602900573,26616.96059048682,927
61,M,593,5,159429.99136991147,5,EE,0,1,0,1,1,1,0,460.81234029066843,110117.71858535419,693
51,F,747,6,950.8463441813442,2,DNK,0,0,4,1,1,0,0,76.50561420292873,61942.33968261683,747
51,M,490,4,83456.23507609859,3,USA,1,0,0,1,1,0,1,360.6750769977224,34440.537681022746,590
48,F,531,8,138777.25943487394,1,AT,1,0,3,0,1,1,0,103.86150369359343,33413.72633776075,631
67,F,341,4,70107.4068554391,2,JP,0,1,1,0,0,1,0,131.98448979099857,48978.85649328742,1426
18,F,562,1,159042.53128877797,3,DNK,0,0,0,0,1,1,0,135.24977054316983,41743.05420822521,562
31,F,413,4,89709.47233930737,6,SGP,0,0,1,1,1,0,0,44.493451078806444,25363.609725937877,413
58,F,427,2,130854.48600698986,4,CYP,0,0,2,0,0,0,1,397.8885721952405,21659.723553473275,427
67,F,698,6,96167.04226701551,2,FI,1,1,0,0,0,1,0,448.880292810622,59257.676277860475,898
68,F,307,2,21430.275620869234,1,FR,1,0,4,0,0,0,1,498.40416107613834,51939.284942942446,407
60,F,556,5,81736.01954063831,4,NZ,1,1,4,1,0,1,0,221.92376141978292,134790.24372889,756
66,M,558,6,45330.95051735163,1,IE,0,0,0,0,1,0,1,396.656158735126,74480.89741184964,558
50,F,451,5,120021.04759312197,6,ARE,1,0,4,1,1,0,1,212.10022785204765,148715.6108216275,1722
39,F,679,7,81724.50438558598,4,USA,0,1,2,0,0,0,1,119.5482518918698,60002.69215002473,779
31,M,735,4,147639.9063588266,3,IDN,0,1,4,1,1,1,1,328.25598103551886,66738.23270720743,835
35,M,696,6,186953.83408535825,3,DE,1,0,4,0,0,0,0,406.9432556476979,33761.992540603045,796
39,F,796,4,160835.92532165392,4,USA,1,1,2,0,1,1,1,182.29298270792938,42374.20315244402,1532
31,F,628,3,34631.950130321566,5,FIN,1,0,3,1,1,1,1,73.79781730621902,38431.84447708012,728
52,M,534,6,19244.574518964684,3,NO,1,1,1,0,0,0,1,186.56540395830632,59689.26882080324,734
36,M,447,9,20845.5694421791,5,AT,1,1,0,1,0,1,0,214.28726305828346,112221.99019232579,647
33,M,704,5,131538.80568151825,4,LA,0,1,2,1,1,0,1,326.7884904247983,25058.027939886655,1174
31,M,645,0,87071.3700084675,4,ESP,1,0,4,0,1,0,1,229.7193854618229,33675.24487679784,745
42,M,832,3,183164.04615544327,5,PL,1,1,1,1,1,0,0,461.78947452243034,59913.91483264005,1032
33,M,786,0,39345.52596670797,4,NL,0,1,4,1,0,0,1,233.87493236765658,96797.8763489681,886
67,M,314,7,43252.24573782469,1,DNK,0,1,4,0,1,1,1,481.29371450109034,102945.94630427302,823
54,M,606,5,57515.832268087186,1,HK,0,1,2,1,1,1,0,26.165542352892803,107913.4322660983,706
32,F,386,2,124381.69707369442,2,AUS,0,1,2,1,0,0,1,379.96182793421815,44879.41865759662,486
62,F,601,3,51355.79291775711,1,DE,0,0,4,1,1,0,0,261.5741939760052,141098.60548792093,601
36,M,316,5,172090.66749036586,2,BE,1,0,2,1,1,0,0,198.98070322104925,95695.55542042338,416
65,F,577,7,40603.30363681106,2,BE,1,0,4,1,1,0,0,108.65663727296894,54951.91052339237,677
41,M,477,5,157227.87786539894,4,KR,1,0,2,0,1,1,1,148.54921503231688,146529.50735775527,577
62,M,772,9,74598.32257654195,6,CZE,1,0,2,0,1,1,1,155.87259416750118,64861.92754609151,872
52,M,507,0,111763.99409283846,5,FR,1,1,4,0,1,1,0,85.94522038283142,145018.29349535747,707
43,F,571,5,13656.37928058352,2,NZL,0,0,1,1,1,0,0,352.0230232390425,127312.17878011947,571
21,F,742,0,176678.13409881387,6,GEO,1,1,1,0,1,0,1,152.97827742349529,28946.006090345796,942
35,F,513,6,87190.8360398786,5,TWN,0,1,3,1,0,0,0,401.59360070469916,60903.57209791484,613
26,F,308,8,177361.31950869918,2,VN,1,1,0,0,0,0,0,268.36747080548275,30166.127656538,508
63,M,502,9,97917.55552364718,4,SWE,1,1,4,0,0,0,1,74.76712028324657,42122.65483025276,702
63,M,434,3,76632.96557375425,4,KZ,0,1,1,0,1,0,0,227.42911467646,23080.221698637408,534
32,M,316,1,86638.11201869757,4,SI,0,1,3,1,1,1,1,118.0513665112152,55490.31443893598,416
26,M,361,9,28230.159876566984,4,EST,0,1,2,1,1,1,0,152.8349754247692,32647.36082112728,1761
50,F,464,9,129593.71768764313,2,HK,1,1,1,0,0,1,0,121.22423166573411,60738.27110550947,664
34,M,693,7,39261.55908698774,2,AUS,1,0,0,0,1,0,1,475.2950823273062,21007.240749254954,793
47,M,825,7,175291.47305040306,3,HUN,0,1,0,1,0,1,1,322.0348647364643,56330.40624428419,925
24,M,786,7,65079.90809214661,4,IN,0,0,3,1,1,0,1,86.00204478376149,31096.919382290012,786
68,M,334,6,59271.41327819174,2,MY,1,1,4,1,0,0,0,370.64895085886894,77994.8932319954,534
25,M,552,1,83045.57895130347,2,AU,1,1,4,0,0,0,1,221.398112765716,96058.03875331441,752
61,F,615,7,86774.47372581696,2,BG,0,0,2,0,0,0,0,443.76204898401556,34794.71142274742,615
52,F,384,0,135187.3559804747,6,FIN,1,0,4,1,0,1,0,336.3614997132456,142520.93703246478,484
41,F,584,4,190882.47140815353,3,JPN,0,0,3,1,1,0,1,492.8779087309292,114447.14752722411,584
35,M,704,0,67838.360910931,1,JP,0,0,4,0,1,1,1,222.72015233742556,131528.53211256242,704
45,M,412,1,60926.7182990165,6,ITA,0,0,1,1,1,1,0,200.10194016791695,92133.90450533354,412
65,F,555,7,194224.7039912334,5,TH,0,1,4,1,0,0,1,273.3633400681843,123698.98682582367,655
62,M,848,4,162990.16487471096,1,FIN,1,0,0,1,1,0,0,388.2131720028484,110545.69877019493,948
25,M,541,7,161132.66747408052,6,TWN,0,1,3,0,0,0,1,119.17192620729512,79535.7270770711,641
60,M,389,4,61048.43777119537,4,HU,0,1,4,0,0,0,1,147.4920174142193,129522.67867277868,489
29,M,499,4,158806.80282642329,1,FIN,1,0,3,1,0,1,1,344.3768543932872,36256.8596383238,599
56,F,447,7,155988.50409739287,2,GBR,0,0,3,0,1,0,0,241.22303332503688,97991.14226941936,447
21,F,776,4,174556.71658908683,1,LT,1,1,4,1,0,0,0,185.48971585685393,50657.4888407289,1538
47,M,436,4,22595.44132739677,3,IDN,0,0,0,1,0,0,0,249.79176710801937,123646.8374825155,436
69,M,612,5,87192.76793802646,5,AE,0,0,2,0,1,0,1,497.22516628933244,114109.39159871323,612
20,M,752,3,182003.60174397507,4,IDN,1,1,1,0,0,0,0,194.1662732851172,110926.98807924389,952
64,F,696,5,199238.54443507933,6,SI,1,0,2,1,0,0,1,204.40645519603555,103147.908889823,1896
63,M,325,9,42764.052930868915,6,MO,1,1,1,0,1,0,1,367.88122735992835,145679.30096732217,525
44,F,710,0,180340.58227056998,4,IRL,1,1,3,1,0,0,1,20.611547088788384,111194.50599794718,910
63,M,711,2,46493.86596182643,2,FR,0,0,2,0,0,0,0,344.7016644751533,110659.894690264,711
48,M,386,7,61846.91418775084,5,FRO,1,0,1,1,0,1,0,99.52784897321717,58174.386029523994,486
67,M,569,5,73170.8753694925,3,AU,0,1,1,1,0,0,1,256.34176670800343,24992.310336066577,669
37,F,409,7,69639.04244542716,6,IT,1,0,4,1,1,1,0,44.29577985106512,129869.33001462971,615
55,F,562,4,22634.055729907534,2,CYP,1,1,0,0,0,0,0,426.0866552128964,32550.76218752796,762
43,M,407,6,162654.74329986735,1,NL,1,0,2,0,0,1,1,339.45191330199503,45240.0396327306,507
32,F,707,9,138000.3679898818,1,USA,0,0,4,1,0,1,0,291.6561560770323,77342.95572695335,707
34,F,642,8,127566.8458219048,1,DK,1,0,2,1,1,1,0,135.06828528565342,71445.81412493016,742
34,F,337,6,65907.92864732293,4,SG,0,0,3,1,0,1,0,421.9448576986421,68787.93970058547,337
21,F,819,7,121396.33647046007,4,CY,1,1,4,1,0,0,1,124.77314380146949,73280.75464132511,1019
50,M,351,5,64513.655750690305,2,VN,0,0,4,1,1,0,1,293.5744146998744,86697.41822369854,351
50,F,830,8,24168.596863022594,4,FRA,1,1,3,1,1,1,1,348.56400760294525,78749.72159810808,1024
34,F,517,9,177193.57298734516,4,FRO,1,0,1,1,1,0,0,294.02490897825646,61273.02273917568,617
56,F,403,6,9995.851824134093,2,TUR,1,0,1,0,1,0,0,82.34856254150569,72981.12274793196,503
35,M,405,6,8507.024094516446,6,USA,0,1,2,0,0,0,0,456.83421909172614,142475.18431468334,505
22,F,443,3,151919.7381800881,3,USA,1,0,2,0,0,0,1,424.38783339273414,81191.01249995526,543
32,F,400,5,50351.83952101776,5,FRA,0,1,1,1,1,0,0,389.1046496997547,26661.273457452422,500
51,F,568,9,6868.773113511595,1,DNK,0,0,3,0,1,1,1,159.54556869261393,37335.28101426494,568
66,F,664,1,9084.936846519631,2,VN,0,0,1,0,1,0,0,443.4252645083299,61827.24867670841,664
39,F,487,0,150220.2839833083,1,GB,1,0,4,1,0,0,1,204.84728019139033,80199.84109951415,587
61,M,573,9,52184.72453670444,2,NZ,1,0,3,0,0,0,1,323.02337331233764,136298.429952824,673
51,M,457,3,72532.35590634044,1,FI,1,1,0,1,0,0,0,336.81543456419234,149405.19741511598,657
56,M,651,3,71897.05444703513,2,ARE,1,1,1,1,1,1,0,455.61325281145685,124069.69836087641,851
23,F,596,8,123464.38413131626,4,IN,1,0,2,1,1,0,1,63.7885724870981,53493.21691422913,696
37,M,828,9,195402.37571463198,5,BE,0,0,3,0,0,1,0,470.9237928922707,53160.21951579274,828
63,M,657,5,192594.98206325254,1,SGP,0,0,3,0,1,1,0,90.74118985954136,98704.53117404692,657
61,M,343,2,28629.58719655788,5,TW,1,0,3,1,0,0,0,130.15732163224214,85542.90139210346,443
57,M,621,6,5030.174771866358,2,DNK,0,1,0,1,0,1,1,37.02911522693423,76817.27049695187,721
23,F,315,0,191653.4555016425,1,CZ,0,0,0,0,1,0,0,386.20998050902625,128406.44253399185,315
42,M,688,0,190291.44997030476,2,SI,0,1,1,0,1,1,0,497.94590516480974,21759.008269386533,788
52,F,838,4,86889.73704307807,5,DEU,0,0,2,1,1,1,0,347.2510530939154,43623.757116069064,838
65,M,401,4,100791.56082693832,1,NO,0,1,1,1,1,1,0,414.3831200059926,53783.235868424,501
57,M,480,9,31114.61109156248,2,TUR,0,0,4,1,1,0,1,190.9637578117368,111684.50579745202,480
37,M,727,0,15673.332477032065,1,HU,0,1,2,0,1,1,1,145.2928470492749,112319.10988782883,827
64,F,462,2,97658.08185136653,4,SGP,1,0,3,0,1,0,1,304.0442026034237,78549.45432875531,562
69,M,841,9,27830.63893052966,3,CH,1,1,1,1,0,0,0,366.3734572833083,54585.39690519314,1041
55,F,458,9,75988.48204794535,6,GEO,1,0,1,1,1,0,1,302.34601900085966,95127.04767374953,558
60,M,837,5,111999.80141569665,1,AU,1,0,3,1,1,0,0,146.7807422076674,29933.038899159834,937
21,M,518,3,32830.41875936492,6,THA,0,1,0,0,1,0,1,136.8444717281925,41667.35807221854,618
18,F,528,6,156057.73156107168,3,SI,0,1,3,0,1,1,0,426.3579069264593,94448.06578486178,628
41,F,327,2,173724.2858012118,5,AUS,0,1,3,1,1,1,0,88.49412551090552,45562.166111317754,427
45,M,508,0,87560.60988094078,3,FR,0,1,1,0,1,1,1,143.13718480408755,103582.56932985049,1182
31,F,698,1,86788.46946826868,3,DNK,1,0,3,0,0,1,0,411.5964477683025,99548.63943329139,798
46,M,754,6,21924.555600883356,5,FRA,0,1,3,1,0,0,1,235.5413720228977,83511.34843291673,854
62,F,562,9,120101.9330455428,6,LA,0,0,4,0,1,0,1,43.91174419962566,86904.29953781582,562
50,F,402,2,84560.22951295042,6,MY,0,1,0,1,1,0,0,97.07618391672149,79692.25027357829,502
18,F,573,1,52036.04087987654,5,TWN,1,1,0,1,1,0,1,487.36612648400984,33858.00403471913,773
28,M,782,9,146280.61375437127,2,CH,1,0,3,1,0,0,0,152.4726796795667,83579.66233143909,882
50,F,526,5,150476.87699788285,2,TWN,1,0,1,1,1,1,0,333.7434177894336,107322.21990053839,626
52,F,713,9,162161.07500295926,2,IDN,1,1,4,1,0,1,0,304.58876314095585,67581.62532633041,913
25,F,402,1,107344.16598911924,5,FRO,1,0,1,1,1,0,1,380.7737440911092,147838.21464641264,502
18,F,528,3,132159.10457843906,1,DK,1,0,2,1,1,1,0,488.04625242582557,64094.87689044513,628
27,F,414,3,113433.63718271255,1,AT,1,1,4,1,0,0,1,48.00367589113512,20608.32205430592,614
59,F,780,7,134391.88679449836,3,ES,0,1,3,0,1,0,0,72.85954007119591,130312.23248570593,880
36,M,638,5,91263.31401725265,3,HK,1,0,3,1,0,1,1,421.08834654222636,43872.33890873154,738
67,F,801,3,133609.61771768684,4,CZ,1,0,1,0,1,1,0,156.09996449259947,101502.7336881976,901
44,M,343,8,128217.78379715541,1,KOR,0,1,3,1,1,1,0,372.20288827977976,63037.91403222001,443
45,M,662,2,29787.472243099233,6,FI,0,1,3,0,1,0,0,442.82350222505465,102799.96734685606,762
27,M,803,7,105627.0991225651,5,AE,0,0,1,0,1,0,0,297.8168439657772,140436.76123607412,803
52,F,450,8,145020.33191363155,3,SWE,0,0,3,1,0,1,0,245.98182702994026,108211.48814054398,1439
30,F,502,0,111010.19266414345,3,DE,0,0,1,1,0,0,1,472.5044244766507,87421.66097150005,502
36,F,320,6,194388.20439100376,5,NO,1,1,3,1,0,0,1,242.16554531180802,50848.788006458526,520
34,M,557,5,97666.09294605977,1,LU,1,0,3,1,1,0,1,131.43412251989722,25720.881293248087,657
27,F,705,1,101322.59114601139,5,PRI,0,1,4,1,1,0,1,81.63962822498787,24695.150567716035,805
21,M,340,2,169411.82108522058,1,AT,0,0,0,0,1,0,1,426.7491709664168,43298.41014384006,340
22,F,685,9,105998.55108249045,3,ES,0,0,3,0,0,0,0,202.28337866792182,71997.01362250588,685
27,M,561,7,44230.795209791475,1,FRA,1,1,0,0,1,0,1,209.40145976116503,141086.25730654236,761
40,M,597,6,121571.72467547006,6,SWE,0,1,4,0,1,1,1,248.330644676799,129096.68138704766,697
33,M,685,4,67354.2891452087,4,CAN,1,0,4,1,1,0,0,242.76690445421406,126421.8416652945,785
58,F,643,7,172808.57101556938,5,NO,1,0,2,0,1,1,0,29.754139519267717,25855.780727987516,743
49,F,726,0,126276.0451692122,4,ID,1,0,3,1,1,1,0,461.2924149124095,84401.2843724524,826
27,F,655,1,49960.677194417745,4,DE,0,1,3,0,1,1,0,448.1183054328009,111959.50842982746,755
45,F,506,0,52941.06333522455,6,BG,0,1,3,1,0,1,0,435.80078226035187,114671.94860947544,606
62,F,617,2,137330.19822659448,1,TWN,0,1,3,0,1,0,1,159.55088632397647,66372.42976133144,717
25,M,816,5,117800.34826198815,6,NZL,1,1,3,1,1,1,1,230.6225416935324,141426.91732172004,1016
36,M,810,2,108349.80751359486,6,JPN,1,0,3,0,1,1,1,249.87350603152962,130081.64945990573,910
49,F,637,0,163446.32549340784,1,SG,0,1,2,1,0,1,1,326.43144872066426,89695.12335395021,737
43,M,346,0,138151.8183216972,6,CY,1,1,0,0,1,1,0,405.09207142393177,112290.30558473062,546
68,M,420,9,130242.15538351305,3,AU,0,1,2,1,1,1,1,118.21369829682038,93026.1164887435,520
50,F,539,8,123666.74448503047,3,SG,1,1,1,0,0,1,1,333.3497368959272,96765.24814166725,739
56,F,596,4,52388.067522091354,4,EE,1,1,2,1,0,1,1,418.7608889104872,32318.267905397497,796
68,M,384,9,89866.4104839661,2,IN,0,1,0,1,0,0,0,166.6041045516099,47573.432034639474,484
26,M,700,7,37852.5252449873,4,AE,0,0,3,1,1,1,1,424.02503219190913,65421.06123902786,700
25,F,837,5,45596.82156636371,5,GEO,1,1,1,1,0,1,1,340.94856876313054,49553.92261137603,1037
56,M,311,6,157410.5861454226,2,KOR,0,0,3,1,1,1,1,222.63718780854074,32347.296767688316,311
26,M,552,0,176261.34170338913,6,IDN,1,1,2,0,0,0,0,455.2646042897963,30763.331511652268,752
55,F,816,4,75327.84381248394,5,USA,0,0,3,1,0,0,0,169.5259191043411,50040.0627161613,816
32,F,611,2,73278.40277328463,1,GR,1,0,0,1,0,0,0,402.15805788954015,59460.83699340457,711
38,F,535,7,54156.14182542923,3,IE,0,1,3,0,0,1,1,83.3668748500606,137987.3918440066,635
30,F,821,3,144167.2175959164,3,HK,0,0,1,0,0,0,1,306.1606662305183,47711.58832349375,821
31,M,449,4,92783.36382501356,6,PRI,1,0,2,1,1,0,1,411.668866348695,26797.313025616484,549
53,F,627,8,146375.60428711397,4,AUS,1,0,1,0,0,0,0,413.74920811356435,76710.34397705244,727
49,M,713,6,3960.584983345039,5,THA,0,0,1,0,1,0,0,46.24539972087837,100728.80867397934,713
41,F,735,5,56224.01880033585,6,TUR,0,1,0,0,1,0,0,454.2412704349045,50288.33695914345,835
38,M,713,5,128056.96339854079,3,PRI,0,1,0,1,1,1,0,366.537962471961,85599.9938142979,813
56,M,583,6,83711.0533171745,1,SG,0,1,4,1,1,0,0,232.34130007034182,107962.69503788771,683
64,F,318,9,169088.56624491754,5,CN,1,0,0,0,0,0,1,276.2651820903942,145140.6706396392,418
60,F,564,3,174350.67828107052,1,TW,0,1,4,0,0,0,0,325.9531591422082,28289.976011034585,664
59,F,570,4,86798.54351808991,4,EE,1,0,4,1,0,0,0,168.12011067546047,75737.82330384884,670
50,M,310,5,97863.50764122333,4,BE,0,0,4,1,1,1,1,478.2243693701666,107621.14261027204,310
35,M,516,5,14972.469528890442,4,NZ,0,0,0,0,1,0,1,250.4935380844668,144574.81440073403,516
37,M,786,0,152086.82436381854,2,VN,1,0,1,0,1,0,0,231.5395834579682,76138.52521392578,886
69,F,410,7,51697.103444284156,1,GR,0,0,0,0,1,0,0,350.6150350262681,73486.38748013771,410
29,M,500,6,103436.0652435988,4,NZ,0,0,0,0,1,0,0,237.9381972717418,31786.922304396434,500
60,F,335,5,153218.60647470565,5,FI,0,1,3,1,1,0,0,331.95951704516415,56760.13118454989,435
33,F,696,6,181440.7156257819,3,AE,0,1,3,1,0,1,1,125.85215214003907,132280.03599750658,796
62,F,465,7,90067.68829589679,6,CAN,0,1,4,1,0,1,0,243.93109673223012,147764.50109548785,565
36,F,511,3,163551.5173928626,2,JPN,0,1,2,1,0,0,1,484.8864528070161,37732.82684785753,611
59,M,838,8,193173.45505113315,1,DEU,0,1,2,1,0,1,0,245.68742566811196,146752.49125255639,938
50,F,702,7,55199.78518340638,2,ESP,1,1,4,0,1,0,0,207.78615077066294,66069.12382103654,902
55,F,597,7,124719.0260214307,2,HU,1,1,4,1,1,0,0,89.33917087961103,50634.02479161071,797
59,M,760,9,8618.628935249917,4,GB,1,1,4,0,1,1,1,147.45375642788267,98265.58633630395,960
24,M,359,7,82556.26304993832,1,JPN,1,0,0,0,1,1,1,271.55704865372905,116680.99879387254,459
47,F,338,3,103728.12246746312,4,NOR,0,1,4,0,1,0,1,337.1926519520952,120760.3433646265,438
22,M,729,1,54285.849601788126,2,KR,1,0,1,1,0,1,0,142.9553041910501,55633.66515088339,829
50,F,533,7,117338.3216857081,4,DK,1,1,2,0,1,1,0,412.52535726634846,30498.849172661496,733
38,M,605,7,62006.81129073369,4,TW,1,0,3,1,1,1,0,459.0374800176952,62849.56359702139,705
68,F,592,6,148751.7249376548,5,PRI,0,0,3,0,0,1,1,297.5498050331532,127915.42294250325,592
19,F,559,1,118420.97150345397,5,US,1,1,4,0,1,0,1,171.58040682107023,62574.769375459655,759
39,F,471,5,162977.12039240426,4,ES,0,0,3,1,1,1,0,298.875845752401,72517.63570441198,471
26,F,676,8,6050.611558337949,6,HU,0,0,0,0,0,0,1,322.454411569191,68853.52316893017,676
27,M,612,1,177874.72008085035,4,KR,0,0,0,0,1,1,0,38.2005517403822,67459.9347503852,612
42,F,677,8,140289.5390389005,2,NO,1,1,1,1,1,1,0,69.60489100439362,102403.21853225457,877
33,F,350,2,76831.20842133451,4,US,0,0,0,0,0,0,0,211.59952722678267,102417.81101968735,350
52,M,665,4,26896.217126226053,1,TUR,1,1,2,0,1,0,0,227.17229700331956,146573.27133299387,1662
68,M,619,1,102247.06863710642,6,TH,0,1,3,1,0,1,0,165.50457812653806,137390.02526607196,719
57,M,306,6,6268.839759241951,5,PRI,1,0,1,1,1,0,0,212.81615143391124,35866.91107323994,406
37,M,471,4,17260.363698341054,4,GB,1,0,0,1,0,0,0,130.18769303254993,26109.067208283293,571
56,M,576,4,116320.45142530686,2,FRA,0,1,3,1,0,1,1,78.31634762026111,143748.59122919812,676
31,M,771,9,136477.14797978173,4,BG,1,0,3,0,1,1,0,45.035975546093084,67630.17974569347,871
40,M,722,9,136771.83123650317,3,BE,1,1,3,1,0,0,1,114.65759401901515,45209.97064875611,922
46,M,633,4,20026.86154123754,1,ITA,1,1,1,1,0,1,0,374.9596468737319,118051.4068770663,833
61,M,481,3,190489.24149975457,6,ITA,1,0,4,1,0,1,1,445.9953342123733,122790.80519858468,581
47,M,805,1,97625.19967030076,6,LU,1,1,2,1,0,0,0,51.39900967306893,53115.190342967704,1005
62,F,634,6,183906.95840229714,1,AT,0,1,3,0,1,1,0,304.51232200005995,143979.0551219814,734
20,F,393,8,81575.81240389691,1,KOR,1,0,4,0,1,1,0,331.253578699549,75687.8256778831,493
30,F,774,1,81123.7033189949,4,IN,1,0,4,0,0,0,0,457.99481824174575,149245.06056881166,874
35,M,362,2,117489.44358712457,4,FIN,0,1,1,1,1,0,1,117.34331955650825,95597.85499085441,462
64,F,594,5,165819.03644126534,6,CYP,0,0,2,0,0,1,1,494.91885056999047,117267.43900224118,594
58,F,506,4,173835.13898729032,5,US,0,1,1,0,1,0,0,263.53418819135464,34954.58570141121,606
49,F,404,6,119230.67399775118,3,JP,1,0,4,0,0,1,0,54.16066940325994,149021.45229738517,504
42,M,783,3,112279.32943849578,4,NO,0,1,3,1,0,0,0,472.1848158841207,73311.45382314626,883
59,M,406,1,188212.9556603192,6,CY,1,1,4,0,1,1,0,433.44516692804814,147356.4190280104,606
39,M,422,8,158320.2515263735,6,IRL,0,1,2,0,0,0,1,241.5509420827897,126539.14648928837,522
30,F,326,5,178116.78760411975,3,ESP,0,1,4,1,1,0,0,107.34834241268551,24362.817010848034,426
56,M,529,7,82415.1992851988,2,US,1,0,4,0,0,0,0,371.7536794171896,28386.929911730338,629
63,M,685,8,168279.2029659474,5,IN,1,1,0,0,1,1,1,476.55374458188953,84320.59293954486,885
42,M,584,3,174972.22347557146,2,ID,1,1,2,0,1,1,1,237.40061242300692,33019.5612121528,1474
37,F,445,5,85245.7098073961,6,EST,0,1,2,1,0,0,1,124.01330632005845,64627.59095800842,545
65,M,478,5,90578.48646259827,4,LT,0,1,4,0,0,0,1,32.33446322265667,21681.43120068988,578
61,M,442,7,39183.16931594032,3,BG,1,0,0,0,1,1,1,382.84895272179585,142087.03922746613,542
55,F,665,6,61580.149182366404,6,ES,0,1,4,0,0,0,0,456.8304216949392,93983.5984372167,765
56,M,321,6,103792.44212836902,2,KOR,1,0,1,1,0,0,0,469.39158640700316,33386.22363361887,421
48,M,679,2,188872.85068880825,1,CHN,0,0,4,1,1,0,0,74.1051060166118,38538.75019563656,679
58,M,817,3,178060.47929040433,3,GEO,0,0,2,1,1,0,1,381.69477770400744,89525.4206229921,817
31,M,528,0,127036.58992647738,2,JPN,1,1,4,0,0,1,0,395.40145925821696,64210.12432729181,728
23,F,598,8,93292.62833427147,4,GBR,0,1,0,1,1,0,1,295.72912373253064,87065.82324542632,698
20,M,635,0,197153.5558842381,5,TUR,1,0,2,1,0,1,0,180.97437454058758,64213.34833728777,1206
48,M,593,6,75634.68109889266,2,US,0,1,3,0,0,0,0,381.0263440220296,76614.77800811271,693
59,M,414,4,178480.56853266415,6,NLD,0,0,4,1,1,0,1,414.77123083955865,72840.30671674675,414
59,M,370,4,84522.53573420514,6,BE,0,1,1,1,0,1,1,52.005970938802584,24647.409620728733,470
65,M,649,0,146672.81218578,2,MO,0,0,4,1,0,0,1,104.60697947401933,34897.35715411328,649
67,M,426,7,175825.5449534243,6,SWE,0,1,2,1,0,1,0,372.15681122362633,103954.63454489561,526
64,F,767,8,100689.3235113784,6,FRA,0,0,2,0,1,0,1,123.4724148022289,108745.3770300853,907
31,F,681,3,184272.19750232893,1,NL,1,0,4,1,1,1,0,76.7756527503777,54091.80782917895,781
47,F,624,1,171816.18729517816,6,KZ,0,1,1,0,0,1,0,458.04903291774855,83895.9387041812,724
56,M,305,9,146767.47900020998,1,NLD,0,0,1,0,0,0,1,225.4045912580152,101997.12151370628,305
65,F,676,1,157980.75991083484,5,DNK,1,1,1,1,1,0,0,278.9067704307075,122172.88588389113,876
32,F,384,4,122044.05560231593,3,USA,0,0,3,1,0,0,0,305.79161778000827,33674.827259657985,384
49,F,338,4,44245.65349435874,5,FIN,0,1,1,0,0,0,0,224.68181698468868,88871.07715895472,438
62,F,482,3,198829.68622846974,5,IN,0,0,0,1,1,0,0,44.047311210699114,104939.86109831679,482
39,F,641,1,181305.86764686063,1,CH,0,0,1,0,1,1,0,324.39452161370895,136491.91555412606,641
34,F,360,0,131304.55354272734,4,TWN,1,0,2,1,1,0,0,39.653977568834655,96605.00532553706,460
66,M,339,8,155133.57713437802,1,SGP,0,0,2,1,1,1,1,35.79394468630987,63909.57983212025,339
60,M,530,9,98629.81753129588,4,AUS,0,0,3,1,0,1,0,175.7157149466007,110245.06650306095,530
31,F,786,5,15008.310635684042,5,DK,1,0,3,0,1,0,0,305.72036921465195,125188.41981917202,886
62,M,590,1,121225.75690992494,2,THA,1,0,3,0,0,0,0,117.46592620888282,132430.81818937836,690
52,F,623,8,134593.26374351006,6,EST,1,0,1,0,1,0,0,497.9074146757165,107563.36931676226,723
49,F,483,9,98428.09466393,4,TH,0,1,0,1,1,1,1,189.36288207560597,103781.78908142183,583
32,F,571,5,10501.550336296006,3,DEU,1,1,0,0,0,0,1,396.8060432775236,120026.2781811163,771
59,M,674,2,30792.786928065107,5,LU,1,0,0,1,1,1,0,194.53159498434277,122279.51911876746,774
57,M,463,0,71198.96468230069,5,TH,1,1,3,1,1,1,0,356.59844248322565,99247.85434781083,663
61,F,704,4,41999.75892003487,5,JP,1,0,0,0,1,0,1,128.3571983112057,46575.37053065385,804
66,F,612,9,60081.564318262506,1,THA,0,0,3,0,0,1,0,188.36227387435196,55152.80268892552,612
49,F,712,4,163328.5414382865,5,TWN,0,1,2,1,0,1,1,442.48979259116123,25390.058267055647,812
29,M,653,5,26956.151126274854,6,NL,0,0,1,0,0,1,0,294.94929215466135,133388.41847972537,653
67,M,716,6,67014.24203947626,1,GBR,0,0,3,1,0,0,0,427.7525380776325,63622.6041093984,716
40,F,843,7,92935.81245935238,3,DEU,1,1,2,0,0,1,1,75.28651688538652,74834.50439830251,1043
41,F,649,8,17867.181918310227,6,FRA,1,1,4,0,1,1,1,29.67479963601294,50244.536023853616,849
20,M,377,1,146461.66662054806,2,SI,1,1,3,1,1,0,1,64.03624421104992,25064.219870539084,577
29,F,672,0,108888.62825018975,6,GEO,1,0,4,0,0,0,0,431.3109096778147,76356.97974334788,772
65,F,639,6,177578.02251362876,3,MO,0,0,4,0,1,1,1,417.1048672013162,54941.68987073314,639
54,M,366,8,181010.4569353315,5,ITA,0,0,1,0,1,1,1,239.8787038332136,95265.77182583805,366
61,F,527,7,193711.6685566403,2,KZ,1,0,4,0,1,0,1,275.64592906745963,53208.00467739344,1842
51,M,406,7,94857.29620421343,1,MEX,0,1,1,0,1,0,1,332.8804161127518,134243.0431555761,506
37,F,300,3,88321.88200153754,5,NLD,1,1,0,0,0,1,1,481.9918497331104,96981.45172327526,500
54,F,628,0,109980.50194257507,5,GR,1,0,2,0,0,0,0,393.18649005382304,102946.02019451241,728
68,M,514,6,39602.78921499456,5,GB,1,1,0,1,1,1,0,85.64296923857802,113060.53215255187,714
21,M,537,5,237.42918084734833,6,GR,1,1,2,1,0,1,1,310.75568085913403,141190.16510485526,737
46,M,362,5,36194.82258979203,5,CHN,1,1,0,1,0,1,0,339.08850080279603,36577.21741646863,562
51,F,514,4,49894.517782873016,3,LT,1,1,3,1,0,1,1,454.1498434994013,90301.79503573128,714
36,F,643,5,127680.73393680906,1,TUR,0,0,1,0,0,0,1,310.89426080684416,129976.71562981828,643
69,M,655,7,135933.48025046487,2,CZE,0,1,2,1,1,0,1,388.2259069515012,45107.41447558174,755
37,M,733,7,195978.15536148954,1,LT,1,1,0,1,0,1,0,304.81709563034843,29203.01189292815,933
56,F,709,6,154397.51522213424,4,SWE,0,1,0,1,1,1,1,346.30841347666103,40760.37733511759,809
31,M,559,2,139081.35844674322,5,FRO,1,1,2,0,1,1,1,79.66299763604292,123822.05712973258,1403
53,M,652,0,12650.151699762602,3,PRI,0,1,4,1,1,1,1,359.08744288495734,61209.00475044412,1457
42,F,531,7,39275.5172625485,4,MEX,1,0,4,1,0,0,1,85.52696131607065,44209.72793561116,631
43,M,792,8,160287.82583563504,3,TUR,1,1,3,0,1,1,1,53.32950513592928,114777.17845512454,992
65,M,507,9,85606.07086029203,2,NZ,0,0,1,1,0,0,1,104.94437862160214,123480.81878325238,507
28,F,607,4,29612.46399257802,6,FRA,0,0,0,0,1,1,0,34.27303143818342,144803.13775871674,1748
46,F,420,6,44523.58294782665,2,HK,0,1,3,1,1,0,0,35.03153750508339,58121.12167441198,520
52,M,669,4,170370.29243878293,3,ID,0,0,0,1,0,1,1,472.457461625715,89427.68757308697,669
50,M,798,4,13187.781750232074,5,DE,0,1,4,1,1,0,1,101.32943566586826,79283.86834520064,898
60,M,562,7,166436.56470922614,3,LT,1,0,0,1,0,0,0,157.65027277327042,140213.81195347972,662
58,M,685,0,48154.75625160219,4,CHN,0,0,2,1,0,0,1,174.59413678680406,39258.14488689873,685
38,F,391,2,7352.068263805833,4,MY,0,1,3,0,0,0,1,376.27010862393513,107796.99516590168,491
28,M,514,5,175398.39179941727,1,DE,1,1,3,0,0,0,1,159.0259900350475,21337.962436114856,714
55,F,711,4,8716.370158392505,5,BE,0,1,4,1,1,1,0,287.1143895843559,26767.25918291043,811
27,F,826,9,171797.55465696604,2,HU,0,0,0,0,0,1,0,203.19353032101276,20252.759199175165,826
52,F,700,0,83562.02205507728,4,NOR,0,0,1,0,1,1,1,317.78078277960367,92174.60749054972,700
45,M,514,5,148630.73227924807,5,NOR,1,1,4,1,0,1,0,494.7625333642579,21936.08245022766,714
37,M,770,4,103957.89302323048,6,DNK,0,1,4,1,1,0,0,199.1110337386679,28745.48828908225,870
60,M,527,8,146479.8719031154,4,EST,1,0,2,1,0,0,1,159.63215123618434,82002.33157997181,627
31,M,327,6,125884.97056427304,1,EST,0,0,4,1,1,1,0,26.953437096195305,90806.4069838186,327
31,M,581,3,29588.603116911007,2,CZE,0,1,4,0,0,0,1,456.1643719524814,124472.32992620251,681
66,F,825,7,131206.47535225694,2,JPN,0,0,3,0,0,1,1,107.94360581544771,28598.10917630817,825
33,M,782,4,72338.47023038805,1,NZL,1,1,1,1,1,1,1,430.0580652738162,121086.75017411062,982
57,F,730,7,54489.69379137896,5,CZE,1,1,3,0,1,0,0,454.49193611640186,75949.80638257392,930
22,M,637,9,32568.658785768155,5,HUN,1,0,2,1,0,0,1,142.5045861474703,20445.570413411606,737
39,F,328,6,106718.29923110649,1,THA,1,1,4,0,1,0,1,425.69873899621825,133080.7482438127,528
68,F,726,1,163348.38859740316,2,SGP,1,0,3,0,1,0,1,470.3618355987321,26093.780067005435,826
63,F,391,5,170437.57908324836,3,HUN,1,1,0,1,1,1,0,296.7435494302474,78147.38399355605,591
46,M,410,1,91106.98604379794,6,KOR,0,0,0,0,1,0,0,269.6081553121901,111464.02197736717,410
53,M,615,1,113643.63682971013,2,LA,0,1,3,1,1,1,0,113.50191610202069,91429.57909942513,715
24,M,324,4,46183.167141764934,6,LU,1,0,0,0,1,1,1,315.8933211453355,48779.57892943812,424
39,M,735,4,54768.59943271057,1,DK,1,1,0,0,1,1,1,183.25057384416755,53001.88761765096,935
35,M,605,1,184551.9514989588,1,TW,1,0,4,1,0,1,0,225.47695291259447,127827.72898272032,705
27,M,608,4,154821.71654126144,4,GBR,1,1,3,1,1,0,0,450.9061531924301,68052.64418251006,808
57,F,507,0,16115.712774763359,6,MY,1,0,1,1,0,0,0,247.4026272024855,64462.23818917944,607
50,F,640,0,147281.39646723488,6,DNK,0,0,0,0,0,0,1,435.25165650309026,89429.9531142606,640
25,M,425,5,86499.56178028262,5,GR,0,1,0,0,0,0,1,53.50482608014801,102649.46507374974,525
62,F,755,2,148893.07562726393,1,SWE,0,1,4,1,1,1,1,76.16312481707484,66693.5249538508,855
67,F,578,1,4636.669045288566,3,IT,0,1,0,0,1,0,1,309.37981615626836,95762.53826096746,678
19,F,508,2,197709.06131662632,4,CZ,0,1,1,1,0,0,0,98.57564720551073,112664.43850348238,608
65,M,705,4,2498.8894651122305,4,IE,0,0,1,0,1,0,1,434.43752941291757,68435.72033717854,705
38,F,480,5,10441.072185929,3,NZL,0,0,0,0,0,1,0,394.9711813322649,87548.05808109946,480
38,F,827,7,155561.7399307562,2,DK,0,0,4,1,0,1,1,86.23870293071363,117106.58210936545,827
27,F,483,9,51486.84375641186,1,CHN,0,1,3,1,0,0,0,312.81102719431664,54881.46206558182,583
36,F,479,0,44621.08532106361,2,KZ,0,0,4,0,1,1,0,404.4296393901993,54959.6011328183,479
42,F,327,1,150736.68088999105,2,CZE,1,0,2,1,1,1,0,64.19008190979588,80271.75233804171,427
66,M,696,0,113786.52221401599,1,SWE,1,0,4,0,0,0,1,119.4895407246547,49879.52922746449,796
61,F,363,9,142550.95389243698,3,THA,1,0,2,0,0,0,0,423.5638554738023,99597.98558653817,463
40,M,574,4,45101.098659398995,4,IE,1,1,4,1,0,0,0,209.49239292997703,130027.29640631627,774
20,F,623,5,135280.4565147937,5,ID,0,1,2,1,0,1,1,379.86112381358015,71452.23810487223,723
18,M,313,8,14960.9418271188,6,FR,1,1,4,1,1,0,0,429.75687793037076,145639.6756072359,513
34,F,412,1,92465.21425181966,6,DNK,0,0,2,0,0,0,1,448.8244401953969,131717.4210898118,412
49,F,699,9,71567.15415750915,4,CZ,0,1,2,1,0,0,1,355.13847514141855,24699.746443754517,799
50,M,623,1,146241.4757968773,1,NZL,1,0,1,1,1,1,1,417.9532177701551,131333.84434309485,723
20,F,643,2,191246.70320279885,1,IE,1,0,4,1,1,1,0,51.52104862517607,100751.7491692946,743
26,M,843,3,87966.7664660908,1,CH,0,0,0,1,1,0,0,461.2744102936814,30998.772126483327,843
45,M,456,1,126033.92867052788,3,ES,1,1,4,0,1,0,1,208.72824401177493,113169.73448421783,656
38,F,715,1,117212.56079571709,3,PL,1,1,2,1,0,0,1,447.9930708186132,47448.28235201147,915
31,F,650,6,188033.44772113653,4,SE,1,1,0,0,0,1,0,398.6308092583134,39162.408561924836,850
23,F,702,2,147443.8313175817,2,CAN,0,1,2,1,0,0,0,38.3507612117736,98401.83745016635,802
63,F,305,0,96081.68644236439,3,ID,1,1,4,0,1,0,1,94.94357647137194,66416.51989431941,505
60,F,567,4,96738.40302080695,3,NZL,1,1,3,0,1,0,0,491.27288337740254,119565.07520198716,767
46,M,626,8,34827.52401864331,2,FRO,0,1,3,0,1,0,1,51.8232604946452,131736.94255192936,726
68,F,725,9,85957.7407531845,3,NL,0,1,3,0,1,1,0,363.0751166317131,90607.17029333436,825
59,M,758,1,62371.50415542669,5,HUN,0,0,3,1,1,1,0,245.45441569949642,51563.0420710363,758
40,M,846,0,198848.87075566003,5,PL,0,1,2,1,1,0,0,293.26774221022856,44727.17576111404,946
31,M,441,8,43580.948832250724,2,FI,1,1,4,1,1,0,1,141.6948057714726,33526.38755107632,641
55,M,495,6,36008.00983818479,1,EST,0,1,0,0,1,1,1,302.4220663395933,95299.59317193144,595
65,F,301,8,152246.0243343082,3,NZ,1,0,3,0,1,1,1,305.76593135850544,49995.18868903698,401
29,F,817,8,19468.06581874929,1,MEX,1,0,4,1,1,1,0,277.80361343338734,38359.74637947293,917
33,F,539,9,13603.327669314669,3,IRL,1,1,1,1,1,0,1,25.61622729003945,47127.29352028399,739
37,F,685,1,150036.83879961295,5,CH,1,0,0,1,1,1,0,277.87743372520436,140944.00407141383,785
51,F,337,3,54199.908783988416,1,MY,1,0,0,0,0,1,1,107.21993072416103,22948.283213451505,437
28,F,382,3,95519.64392442718,6,MO,0,1,2,0,0,1,1,321.3092363456027,36995.82306249221,482
42,M,370,2,33468.545288368376,4,CAN,1,1,2,0,0,1,0,418.96772881085286,121864.59845966965,570
43,M,583,0,136693.4373752856,5,SG,0,0,2,1,1,1,1,119.28939964276071,26379.1831311993,583
43,F,525,0,88125.93640702608,6,NL,0,1,3,0,0,0,0,456.16692174327164,110661.53920430863,625
37,F,378,2,7290.077266340167,6,HKG,0,1,1,0,1,0,1,89.75951341485523,149053.37759232454,1089
19,M,388,3,73614.72362068518,4,USA,0,1,4,0,1,0,0,425.1644628108065,42392.44548415951,488
56,F,530,4,155196.9769273363,3,SGP,1,0,0,0,0,1,0,264.018237400936,41573.704589190645,630
42,M,401,1,113157.14761169795,6,CH,0,1,3,0,1,1,0,294.7196238593,21446.01032494561,501
54,M,739,4,20403.143384095947,1,CAN,1,0,0,1,1,0,0,472.9725660692902,46323.98467946876,839
18,M,696,5,116298.85149134023,3,CAN,1,1,3,0,1,1,0,264.6491543260881,30388.075084263306,896
57,F,311,5,163600.59448451654,2,TW,0,0,0,1,0,0,0,147.7711162830261,112040.15870364697,311
33,M,337,9,44633.36673676736,1,FRO,1,0,1,0,0,0,1,403.58815170706873,114935.59300648056,437
68,F,660,3,132577.11583155848,4,DEU,0,1,3,0,0,0,1,242.7304577676798,54640.5898030041,760
33,F,323,5,58048.39466041167,6,AUS,0,1,2,1,1,0,1,55.451247033733075,49589.33044958251,423
42,M,706,9,42014.8803119708,1,NL,0,1,2,0,0,0,0,360.24754120557367,21514.6981676804,806
19,M,833,1,85754.95625273917,6,CY,1,0,4,0,0,1,1,397.4600634953255,128013.23894157266,745
66,F,645,2,166257.5531034854,1,EE,0,1,0,1,0,0,1,161.2766643276608,92550.37884080726,745
66,F,418,5,7680.18911278685,5,CAN,0,1,1,1,0,1,0,413.52487069481197,115823.5851732559,518
30,F,365,1,164754.21945152333,6,BE,1,0,3,0,0,1,1,299.8711949864095,143032.17050387326,465
21,M,651,2,109776.0266148122,6,NOR,1,0,3,0,1,0,0,181.09560701884914,146453.18450780513,751
67,M,554,6,163015.19118208857,5,DEU,0,0,1,0,1,1,0,220.22486789154817,33282.62155231266,554
23,M,542,0,7335.3245265119995,4,DE,0,1,0,1,1,1,1,169.67445955996004,105153.80527922156,642
40,F,361,1,87352.97961454294,5,AUS,0,1,1,1,1,1,0,333.563987849983,114165.9963856298,461
53,M,821,9,44158.22834946695,5,TH,1,1,1,1,1,0,0,154.57497654015188,87569.0061309572,1021
28,M,705,3,116659.75778215809,2,TUR,1,1,3,1,1,1,1,130.15435309596344,119915.94888377108,905
57,M,415,7,113947.46297035388,6,HKG,1,0,0,0,1,1,1,104.78082492175092,95005.05259253345,515
68,M,678,5,155805.22037409933,4,NZ,1,0,2,1,1,0,1,410.89208889439396,101518.26063332033,778
43,F,532,4,156572.70584763907,6,LA,1,0,2,0,1,1,0,132.35419387681782,58837.17472265765,632
20,F,702,8,10201.016663341767,3,HUN,0,1,1,0,1,0,1,226.25688407886028,41362.3003690084,802
47,F,798,7,65768.38961355713,2,SK,1,1,1,0,0,1,1,32.392235914426415,84878.60083323154,998
58,F,334,3,102092.94120843013,4,DE,0,1,0,0,0,1,0,313.9408431154395,68705.87117966593,434
64,M,482,2,112139.07503066634,3,ARE,1,0,2,0,0,0,1,349.6856744997187,90507.51306753154,582
33,F,320,0,130006.17396529108,1,LA,0,1,3,0,1,0,1,170.78076133706614,93701.43705878065,420
18,F,414,2,52919.09385513372,6,AT,1,1,0,1,1,1,0,389.82511517839475,137198.62055043853,614
48,M,320,9,166596.333230275,1,ES,1,1,2,1,1,0,0,178.56765219599708,31342.714509209432,520
21,F,687,9,48816.063568026504,6,SGP,0,1,3,1,1,1,0,50.84781866344315,65209.43844296172,787
55,M,773,9,117411.61884955932,2,ESP,0,1,1,1,0,0,0,401.65520959933485,124785.43161700135,873
48,M,662,9,182018.8289501072,6,ES,0,1,3,1,0,1,0,374.83326936129004,57515.14161460778,762
31,F,405,1,166512.51210285834,3,AUS,0,1,4,0,0,1,1,203.76061768502038,41972.51877173974,505
20,F,773,6,39774.19802802824,5,NL,0,0,0,1,0,1,1,309.278732678405,148826.2399532666,773
53,F,746,1,172834.23402378368,4,HKG,1,1,2,0,0,1,1,169.9982737226082,77883.77883414061,946
20,M,602,7,141232.14891475238,6,FRA,0,1,3,0,1,0,1,447.4306381609247,106436.3615237642,702
65,F,562,5,159306.85835295104,5,JPN,1,1,2,1,1,0,1,415.62443652348674,92937.45803482502,762
22,M,650,6,91669.94144078674,4,LT,0,1,2,0,0,1,1,100.82321500202276,69649.57795954858,750
43,M,714,5,14282.588134621643,5,CYP,1,1,3,1,1,1,1,155.13133399562787,51196.710474075684,914
69,M,546,5,129954.42852734136,4,ITA,1,0,1,1,0,0,1,377.3217357879379,108704.9214832396,646
55,M,654,8,135593.65302206264,6,CH,0,0,4,1,0,1,0,45.993884027470315,117595.6983024237,654
44,F,472,2,186878.27588799223,3,EST,0,0,2,0,1,0,0,273.5858243318151,103139.57420661282,472
23,M,647,8,49239.32281788974,3,NL,1,1,0,1,1,1,0,150.9393869048744,53072.99699369182,847
61,M,462,4,126377.25173215843,6,KZ,0,0,4,0,1,0,1,346.45856581388966,60243.57909578866,462
64,F,609,7,159375.22307599883,6,TWN,1,1,0,1,1,0,1,318.954482673014,128733.71884433387,809
65,F,400,7,153310.43381183594,1,CHN,0,0,3,0,1,0,1,273.0484833695958,124569.61315717184,400
55,M,730,3,24947.71339435571,3,SG,1,0,2,0,1,0,1,298.1088665488859,42190.96266034407,830
37,M,389,8,160589.81561442185,4,LT,0,1,4,1,1,1,0,474.7630163291532,22722.085293441,489
66,M,817,8,105747.62858777492,4,MO,1,0,3,1,1,0,1,124.38801559510776,125705.70699981503,917
69,F,620,6,181761.1598868928,3,CZE,0,1,1,1,0,1,1,89.57233253623241,128629.31825668812,720
59,F,477,3,16071.439122451347,5,US,1,1,0,0,1,1,1,197.06793633830054,107600.26635880039,677
68,M,555,7,147576.71961690683,2,SGP,0,1,2,1,0,1,0,487.667191571985,32773.93555351827,655
32,F,452,5,65536.71807425705,5,THA,1,1,1,0,1,0,0,465.5857760865648,91933.662043766,652
61,M,722,6,159417.75257593978,5,CAN,0,1,1,1,1,1,1,251.1068150225493,57690.42434057522,822
53,M,380,7,6061.750113113251,3,TUR,1,0,0,1,1,1,0,420.0048254723293,62247.180892461816,480
54,M,533,3,155495.2356067108,2,LT,0,1,1,1,1,1,0,172.74790539339818,120606.73082605396,633
62,F,788,1,75365.76728384594,5,SGP,1,0,1,1,1,1,1,369.11558880558437,144900.79411762822,888
62,M,484,9,16556.779479260353,2,SG,1,0,3,0,0,1,1,208.18060281838223,72686.77370602151,584
39,F,547,7,1883.7063443588154,4,NO,1,1,2,1,0,0,1,64.44343139461155,86450.8141762056,747
31,M,541,1,107499.20286534815,1,PL,0,1,1,1,1,1,1,473.94915743085664,106693.17280668055,641
66,F,622,1,94143.54881697505,4,DE,1,1,1,0,0,1,1,168.84002268618144,78669.14091102347,822
21,F,520,2,29920.983718658434,1,DK,1,0,2,1,0,0,0,497.51292370182347,71094.66187409821,620
64,F,838,3,112229.57093897602,1,JPN,0,0,3,0,0,0,0,55.52335254993919,90537.27952551859,838
69,F,849,8,189940.57536771725,6,AU,1,0,0,0,1,1,1,294.972558558911,126984.16032546262,949
61,F,438,9,32521.399220178137,6,NO,1,0,3,1,1,0,1,470.7650413017267,132887.30982556607,538
30,F,473,7,128780.01709941524,2,AE,1,0,3,1,1,1,0,438.94826412451306,132079.35401837705,573
67,M,606,2,38235.20599417585,5,LA,1,1,0,0,0,1,0,233.72214035755346,78115.48151857476,806
39,M,406,8,38226.29907273967,3,IE,0,0,1,0,0,1,1,398.9747182364868,93747.51151899142,406
38,F,410,3,44810.57590492443,1,SI,0,0,0,1,0,0,0,60.886444741810806,143265.0579476616,410
40,F,326,6,153646.08256534179,2,CYP,1,0,3,1,1,0,0,184.99361890698069,39679.06715617923,426
39,M,628,9,175.44651013896572,6,TWN,0,0,3,0,0,1,0,252.4097813475134,73154.72956168246,628
24,F,796,3,94459.43422631669,3,USA,1,1,3,0,1,0,1,323.67936755587004,120719.92924711962,996
29,M,802,9,129449.05698401011,5,SK,0,1,1,1,1,1,0,240.09096521602606,28945.910101329562,902
67,F,356,7,34481.7330387166,1,CH,0,1,4,1,0,0,0,271.51620837316966,92429.14129239708,456
40,M,400,0,14668.846225206944,4,IT,0,1,1,1,1,0,1,212.07412458916747,72909.57586854593,500
63,F,662,9,41568.108060418796,4,HKG,0,0,3,0,0,1,1,84.33411631468087,24132.532792628084,662
65,M,676,3,21114.22446397666,4,TWN,0,0,1,0,0,0,1,180.18522148745396,54004.288062394815,676
32,M,798,4,134019.8487027475,2,GR,0,0,3,1,0,0,1,168.2532717871818,147200.05306553282,798
66,M,525,6,62784.72033963811,1,CAN,0,1,2,0,0,1,0,456.9191954034166,39554.4989745391,625
55,M,411,5,22172.23539355857,5,FI,0,1,4,0,0,1,0,271.51917218976604,99194.2219434725,511
62,F,628,0,168441.382007657,4,ESP,0,0,4,0,0,0,1,455.0829107162101,29313.887236536248,628
51,F,492,3,175221.82579493194,5,CHN,1,0,0,1,1,0,0,456.5802692632236,27120.908881353473,592
39,M,533,0,4401.662851171606,5,HK,0,0,4,0,1,1,1,498.8951341337007,72151.61928341012,533
19,F,595,4,50528.42482049784,1,IE,0,1,4,1,0,1,0,126.72914729090726,95744.10520791994,695
40,M,397,8,183012.30308121955,1,USA,1,0,1,0,1,1,1,24.19857361159151,78803.07622676021,497
38,F,435,2,89655.6395244023,2,CN,0,0,1,1,1,0,0,412.0184996036686,61815.336639108704,435
40,F,477,0,128972.01510060055,2,TW,1,0,4,1,0,1,0,77.8376357324426,136987.712519664,577
44,M,599,4,197719.8316294474,1,MO,1,0,4,0,0,0,1,329.52307264253216,103198.06063118855,699
43,M,727,1,170376.81327453433,4,HK,1,1,2,0,1,1,1,292.99739047488913,32920.59794911223,927
31,M,704,7,12693.727968115209,2,ITA,1,0,4,1,1,0,1,177.2066468511368,62512.81078088431,804
49,F,339,0,43157.330345895796,4,ID,0,0,0,0,0,1,0,154.46202601508065,60978.929118576896,339
69,F,589,1,122329.80875380452,5,GEO,0,1,1,0,0,1,0,419.31786082781076,80073.21641160855,689
47,F,427,4,152989.50843718342,4,EST,1,1,0,0,1,0,0,265.68939946393124,99542.20533139221,627
55,M,830,5,147673.8871719917,6,ID,1,1,3,1,1,0,0,225.72022685703672,139064.59875450557,1030
36,F,327,1,64304.37037433365,2,LA,0,1,3,1,1,1,1,185.99303167198804,146880.1628036253,427
34,F,315,4,57782.55496867537,3,GR,0,1,2,1,1,1,1,21.689163381304972,81765.59641775925,415
61,M,350,7,52041.17491538356,1,JP,1,0,1,1,1,0,1,389.32064356689074,54520.6788190607,450
57,F,607,1,65059.206960943564,3,NO,1,0,4,0,1,0,1,208.0108598053183,33426.32393074024,707
32,F,702,7,184015.61874671356,4,US,0,1,4,1,1,1,0,416.65282423500054,98713.0291420399,802
37,F,481,0,59297.94954527623,1,TWN,1,0,3,0,1,1,0,131.52588402024497,58004.24615280744,581
58,M,820,8,27003.521001677334,2,HK,0,0,4,1,1,1,1,441.34198576854834,76277.4743644092,820
48,M,494,5,199243.07196905208,1,IN,0,0,4,1,0,1,1,449.4326828874483,132924.35197834414,494
18,M,450,3,147129.30364066325,6,HK,0,1,3,0,0,1,1,265.38519533274405,121909.72619901747,550
51,F,503,0,84272.80333177744,1,ITA,1,0,1,1,1,1,0,396.0220344369346,51952.998648398825,603
29,M,359,1,88131.85081622879,4,BE,0,0,4,0,1,1,0,434.04470867328865,21736.186549350627,359
31,M,573,7,75207.6773013014,5,GR,0,0,0,0,0,1,0,188.40339078231017,116274.02252218327,1699
60,M,608,0,106352.17975902317,4,ESP,1,1,0,1,1,1,1,336.15890526966786,127845.22710988557,808
64,M,695,5,71268.65901759596,3,CZ,1,0,0,1,1,0,0,314.54688764151297,65378.57732504021,795
35,F,616,8,86892.44794092301,2,FIN,0,1,4,1,1,1,0,460.21665049831375,71698.19072929895,716
50,M,795,5,134715.40344623456,3,US,0,0,2,0,0,1,1,373.18368286910635,115007.32735167946,795
27,M,725,5,110734.39462473607,4,NL,0,0,2,0,1,1,0,308.9822473831141,62217.94066900023,725
25,M,503,2,156819.9864966876,5,HK,1,1,1,1,1,0,1,24.630743131636983,121560.1892769697,703
31,M,554,0,23677.20621229612,6,ITA,1,0,2,1,1,1,0,37.308289328326616,84553.62585843171,654
66,F,845,0,36026.71875264052,5,CN,1,0,2,0,1,1,1,310.1837346471735,51344.30930135574,945
57,F,400,2,139413.8610740028,6,GBR,0,1,1,1,0,0,0,190.43931006604325,23588.72544092456,500
52,F,575,7,91511.26193949465,5,HKG,0,1,0,0,1,0,0,458.85186198279064,104631.9360422441,675
69,F,485,5,112415.99336379979,5,PRI,0,1,0,1,0,0,0,61.3950391561853,129385.74599963821,585
41,F,435,8,164838.54645841147,4,LA,1,1,3,0,1,0,1,391.9472517498858,83932.08976534395,635
64,M,677,4,42553.85440517714,4,SG,0,0,2,1,1,1,1,416.9020636874315,101655.1584345579,677
59,F,382,0,163368.89539788885,5,MY,1,1,2,1,1,0,0,415.4939498470781,126994.64334351283,582
51,M,798,1,37191.11651981881,1,BG,1,0,4,0,1,0,1,357.8298937695332,87464.18127182046,898
67,F,652,8,79001.51352867772,5,BE,0,1,3,1,0,0,0,325.05213331416815,77597.21303266646,752
33,F,775,3,42748.95134549466,6,FI,1,0,1,0,0,1,0,349.3962178295574,83448.57027028306,875
32,F,810,8,52643.83533910713,2,HKG,0,1,0,0,0,1,1,134.30028395593894,139453.08412420464,910
59,M,648,9,197892.40958530825,1,CZE,0,0,3,0,1,1,0,103.62219592131005,132279.67282508692,786
66,M,443,1,84492.43846394843,2,US,0,0,0,1,0,0,1,418.4819096996128,91251.29952525474,443
56,M,616,3,116384.85241309844,3,CZ,1,0,0,1,1,1,0,212.36895003265897,84777.26683200375,716
49,M,405,3,14385.932395210199,4,SWE,0,1,0,0,1,0,1,460.251928688397,97406.60324256534,505
54,F,766,1,194091.65694153667,4,DK,1,0,0,1,0,0,0,398.5471476676437,79092.61909759295,866
19,M,492,5,149860.3162130506,2,CAN,0,1,0,1,1,1,0,125.85135068026867,38071.97257650761,592
45,M,665,7,113046.59336750113,2,IT,1,1,2,0,1,0,0,198.32627371828033,21110.19831733678,971
38,M,663,6,166911.51574421008,2,PL,0,0,1,1,0,1,1,48.12338252749436,33034.858655893906,663
26,M,330,1,193914.12217854682,5,MEX,0,0,1,1,1,0,1,191.8087434451455,83225.22597929616,330
29,M,406,6,144502.22630368185,6,LU,0,0,4,1,0,1,0,440.38583263384254,140663.04923338615,406
66,M,338,7,127509.64874739396,6,LU,1,1,0,0,0,0,1,158.97406493021083,90446.52968016741,538
37,F,581,9,12553.540135109854,3,KZ,0,0,0,1,0,0,0,272.87821448593894,116974.8617265964,581
19,M,666,8,169245.87393361336,1,ESP,0,1,1,0,1,0,1,369.27584214567213,122820.74468911697,766
54,F,525,8,163136.37510305835,6,ES,0,1,3,1,0,1,1,63.252627677564064,64275.827991506776,1001
31,M,445,0,146971.52788871148,2,EE,0,0,3,0,1,1,0,360.6934505423133,101392.95846531297,445
47,F,407,9,88694.14486948577,4,US,0,0,1,1,1,1,1,490.1851130725033,130287.56756675133,407
41,M,499,6,126220.34515105256,5,DE,0,1,2,0,1,1,0,287.85133218302724,143144.55570179448,599
43,M,620,4,156471.47996652086,5,PRI,1,0,2,0,1,1,1,121.44629636471485,78630.34787084543,720
50,F,339,2,33924.59575482763,6,ESP,1,0,1,1,0,1,1,390.2961065166652,25968.754072643707,439
41,F,504,7,19519.065023797277,3,MY,0,0,3,1,1,0,0,222.88516537862876,103594.52731021072,504
26,F,616,0,196430.53916569543,2,AU,1,0,4,1,0,0,1,293.3695007043776,86995.3858771633,716
60,F,417,0,48562.11508085657,6,SE,0,0,3,0,0,0,0,193.17220390840544,47783.8591468645,417
52,F,362,1,155723.29054743273,3,NZ,0,0,0,1,0,1,0,76.3973104596393,122382.45625247255,362
19,F,384,7,92354.10105731581,1,US,1,0,3,1,0,0,1,47.50693780026776,114285.11934816951,484
60,F,580,0,46465.66036481168,5,KR,0,0,3,1,0,0,1,112.28740709164187,128552.63709542822,1405
25,M,821,9,157742.5940826253,6,ID,0,1,0,1,0,1,0,362.7820661895229,57393.55410131835,921
69,F,309,3,15614.03891466282,2,NZL,0,0,0,1,1,0,0,314.1087264821885,62763.20252452303,309
68,F,634,1,105297.60109985391,5,EE,1,1,2,1,0,1,0,295.3219870133872,43646.685639060495,834
18,M,412,5,171089.1507648337,6,AT,1,0,3,0,1,1,0,324.81510719578,27051.704541553274,512
64,F,304,0,165170.43943641745,1,CY,1,1,0,1,0,1,1,138.85919365977244,111289.19049794601,504
44,F,605,9,40209.27217577355,4,SE,1,1,0,0,1,0,1,396.54174415566007,78076.26718402728,805
30,F,642,9,134102.1593761525,3,ARE,1,0,4,0,0,0,1,361.45065595784325,148459.19378466104,742
54,M,703,6,52224.83163512566,3,EE,1,0,4,1,1,0,1,290.342474380844,55333.16062003582,803
30,F,813,5,35469.96871603119,5,DEU,1,0,0,1,0,1,1,214.510506813615,49465.795507424475,913
40,F,365,6,193120.00236000383,2,MO,1,0,2,0,0,0,0,329.8425827677493,110861.61414853128,465
35,M,725,4,77674.54923553989,2,ES,1,1,4,1,1,0,0,164.3866370475933,85214.85617017014,925
46,M,470,5,176745.31454715916,4,KOR,0,1,1,1,1,0,1,410.2335484041662,134715.52551059867,570
28,M,350,8,138456.09430589524,4,FI,1,0,4,0,0,0,1,245.62647322659902,93539.41401019522,450
45,M,503,0,39605.20777988137,5,FR,1,1,2,1,1,0,0,336.73187212565733,57902.524540006045,703
68,M,810,7,40044.55261844644,5,JP,0,0,2,0,1,0,0,178.3487161824256,67119.8484107455,810
33,F,502,5,191725.45910391593,5,DK,0,0,1,0,1,1,1,227.01677872552344,65192.89602905406,502
55,F,675,9,64749.943914392614,2,AUS,1,1,2,1,0,0,1,184.81934493868093,20306.675584397653,875
34,F,443,4,1734.2507384386251,1,CN,1,0,4,1,1,1,0,255.2345194205629,34057.13888364043,543
49,F,705,3,138682.38325541996,1,JP,1,0,1,1,0,1,1,350.1519527222121,66050.51406662115,805
18,M,721,2,187324.64667687094,6,FI,1,1,1,0,0,1,1,339.8412393187482,71290.84909209493,921
62,F,728,4,15441.010700049506,4,SK,0,0,0,1,1,1,1,42.19509277971292,78161.17570582086,728
52,M,555,6,80323.41989944642,1,MY,1,1,3,0,1,0,0,79.05428629161024,50794.8884667753,755
45,F,590,6,22768.453175276292,1,HKG,1,0,3,1,0,1,0,197.32895820288246,20720.391634471223,690
61,F,587,7,119034.87226716896,6,GB,0,1,1,0,1,0,0,319.45715854354637,60512.88687075988,687
19,M,730,0,152856.70361260104,2,SK,0,0,3,0,0,0,0,163.81732975896384,72254.43030549765,730
54,F,567,5,48699.175139091654,6,LU,0,0,3,0,1,0,0,398.19962885261793,93385.74365351253,567
19,M,795,0,50203.38862322498,2,CHN,1,0,0,0,1,1,1,146.73932323975353,86284.03888383732,895
68,F,656,4,17871.603466960194,4,LU,0,1,1,0,1,1,0,182.810334168814,35411.23703731378,756
24,M,492,7,49476.72473207261,1,LU,1,1,3,1,1,1,1,417.2824824784113,59838.02271563078,692
66,M,567,0,46218.53487270011,5,CH,0,1,4,1,0,1,0,80.38414570324804,103911.76925859593,667
66,F,506,1,69617.31478621557,2,BE,1,1,0,0,0,0,1,499.43623057329154,38425.81457118005,706
29,F,474,1,77736.56048905973,5,ITA,0,1,0,0,1,0,0,396.5746143279231,125402.18628718589,574
69,M,430,7,62161.845586038435,4,DEU,1,1,3,0,0,0,0,165.8974493059703,123451.01511642353,630
63,F,531,0,144868.99572476943,6,TUR,1,1,0,1,1,0,1,301.47202465500794,85478.83403231658,1123
57,M,750,5,181386.36094088832,5,ID,0,1,3,1,0,1,0,405.5985155048528,122422.43655523907,850
36,F,377,5,198389.9734286426,5,FI,1,1,1,1,1,0,1,375.14013638087823,98567.58231676402,577
49,F,477,0,93259.91125856951,5,PL,0,1,3,0,0,0,0,334.459710189338,54199.61800097595,577
49,F,808,7,75530.35757704145,2,ES,1,1,3,0,1,1,0,409.95147082613227,102979.24194913107,1008
58,M,490,0,142470.3146158439,4,FI,1,0,2,0,1,1,1,108.08433327809965,130754.13086920106,590
42,M,462,7,132035.3528668517,6,IDN,0,1,3,0,1,0,1,114.13313253892684,26050.152966536883,562
48,M,669,2,50556.5097707513,6,TWN,1,0,1,1,0,0,1,355.9933391278778,29941.570094503248,769
32,M,602,9,7213.781426200727,2,SK,0,1,2,1,1,1,0,159.76539908519834,113517.12123150185,702
55,F,336,3,127017.39554760056,4,SWE,1,1,4,0,0,1,1,466.45872434420465,78770.32040891123,536
54,M,413,4,30348.581869360492,4,MEX,1,0,1,0,0,0,0,399.0816919921417,67241.89858531996,513
49,M,368,1,138411.5387941743,1,BE,1,1,1,1,0,1,0,74.00863823481893,102959.00918763205,568
66,M,693,4,137299.45980492674,3,THA,0,1,2,1,0,0,1,423.0956178010939,67534.01853989894,793
53,F,605,5,60239.753778432714,4,MEX,0,0,1,1,1,0,1,291.6067158194226,122092.52968143413,605
59,F,628,6,139744.3340109037,6,AU,0,0,2,1,0,1,0,40.34646773834913,148540.17273493123,628
24,M,362,4,63852.98600502503,4,US,0,0,0,1,1,1,1,350.2827005985181,29788.755667616144,362
18,M,751,1,85441.54283868664,3,NZL,1,1,2,1,0,0,1,427.13701657267825,140214.79510991543,951
53,F,701,5,28317.5411543765,2,NOR,0,1,4,1,1,0,0,211.8775485551917,112167.64130950526,801
28,F,407,0,110168.49184995452,3,GR,0,1,1,0,1,1,0,133.08355979385576,64450.19110872142,1952
29,M,482,7,32026.45450858004,5,CAN,0,0,2,0,0,1,0,296.7914799359716,121671.63362960075,482
55,M,708,4,148672.36342498282,2,MY,1,1,2,1,0,1,1,184.31960663508093,56273.28554363715,908
39,F,682,2,134829.12847511642,4,FR,1,0,0,0,1,0,0,464.21593213779454,44818.58515048692,782
24,M,575,2,122741.49115596617,1,HU,1,1,2,1,0,0,0,334.02711349836255,80087.27763008853,775
57,M,785,0,30599.16648642489,2,SWE,0,0,2,0,0,0,1,164.32400812004187,30492.39417080079,785
57,F,360,7,104309.06370476072,3,CY,0,0,0,0,1,0,0,494.62773773640816,74859.48786130828,360
48,M,444,8,143664.60759945805,2,CHN,1,1,4,1,0,0,0,345.5757912754722,94407.62979152778,644
59,M,697,8,162614.5487434487,6,FR,0,0,4,0,0,1,0,23.09778906160833,142390.8600742123,697
30,F,341,6,87073.63066048801,4,CY,1,1,1,1,1,1,1,74.21024538076169,65118.85728212293,541
45,F,480,5,24576.611610973996,1,NL,1,0,2,1,1,0,1,163.72418850112786,116593.31708133275,580
20,F,648,3,60918.230170679235,6,ES,1,0,3,0,1,0,0,370.7671106622024,103535.83962680037,748
42,M,805,8,185671.7771725683,5,KOR,1,1,3,0,0,0,0,103.56110806894073,117943.05663473204,1005
49,M,426,9,134065.9413135042,4,KOR,0,0,2,1,0,1,0,235.26078306034358,24081.41298711541,426
26,F,779,9,113997.22071348089,3,LA,1,1,4,0,1,1,0,158.60328244514793,93146.25386487866,979
43,F,567,8,118404.0436419943,1,ID,0,1,3,1,0,0,1,28.28491839832168,102270.88016436347,667
47,M,365,8,192032.40823081575,3,PL,0,0,1,0,0,1,0,272.1003756416121,84606.44605172132,365
21,F,701,4,140452.58056531916,3,IE,0,1,3,0,0,1,0,426.1398769334347,66858.94581700535,801
54,F,587,3,155679.6893330039,3,BG,0,1,0,1,1,0,0,66.45853219224622,80060.20454124158,687
31,F,719,9,49009.80855601251,1,HKG,1,1,1,0,1,1,1,429.29763178213796,81440.81197828836,919
39,M,781,2,121527.44001117113,5,NZL,1,1,2,1,1,0,0,490.39215676892957,124679.4316053298,981
41,M,762,2,97249.42962539854,3,HU,1,0,3,0,0,0,1,161.82821592747155,49168.761374576716,862
67,M,701,2,120034.06580408588,2,PRI,1,0,0,0,0,1,0,161.76184282756256,113544.76900565806,801
68,M,510,8,14578.967866319981,2,US,0,1,2,1,0,0,0,214.66716359231174,20983.48580515624,610
62,F,448,7,178304.88409048354,5,MEX,0,0,4,1,0,0,0,273.6278799581109,111121.76861175422,448
45,M,537,7,154538.47684461373,4,EE,0,0,4,1,0,0,1,248.51113688552553,95228.3371173112,537
19,M,491,8,25089.462525896255,6,TUR,0,0,2,1,1,0,0,157.54666786253406,78969.38182069571,491
41,F,688,4,126371.05931843024,1,DEU,1,0,3,1,1,0,0,465.54736809829507,75282.94076632605,788
36,F,655,7,80005.75259905806,4,GEO,1,1,1,1,1,0,0,215.68043188860017,53287.54093115819,855
44,M,568,6,38635.51615830363,1,GEO,0,0,3,1,1,1,0,239.09654558584504,120961.0559130291,568
67,M,497,6,186898.7650097107,2,FI,1,1,3,0,0,0,0,51.91588652719272,66770.04800515343,697
51,F,816,1,183975.6479271486,6,ES,1,1,0,1,0,0,1,412.0208123428459,61472.49345829269,1016
29,M,420,8,189338.41789294576,5,HKG,0,1,2,0,0,1,1,493.5032536654607,56713.58133245134,520
59,F,393,5,114313.70919091895,2,SK,1,0,4,0,1,1,1,221.14591174600616,22299.126378345467,493
22,M,843,2,130458.78850815454,3,AT,0,1,4,1,0,0,0,206.16610387852813,87507.79302751942,943
34,M,831,5,106850.5367581255,3,EST,0,1,0,0,1,0,1,255.1418548706779,125721.93981704743,931
32,F,718,6,29611.645575026825,1,TH,1,0,1,1,0,0,1,425.7690474904359,107563.76554924886,818
32,F,377,2,95758.56178480387,1,USA,0,0,3,0,0,0,1,468.8371659779541,28789.83401207986,377
43,F,458,2,17398.34603060877,6,KOR,1,1,1,0,0,0,0,346.2158991665229,60300.41373358491,1806
54,F,535,7,160799.54058574914,2,FI,0,1,2,1,1,1,1,150.06087532593358,123979.8053957653,635
49,F,825,4,43361.16716763476,5,IN,0,0,2,1,0,0,1,132.5855186397998,98501.6393701592,825
39,M,567,3,3660.039313570751,1,LA,0,1,2,1,0,0,0,334.84591452813595,52755.27656206813,667
18,F,542,2,55656.25178415557,6,IE,1,1,0,1,1,0,1,109.02555463489789,21365.71481306622,742
28,M,758,0,130413.65001305561,3,FRA,0,0,2,1,0,0,0,297.82132570579864,145421.99004602025,758
36,F,766,4,2529.922268438378,5,CZ,0,0,2,0,1,1,1,185.24433351607024,55922.677448573166,766
19,F,498,6,34621.377423540434,6,IDN,1,1,2,1,1,1,0,265.3999693242205,46444.05759465391,698
49,M,761,9,21842.250587685274,4,AUS,1,0,3,0,0,1,1,88.3165175843473,138195.00440057353,861
23,M,697,1,184900.8487645385,6,ARE,0,1,4,1,0,0,1,174.11040129621972,22742.27034969899,797
53,M,638,2,169020.66684806137,6,JP,0,0,1,0,1,0,1,378.5609844105206,34888.808611899876,638
21,F,803,8,55303.738477448096,2,TWN,1,0,3,1,1,0,0,130.3180155207758,147409.96867580895,903
20,M,836,6,164759.4224321261,2,AU,0,0,0,1,0,1,0,275.8624347137915,29323.951760842385,836
29,M,724,6,8306.861816269473,4,KZ,1,0,3,1,1,0,0,369.8434505906179,28182.519868439933,824
61,F,828,1,103154.65717661254,5,SE,1,1,2,1,0,1,1,115.77547126736127,34124.80016121231,1028
18,F,569,3,127397.56968392925,5,GBR,0,0,3,0,0,0,1,236.27253511389037,77400.12190304638,569
66,M,714,6,54198.733298287014,3,MO,0,0,0,0,1,1,0,335.82995773566097,77252.74193308399,714
44,F,387,7,157016.879599669,4,KZ,0,1,4,0,1,1,1,265.74557228142237,29991.543147602395,487
23,M,723,0,170410.21196883573,5,BE,0,1,3,0,1,0,0,66.30930693489582,63312.426321950945,823
37,F,431,5,196293.20923910712,5,LA,1,0,1,0,1,0,1,249.51764706135825,33146.17956711935,531
55,F,597,6,18856.930415031027,2,FI,1,1,0,1,1,0,0,328.1018182728563,39842.369747609104,797
68,F,432,5,129678.86200233459,3,PL,0,1,0,1,0,0,0,326.8767438231048,45386.58920125422,532
69,M,775,5,111372.28319067603,6,VN,0,1,1,0,0,0,0,284.9945685501559,147582.7322882724,875
63,M,409,5,33095.02796114068,2,AUS,1,1,3,1,1,1,1,190.19887071982563,92929.04073573009,609
62,F,627,2,145758.5494554308,2,CYP,0,1,3,1,0,1,0,138.22466821014618,57659.14737622635,727
46,F,749,8,64661.28029405853,2,NLD,1,1,3,0,1,1,1,253.83728545664732,52247.182970145615,949
44,M,701,5,134140.5529110077,6,GB,0,0,4,0,0,1,1,347.47888418007375,116762.74110076354,701
47,M,824,9,40918.990961088595,3,JPN,0,0,0,0,1,1,0,483.8684916769478,31642.760105005178,824
25,F,843,5,27431.910733655273,4,SGP,1,1,3,0,0,0,1,411.0925796249631,114558.70836050641,1043
44,F,702,7,106095.26311717455,2,USA,0,0,1,0,0,1,1,344.0182732085081,130740.69634259497,702
25,M,486,9,191229.80651351577,2,SWE,1,0,0,1,1,0,0,192.36414590560312,26281.996092523234,586
20,F,584,9,138468.7580235587,3,LU,1,0,1,0,0,1,1,423.03844072205305,73525.7804225942,684
41,F,510,0,82845.03893206871,4,SWE,1,1,4,0,0,1,1,463.64218543493286,122915.46239729428,710
32,M,719,8,168269.47367299823,6,NL,0,1,3,1,1,1,0,309.7801268735587,57952.6701548433,819
35,F,754,1,42539.1269029151,4,KR,0,1,4,1,1,0,1,105.61478031623354,114141.32356696608,854
20,F,697,8,10535.750009875988,6,NO,0,0,2,1,0,0,0,31.799907410403776,67406.75860003327,697
64,F,309,5,69675.83174376242,1,DK,0,0,4,1,1,1,1,155.3469322104543,147950.24061728508,309
49,M,382,7,3098.141891630779,2,THA,0,1,0,0,0,1,0,326.36026607343945,51396.785910576684,482
67,M,689,9,161122.91289868669,2,AT,0,0,2,1,1,1,0,421.5385894046789,78096.06740125013,689
33,F,455,4,19701.80831334256,3,FIN,0,1,3,0,0,1,1,314.96424438143305,116823.81083152485,555
30,M,432,6,7825.93294906988,6,DNK,0,1,4,1,1,1,0,270.13334359640356,122948.33026536729,532
40,F,627,7,82385.34609011927,3,CY,0,0,1,0,0,0,0,354.28893495344096,21802.743651263438,627
48,F,598,6,183565.36649369053,1,CH,0,0,2,1,1,0,0,161.41822831152984,79253.26955582778,598
18,M,635,2,50165.6920221466,1,LA,1,0,3,0,1,1,0,197.44041777418022,148366.0845151773,735
20,F,538,4,68528.25395352216,1,IRL,1,0,3,0,1,0,1,273.87969939267805,105659.1877871221,638
42,M,553,9,20705.65899406256,3,TH,1,1,4,1,1,1,1,57.38364130492138,59218.90779220849,753
53,F,464,8,195100.3948026386,6,DK,1,0,0,0,1,1,0,349.734606851656,118825.51932331535,564
28,F,463,5,155625.89434961067,5,CZ,0,1,1,1,0,0,0,292.0537912314838,52434.73997854374,563
27,M,799,7,116630.77628019212,2,GBR,0,0,1,1,0,0,1,27.558954242893083,121650.7573688061,799
21,M,719,5,84230.78504973999,2,HKG,0,0,2,0,0,1,1,426.81847548930506,148142.51073498133,719
66,M,684,3,178766.717660098,4,FRO,0,0,3,0,1,0,0,189.684584804947,42691.03716078386,1161
53,F,331,0,174471.9220269578,4,FIN,0,0,4,0,1,0,0,42.552705605056325,82081.40254014533,1987
61,M,750,7,191585.6916550857,3,SI,1,1,4,1,0,0,1,393.4757089788725,126687.65714557446,950
65,M,713,0,187484.5142926412,3,EST,0,1,3,0,1,0,1,342.02676148213914,47375.36881174349,813
58,M,334,4,33815.76892768636,5,TH,1,0,0,1,0,0,0,49.23555848731343,131439.58813702432,434
19,M,653,1,161134.78061939983,5,FIN,1,0,3,0,0,0,1,364.6187715004727,69479.69867423218,753
49,F,439,3,135156.6536193919,2,CAN,1,0,2,0,0,0,0,143.1746491046564,132696.1252233845,539
53,M,516,9,131115.09786734192,3,SE,0,0,3,1,1,0,0,196.59190787202286,66985.92268816657,1692
38,F,620,8,173478.584943999,3,TW,0,1,2,0,1,1,0,277.2921029387299,97992.19264444745,720
44,F,501,9,101706.4289940323,2,HK,0,1,4,1,1,1,0,270.70839145717497,139732.31560320224,601
63,M,500,4,48234.6737876586,1,SK,1,0,4,0,1,1,0,44.97743505399651,96827.1009513588,600
63,M,782,2,167361.0767810008,5,HK,0,1,2,0,0,0,1,119.89671529750196,117308.9338138137,882
33,F,303,9,72964.34602721428,1,FRO,1,1,1,0,1,0,0,75.82942031194598,102840.19804021194,503
44,F,799,9,12008.440024790356,4,IT,1,0,2,0,1,0,0,355.51556713211977,122791.84937440579,899
56,M,507,1,65578.31825497988,1,MY,1,1,4,0,0,0,1,261.67399449956616,58863.43798822728,707
63,M,398,8,40155.896682500126,1,PRI,0,0,3,1,0,0,1,20.411123326138743,25613.755982249462,398
21,M,638,2,61658.459203388615,2,AU,1,0,3,1,1,1,1,284.1400327523691,118999.96078471947,738
59,F,714,2,154936.1585926299,1,CHN,1,0,4,0,0,1,1,207.71347829142502,119104.48581594793,814
25,M,534,3,94373.50386171194,1,CN,0,1,0,0,0,0,0,196.96419429539677,23169.80011026861,634
69,M,761,9,67947.51836360367,5,IRL,0,0,2,0,0,0,0,30.313486411856623,94711.61570354181,761
43,M,834,5,171020.86288606765,1,IT,1,1,1,0,1,0,1,49.19866539922513,86124.46222021212,1034
23,M,498,5,63439.77902786102,2,NZ,1,1,2,1,0,0,1,261.0647979918687,108061.20006421427,698
69,M,476,3,194936.9145217642,3,CY,0,1,0,0,0,1,0,144.13652603030692,70357.89794527445,576
50,M,390,4,72829.83129012604,1,FIN,0,1,0,1,1,1,0,311.8894507288618,31214.758944155783,490
24,F,515,7,8243.043588072796,6,FIN,1,0,2,0,0,1,1,454.4131918684634,36303.057501398514,615
28,M,613,8,34817.80225784829,2,LU,0,1,3,0,1,1,1,114.44398412380542,94295.23207056407,713
44,F,796,7,13669.329411676777,6,CH,0,1,4,1,1,1,1,377.05533149027593,142105.45470601582,896
25,F,354,7,35273.363976024964,5,TWN,0,1,2,0,0,0,1,326.367849674461,58577.614439756784,454
23,F,360,2,18921.428689205855,6,BE,0,1,4,0,1,1,1,381.96466209315327,65893.66298005398,1436
41,M,719,8,194040.91863310296,3,NZL,1,0,0,0,0,0,1,381.64478253317907,143440.92753836923,1522
56,F,848,1,31835.86167547299,3,IE,1,0,2,0,1,0,0,130.28502091669495,126081.15160427964,948
38,M,450,9,58986.37631772359,5,AE,1,0,0,1,1,0,0,346.3272482265605,71631.77978018887,550
53,F,537,5,19230.344270890455,5,NO,1,1,4,0,0,1,0,204.84906077400143,36715.144958300654,737
28,M,810,2,117737.25583365647,2,TW,1,1,2,1,0,1,0,404.1339763466054,102799.57165710838,1010
48,M,326,1,130948.91288930931,4,DK,0,1,4,1,1,1,1,419.9674752179437,68842.89233455363,426
22,F,414,5,1493.2878586119136,4,HK,1,0,3,1,0,0,1,346.4672654945467,144442.1429332136,514
20,M,764,0,175529.1202257611,4,ES,1,1,3,0,1,1,0,490.629143100946,38987.943734069566,964
19,F,771,1,33136.2326239768,2,VN,0,0,3,1,0,1,0,350.44676740194836,35054.1749616888,771
30,F,810,7,197328.46944365933,6,LA,1,1,0,1,1,0,1,208.0669503352187,147050.70971109506,1010
21,F,657,3,157726.35567767726,6,PL,0,1,3,0,1,1,1,84.17195788960157,112852.14480164959,757
63,F,519,9,150390.08701597954,4,US,1,1,1,0,1,0,0,390.9458664651845,133435.62116702338,719
65,M,788,0,106323.30732106605,4,PRI,0,0,3,0,1,1,1,74.41345230605211,45808.27504587895,788
34,M,728,0,160622.53709740372,6,NZL,0,1,4,0,0,1,0,316.46512538226074,34267.141919922055,828
66,M,780,3,110116.46843148493,5,BE,0,1,2,1,0,1,0,150.97624791068475,30108.179638489946,880
52,M,619,9,125138.95309851853,1,TWN,1,1,1,1,1,0,1,191.7776274680855,74148.23357588059,819
43,F,656,7,83224.82693148505,1,HKG,0,1,0,1,1,1,0,39.747993833206614,25844.014017499532,756
19,M,673,0,10381.618366560951,3,FIN,0,1,4,1,1,0,0,428.3924789549451,72151.681259934,773
68,F,312,2,115016.92013442198,2,FIN,1,0,4,0,0,1,1,263.47241666450225,62193.65500114363,412
59,F,563,0,17123.319922944756,1,KZ,1,1,3,1,1,1,0,200.17068555851975,20809.260840367646,763
19,F,306,6,156258.6653389508,6,MO,1,1,2,0,1,0,0,329.32882142695297,108567.16210418948,506
53,M,746,0,49149.957039143774,1,ID,1,0,2,1,1,1,0,425.5232419252454,36162.08422290356,846
69,M,307,1,140333.32401917063,4,SE,1,0,1,1,1,0,1,149.83096996398618,75315.54009212287,407
36,F,416,4,50023.72580654557,2,VN,0,1,3,0,0,1,1,177.1132506784878,22179.55166277067,516
21,M,410,1,107562.56441919798,6,FRO,1,1,2,1,1,0,1,453.9341183566837,84129.88848054616,610
44,M,633,9,119211.81897721895,2,CHN,1,0,3,1,1,1,1,297.0231810818543,122828.66544190115,1473
23,M,456,6,189405.15747216542,6,THA,1,0,3,0,0,0,1,265.5676187262512,30728.636714294043,556
61,F,507,9,122372.35262146131,4,LU,0,0,2,0,0,1,1,315.96841166574666,137443.58352428512,507
39,F,377,1,129723.72118151696,5,IT,0,1,2,0,0,1,0,26.37936564259629,74674.14531923334,477
43,M,347,6,38088.50308582492,3,CY,0,1,3,0,0,0,1,422.11910484150854,106367.07130139088,447
21,F,796,3,39291.2264048217,2,DK,1,1,0,1,1,1,1,43.81676819161196,132965.1720254607,1754
49,F,463,4,17156.971863947336,1,TUR,0,1,3,0,0,1,1,492.8703932329726,84578.56074363526,563
64,F,824,1,186340.8444123694,2,CZ,0,0,4,0,0,0,0,80.38605452130675,50277.429483035674,824
42,M,705,1,68898.57176505243,1,ESP,1,1,3,0,1,0,1,33.273141556169406,67431.82190773482,905
46,F,442,2,175228.92608544615,5,GB,0,1,3,0,0,0,0,384.04077586424694,81041.34834284212,542
58,F,616,1,136460.27949237972,3,HK,1,0,2,0,1,0,1,370.7217224671741,147958.77831078455,716
68,F,360,6,174723.16488504448,1,FIN,0,0,3,0,0,0,0,299.23388788156655,40069.160096606494,360
22,F,770,9,187727.60602041427,1,PRI,0,0,0,1,1,0,1,326.07423572413273,143032.63835549995,770
47,M,329,9,168983.44290427657,1,TWN,1,0,4,1,1,1,1,440.4047425885497,68979.00702736093,429
33,F,806,8,190745.8743562609,5,TW,1,0,0,1,1,0,0,408.0406545632757,58646.74566889098,906
33,M,330,5,47093.21825915496,2,EE,1,0,3,1,1,0,1,357.9662217327657,53861.09995697803,430
44,M,808,2,99411.49512797067,5,NO,0,0,2,0,0,0,1,169.31662376445996,146186.46928832986,808
18,F,728,5,113806.0903508757,6,SWE,1,1,3,1,0,1,0,193.37700155611472,42450.34564352394,928
27,F,341,9,41451.58366990636,3,MY,1,1,3,1,0,1,0,147.60163013013639,84713.26616025272,541
44,M,549,8,178992.05260234268,2,BE,0,1,4,1,0,0,0,153.04780197574934,135417.94348159904,649
54,M,370,8,191852.90755803234,5,JP,1,1,1,0,1,0,1,435.5644774081344,115319.75898496271,659
23,M,499,3,6179.988408331094,6,SI,0,1,4,0,0,0,1,489.6806631237448,61203.34637307721,599
24,M,680,6,158881.02754207488,5,FRO,1,1,4,1,1,1,0,231.6797564545131,39728.3806965623,880
65,F,337,5,92952.85684955254,2,MEX,0,0,4,1,0,1,0,262.6317010519951,41172.41407299813,337
29,F,725,7,49286.83712132749,6,NO,1,0,3,0,0,0,1,234.13503021225392,112259.03910116889,825
23,F,308,1,160767.2986698808,5,SWE,1,1,2,0,0,0,0,264.0492103299628,49430.19351879542,1714
21,F,499,9,197712.455928403,6,SG,0,0,1,0,1,1,0,315.67536526901927,81218.38543969017,499
34,F,453,2,51413.670412836465,1,AT,0,0,4,0,1,0,1,374.7334880284674,43908.23061218408,453
34,M,810,9,141995.1509564475,3,HK,0,1,2,0,1,0,0,58.6816103128273,125869.58612781439,910
67,M,791,2,118668.81276227947,5,CYP,1,0,1,0,0,1,0,178.9812975866301,112030.44303198345,891
61,F,535,3,49122.26857477273,1,NL,1,0,2,1,0,1,1,120.1378495458301,77468.40653150494,1327
39,M,485,2,71657.18485206558,3,AU,1,0,1,1,0,0,0,365.4011998414273,62385.78053036877,585
51,M,349,4,29405.122959578355,3,SWE,0,0,1,1,0,0,1,81.64571355202833,99619.49430897864,349
40,F,531,5,147268.85213193423,2,BG,0,1,4,1,1,1,1,25.5498078175361,24120.550524837887,631
36,F,760,6,2809.867497858298,6,CY,1,1,3,1,1,1,1,405.09184550683517,149052.88096468814,960
55,F,452,4,136027.49399153318,6,CH,0,1,2,1,1,1,0,30.280107825731317,131119.77560918542,552
62,F,416,4,15457.593536087643,2,IRL,1,0,1,0,0,0,1,165.5509017565968,127609.70595551755,516
50,F,609,3,151315.40271384656,5,MY,0,0,0,0,1,1,0,109.43220697712584,115960.78570800331,609
30,M,384,0,20123.47063730031,6,CY,1,1,3,0,1,1,1,105.36368641307611,35753.92312523769,584
53,M,559,8,94914.75728105223,4,CZE,1,0,1,1,0,0,0,111.45742399755017,60435.68409133903,659
49,M,431,0,86861.8600577519,1,HKG,1,1,3,1,1,0,1,489.42454193161325,62899.58001494003,631
21,F,838,3,190009.20474092156,2,FIN,0,1,2,0,1,0,1,472.627527357346,44314.53788639959,938
50,F,795,8,63318.58362685001,1,IRL,0,1,3,0,1,0,1,284.366563151375,33620.1379478884,895
48,M,400,1,135682.85037923872,4,PRI,0,0,2,0,1,0,0,234.27679602876543,105370.2765576159,400
50,M,311,3,139536.47159514856,2,MY,1,0,4,1,0,0,1,92.62259709800654,38461.28707811287,411
58,F,483,3,66203.59278036979,6,NZL,1,0,3,1,1,0,1,249.43559207344578,73341.3854622612,583
40,M,462,8,138569.27200734775,3,NL,0,1,1,0,0,1,0,362.47368657046604,51171.235991696936,562
30,F,362,0,119943.52027541946,1,IE,1,1,4,1,0,0,0,129.30577088399758,29271.092572262078,562
25,F,584,8,80561.04405508253,2,FRA,0,1,0,1,1,0,0,117.38176477348779,23671.596811862182,684
65,F,381,8,7317.654266308571,2,BE,0,1,3,0,1,1,1,307.8569027969755,54875.228295393106,481
42,M,580,1,186271.8858667786,2,SGP,1,1,4,0,1,1,1,466.6381407425977,31086.49632850259,780
61,F,425,4,89373.7797666037,1,HKG,0,1,0,1,1,1,1,243.66978133869955,28852.954858067253,525
34,F,685,7,102701.9791328869,3,IN,0,0,3,1,1,1,0,306.7082374665014,43457.82852458962,685
61,F,477,8,70772.18270908468,6,HK,0,1,4,1,0,0,0,85.8544629382466,52971.00943698972,577
33,M,499,6,107233.9784967441,1,PRI,1,1,1,0,1,0,0,369.5155585759842,45320.688473836475,699
45,M,315,0,47594.52069243204,3,CZE,1,1,4,0,1,0,0,120.86356400269761,108075.55115090492,515
30,M,559,0,68094.03489571462,4,SK,1,0,3,1,1,0,1,210.060540904517,80276.80400498725,659
24,F,829,9,140375.4587940756,6,IT,1,0,1,1,0,0,0,191.90639299312977,87960.86177986409,929
50,M,448,6,5351.933304397227,3,JPN,1,0,3,1,0,1,0,399.0702335196936,70267.1120324578,548
28,M,848,4,189521.15511705363,6,HK,1,1,2,0,0,0,1,220.22000951677774,113625.85811116718,1048
53,F,734,5,25197.526473811504,3,IN,0,0,2,1,0,1,1,57.74924974966949,130195.14119651925,734
44,F,582,7,65463.5735791331,3,AE,0,0,0,0,1,0,1,410.1451366524707,118620.47550489668,582
44,F,577,7,33279.349958917126,6,LA,0,1,3,0,0,0,0,148.142828431977,84313.50903820826,677
