Age,Gender,Credit_Limit,Transaction_Source_M_Count,Transaction_Source_A_Count,Transaction_Source_D_Count,Transaction_Source_V_Count,Transaction_Source_P_Count,Transaction_Source_U_Count,Avg_Transaction_Value,Customer_Segment,Purchase
52,F,131408,1,4,1,0,1,0,149.71758503707275,0,0
55,M,23662,1,1,0,1,1,1,481.7058212858716,2,0
47,F,71431,0,1,0,1,0,1,103.80311283458161,2,1
19,F,116600,0,0,0,0,1,0,236.5873001142361,0,1
54,M,131716,1,1,0,0,1,1,226.52363843506828,2,0
59,M,95988,0,2,0,1,0,1,496.41887004611294,0,1
55,F,65799,0,1,0,0,0,0,263.1893028747111,1,0
52,F,140798,0,1,0,0,1,0,268.3004782609873,1,1
47,F,147794,1,3,0,1,1,1,90.33825399486929,1,0
19,M,112856,0,1,1,1,0,1,141.30158501784274,2,0
67,M,48702,1,4,1,0,1,0,173.08899477187748,1,1
32,F,118374,0,1,1,1,0,0,236.01657352424093,0,0
59,M,66356,1,3,1,1,1,1,360.58294116249914,2,1
45,M,88721,1,1,1,0,0,1,148.21030557153225,1,1
34,F,103783,1,2,1,1,0,0,108.92037142440772,1,1
68,F,130552,1,4,1,0,1,0,100.62885460863004,0,1
27,M,82066,0,0,0,1,0,1,161.6144481424762,1,0
29,M,53155,1,4,1,0,0,1,325.5457579585933,0,1
31,F,30982,0,4,0,1,1,0,395.5180958268447,2,0
28,M,124667,0,1,1,0,1,0,260.6687472178139,2,0
35,F,109832,1,2,0,0,1,0,136.36261750421255,0,1
36,M,43198,1,4,0,0,0,0,234.66151071282593,2,0
56,F,104709,1,1,0,1,0,1,141.93969112024305,0,1
25,M,43829,0,0,1,1,0,1,135.30286509176906,1,0
61,M,60239,0,1,1,1,1,1,481.7775517133713,2,1
57,M,71365,0,3,1,1,0,0,292.43522064594083,2,1
41,F,52981,0,3,0,1,1,0,191.86835402569992,2,1
47,M,77282,0,2,0,1,0,0,185.27488971460028,0,0
49,M,34705,1,4,0,1,1,1,105.19988314656742,0,0
51,F,23724,0,3,0,1,0,0,435.6133949330983,0,0
45,M,55038,0,1,1,0,0,0,73.09490976591583,0,1
41,F,147033,1,2,0,1,1,1,302.2942070910618,2,0
54,F,36589,0,0,1,1,0,0,236.98458861344452,1,0
18,M,100425,0,1,1,0,1,1,354.6604809728683,1,1
65,F,72377,1,3,0,0,0,1,73.643385927446,0,0
21,F,102937,1,2,0,0,1,0,239.91297005464128,0,1
23,M,32062,1,0,1,0,0,1,314.82716879567073,1,0
33,F,47270,1,2,0,0,1,1,271.6023593777469,0,0
29,F,44443,0,2,1,0,0,1,218.87983195171932,0,0
32,F,50399,1,4,1,0,1,1,186.93091641671617,2,1
69,F,47263,0,3,0,0,0,1,269.6618099959447,1,0
35,M,46262,1,4,1,0,0,0,136.50937932392753,2,1
61,F,149624,0,0,1,1,1,1,179.05649684590395,0,1
23,M,33569,0,1,1,1,0,0,319.86218417425874,1,0
52,M,88417,1,1,0,0,0,0,89.01513502719523,1,0
69,M,122954,0,2,1,1,0,0,423.51361612301815,2,1
26,F,83941,0,3,0,1,0,1,300.3225760240386,2,0
23,F,105949,1,2,0,1,0,1,165.6160785397983,1,1
52,F,102602,1,3,0,0,0,0,200.70924313625682,0,1
62,M,75197,1,3,1,0,1,0,241.7512054607689,2,1
23,M,131791,1,0,0,1,1,1,140.16461894313605,1,0
37,F,123795,0,3,1,0,0,0,220.9645697292608,1,1
30,M,23868,1,0,1,0,0,1,340.2174526139166,2,0
32,F,22974,0,0,0,0,1,1,181.14712119628575,2,1
34,F,21252,1,4,0,0,0,1,496.69400612684717,2,1
45,M,76241,0,4,1,1,0,1,245.41980769661225,0,0
56,F,42374,1,1,1,0,1,1,151.7698336681614,0,1
42,M,75207,0,2,0,1,0,0,198.70288889050033,2,1
50,M,94764,1,1,1,0,1,1,230.1472406392085,0,1
61,M,89680,1,0,1,1,1,1,26.597345748499297,1,0
23,M,93059,0,2,1,1,0,1,317.62565102191684,0,1
28,M,91123,1,1,1,0,1,0,176.96722537821802,2,0
30,F,34166,1,4,0,1,1,1,490.8824854733665,1,0
40,M,51729,0,1,0,1,0,0,477.6291436576516,0,1
30,M,28390,0,1,1,1,0,1,288.34781910928405,1,0
59,F,85618,0,4,1,0,0,0,75.79041491943883,1,1
36,M,130227,1,2,1,0,0,1,174.22190663476914,1,1
68,M,98303,0,3,0,1,1,1,232.49978877746366,1,0
36,F,129434,0,2,1,1,1,1,55.613019797010196,1,1
64,M,113059,0,4,0,0,0,0,464.42481202654915,0,1
41,F,130898,0,4,1,1,0,0,78.88447575587357,1,0
39,M,119145,0,4,1,0,1,1,323.902894689066,2,1
25,F,75206,0,3,1,0,0,1,416.1147546075317,1,0
35,F,119053,1,3,1,1,1,0,24.571910478260968,1,1
18,F,36603,0,2,0,0,1,1,415.9146950464582,0,0
44,F,61178,1,3,1,0,0,1,408.1009671813791,1,0
62,M,107534,1,1,1,1,0,1,194.72896158063062,0,1
32,M,98009,1,1,0,1,0,0,83.75068408961818,2,0
44,M,109662,1,0,0,0,0,0,236.8215165031363,1,1
61,M,111204,1,4,1,0,0,0,147.92342564143124,0,1
48,M,61714,1,0,1,0,1,0,89.19914723025398,2,0
53,M,71769,1,1,1,1,0,0,218.414211520658,2,1
50,F,50104,0,4,0,1,1,1,438.32098236350174,1,0
21,F,44435,1,0,1,0,0,0,497.61600562454646,2,0
18,F,114658,0,1,0,1,0,1,427.02338994515645,1,0
24,M,69510,0,3,1,1,1,0,114.46404832530439,1,0
20,M,140626,1,0,0,1,0,1,398.41245083823736,0,0
67,F,125314,0,3,0,0,0,1,269.2662375830986,2,0
62,M,54806,0,3,0,1,0,1,301.98233514570137,2,1
55,F,88417,1,4,0,0,1,1,338.51267746265137,2,1
26,F,97497,0,1,0,1,1,0,39.09750908222737,0,1
61,F,103997,1,3,1,1,0,0,98.62338491624325,1,0
40,M,107253,0,3,1,1,1,0,182.8879056405765,2,1
39,M,99744,0,4,1,0,0,0,398.9227106629623,0,1
19,M,32706,0,4,0,0,0,1,93.391724191239,0,0
50,F,30564,1,4,1,0,0,0,309.48284755211415,0,0
23,F,88031,1,3,0,1,0,0,373.1198972115726,1,0
58,M,74787,1,3,0,0,0,1,349.2644630015749,0,1
68,M,142232,1,0,0,0,0,0,25.737248569035316,0,0
38,M,122898,1,2,1,0,1,0,313.7343955880534,2,0
25,M,95354,0,1,1,0,0,0,366.00680586593245,0,0
23,M,89000,0,4,1,1,0,0,324.5504547700812,1,1
63,M,63543,1,2,1,1,0,1,345.49804787491166,2,1
36,M,132360,0,0,0,0,1,0,368.77495146038603,0,1
26,F,89988,0,3,1,1,0,0,332.24617804036814,1,1
29,F,133269,1,3,1,0,0,0,485.00889194109976,0,0
36,M,86639,0,3,1,0,0,1,110.74999921026203,1,0
23,M,33549,1,4,0,0,1,0,410.46765792678883,2,0
55,F,140705,0,3,0,0,0,0,339.6635332907992,0,1
27,M,88395,1,3,1,0,1,1,466.17573209578,1,1
62,M,71118,0,0,1,1,1,0,26.664096171470746,2,0
56,M,145239,1,0,0,1,1,0,198.50789824406334,1,0
19,M,122775,0,2,0,0,1,1,346.67858469541625,1,0
64,M,135714,0,1,0,0,1,1,257.9125033988462,1,1
43,F,106240,1,0,1,0,1,0,481.41606333667715,0,0
61,M,88529,0,2,0,1,0,0,362.36989640993573,2,0
18,F,42097,0,0,0,0,1,1,108.72895592429293,2,0
31,M,142387,1,2,0,0,1,1,261.9966818510601,2,0
26,F,135885,0,1,1,1,1,1,235.51226155532507,1,0
26,M,65431,0,4,1,0,0,1,194.27375746215677,0,1
36,F,106456,0,2,0,0,0,0,240.93064481743403,2,1
65,M,100515,1,0,1,1,1,0,234.60857294235976,2,1
33,M,62774,1,1,0,1,1,1,126.94160227684222,0,1
44,F,69929,1,3,0,1,1,0,106.87417883899985,2,0
50,M,127526,0,1,0,1,1,1,216.34931540458803,2,1
62,M,105313,1,3,0,1,1,0,273.87083686381914,1,1
68,M,137520,1,2,1,1,1,1,338.7478203874128,2,1
50,M,135854,0,0,0,1,1,1,453.54975463486494,0,0
40,F,133284,1,1,0,0,0,0,272.09690919403823,0,1
23,F,107627,0,4,0,0,1,1,382.89624014935146,1,0
37,M,51393,0,1,1,1,1,0,455.988053029498,2,0
33,F,43526,1,2,1,0,1,0,483.62593870980857,1,0
52,F,79965,0,4,1,0,0,0,103.39355658614215,1,1
46,M,29383,0,3,1,0,0,1,440.4455547550438,1,1
25,M,61977,1,0,0,1,0,1,381.9950788621276,1,0
22,F,26819,1,2,1,0,1,1,98.47328228000131,0,1
57,F,98854,0,0,1,0,0,0,134.16349914876568,0,0
68,M,67210,1,1,1,1,1,1,430.7090290259221,1,1
21,F,99975,0,3,1,1,1,1,301.967329655424,1,1
40,F,23933,1,3,1,1,0,1,93.50724476962073,1,0
50,F,80459,0,3,0,0,1,1,305.61382203558037,0,1
31,M,36484,1,3,1,0,0,1,204.84249933946674,0,0
38,F,110946,1,0,0,1,0,0,234.75431934787525,0,1
19,F,50875,1,2,1,1,1,0,175.56936435020677,1,0
43,M,136695,0,3,0,0,1,1,463.33050173877984,2,0
62,M,84019,0,1,0,1,1,1,269.231183994471,0,1
23,M,56476,0,1,0,1,0,1,274.90749105009206,2,0
67,M,149798,1,3,1,1,0,1,103.19550783030596,2,1
20,M,149208,0,2,0,0,1,1,184.46616329779,0,0
37,M,34136,1,2,0,0,0,1,72.01908850484816,0,1
42,M,94537,0,3,0,0,0,1,465.2867852883854,1,0
66,M,86079,1,3,0,0,1,1,107.87483127811672,0,1
59,F,83808,0,2,0,1,0,0,84.5427144687672,2,0
53,M,143921,0,1,1,1,1,0,413.37469010660544,1,0
23,F,28906,1,2,1,0,0,0,444.3295099402746,1,0
69,M,83995,1,0,1,0,1,0,141.70263149716519,1,1
42,F,115712,1,3,0,1,1,0,301.17379191763274,2,0
63,M,58340,0,4,0,0,0,1,376.22577322349605,1,1
59,F,116077,0,4,1,1,1,0,50.45154654465268,1,1
32,F,37849,1,0,0,1,1,1,341.0940034670203,1,1
37,M,52705,0,2,0,0,0,0,232.6433945819993,1,1
60,F,72938,1,3,0,1,0,0,499.78463803336916,0,1
64,M,32255,1,0,1,1,0,1,43.799944366844684,2,1
42,M,66173,0,4,0,1,1,1,321.38080368274035,0,1
48,F,54893,1,1,0,0,1,1,41.76147743024423,2,1
30,M,22904,1,0,0,0,1,1,303.70723606352544,0,0
29,F,80714,1,4,1,0,1,1,323.83885436344286,0,0
54,F,50472,1,3,1,0,1,1,166.14002169304248,1,1
62,M,89719,0,3,1,1,1,1,296.7164246667848,2,0
43,F,37484,0,2,1,1,1,1,64.83234354323174,0,0
58,M,130009,1,3,0,1,1,1,280.790846120518,1,1
43,F,31827,0,0,0,0,1,0,89.50535744791601,1,0
50,F,63092,0,3,1,1,0,0,392.48633062601004,0,1
51,F,33300,1,3,0,0,1,1,335.90100439967864,2,1
46,F,89038,1,3,1,1,0,1,492.98481169638154,0,1
24,M,117059,1,2,0,0,1,0,427.23419493562153,0,0
68,F,26440,1,0,0,1,1,1,435.6327304969413,2,0
50,M,119619,1,2,0,0,1,0,105.59176483857155,1,1
31,F,59983,1,0,0,0,0,0,261.4030401797414,0,1
55,F,75020,1,0,1,0,0,0,457.0265153828547,1,1
41,F,123388,1,1,1,0,1,0,464.26703782294385,2,1
58,F,145876,0,1,0,1,1,0,296.2170614820208,0,0
30,M,40701,1,3,1,0,1,0,72.34508548732163,0,0
36,M,140149,0,1,0,0,0,1,315.2382214014745,0,0
47,F,76504,1,0,1,1,0,0,192.96802326391088,1,0
19,F,100712,1,2,1,0,1,0,378.7150433622471,0,0
43,F,61014,1,1,1,1,0,0,267.8271802565854,1,0
18,M,60445,0,0,0,1,1,1,211.51252176773286,1,1
44,M,97864,0,3,0,0,1,0,42.1616551362834,2,1
30,M,34642,0,1,0,0,0,1,364.8561198718711,2,0
44,M,57761,1,3,1,0,0,0,27.206908413335373,1,1
41,M,55604,1,1,1,0,1,0,138.24199980398464,2,1
49,M,29836,1,3,0,1,1,0,335.7104714774995,2,1
31,M,58121,0,4,1,1,0,1,73.48464330671285,0,0
23,F,92497,0,3,1,0,1,0,346.5951396197557,2,0
66,M,31184,0,2,0,1,1,1,332.4227651674527,0,1
18,M,118735,1,0,1,1,1,0,461.3588478916252,2,1
28,F,68633,1,4,1,1,0,1,403.8845698419297,0,1
49,M,51319,0,1,0,1,1,1,229.7231052190519,2,0
20,F,112371,1,4,0,1,1,0,291.4763573056003,2,1
60,M,62299,0,1,1,0,0,0,244.48074923986402,2,1
37,F,35314,1,0,1,0,1,1,154.9585936270921,0,0
67,M,89128,1,2,1,1,0,1,87.63478071959631,2,0
69,M,92453,1,3,0,1,1,0,458.28645992936765,0,0
33,M,115955,0,1,1,1,1,0,202.78629586353605,2,0
52,M,129747,1,3,0,0,0,0,189.55271069323481,2,1
61,F,51078,0,0,0,0,1,1,81.16779470033264,0,0
35,F,56577,1,3,0,0,1,0,155.11012380987614,0,0
30,M,106592,1,4,1,1,1,1,176.00640916753096,0,0
32,F,131745,0,0,1,1,1,0,338.79286165215865,1,1
63,F,52557,0,4,0,0,0,0,300.13330487576917,2,1
18,M,136276,0,3,0,0,0,0,306.7479052702106,2,0
45,F,97784,1,1,1,0,1,1,379.79730461096676,1,1
57,M,133552,1,4,1,1,0,1,249.85323805059318,0,1
21,F,52905,1,2,1,0,1,1,34.560251895178894,0,0
35,F,93435,1,2,1,0,0,1,262.77312481735345,2,1
62,F,37493,0,4,1,1,1,0,327.99442119258754,1,1
43,M,32102,0,4,0,1,0,1,498.13466016661636,2,0
64,F,58141,0,3,0,1,0,1,189.56775295733834,2,1
62,M,80477,0,4,0,1,0,1,149.1594533106564,1,1
28,M,77715,1,1,0,0,1,0,117.80722252064677,0,1
52,F,143138,0,2,0,1,0,1,254.57051331666878,0,0
58,M,147132,0,0,1,0,1,0,273.1230406014217,1,0
34,F,63905,1,2,0,1,1,1,451.41613006758973,2,1
30,M,88835,0,3,0,1,1,1,91.88025459847438,2,0
32,M,139567,0,0,0,0,0,0,135.45853398483968,1,1
40,M,46483,1,2,1,0,0,1,322.41204768916697,1,0
27,M,119851,1,3,1,1,0,0,386.28576170537536,2,0
46,F,86530,0,4,1,1,1,0,460.81828850853486,2,1
50,M,23709,0,2,0,0,1,1,46.267941725716696,2,0
34,F,122151,0,4,0,0,1,0,33.56735940885875,2,0
69,F,139088,1,1,1,1,0,1,294.68166957817107,2,1
63,M,135676,0,3,1,1,1,1,194.41117882157315,1,1
25,M,149443,0,0,1,1,1,1,267.8199730048992,2,0
43,F,29655,0,2,0,0,1,0,95.95921005126974,1,0
31,F,42513,0,0,1,1,1,1,240.4942114522408,2,0
55,M,102355,0,4,0,1,1,0,366.25702021107736,2,1
61,F,134926,1,3,1,0,0,1,480.2631273339985,1,1
52,M,81348,0,2,1,1,0,0,22.721726378965723,2,1
58,F,59695,0,0,0,0,1,0,491.15291814286655,0,0
23,F,56439,0,1,0,0,0,1,204.5954655614719,0,0
66,F,37179,0,3,0,1,0,0,312.3111533888914,1,1
54,F,146544,1,1,0,0,0,1,397.23428654390216,1,1
24,F,30097,1,1,1,0,0,1,439.94842197558603,2,0
26,F,122292,0,1,1,0,1,0,199.6035659753326,1,1
56,M,95904,1,1,0,1,0,1,398.00335600352,1,1
61,M,118874,0,0,1,1,1,0,278.7346862777307,0,1
51,F,108940,1,4,1,0,1,0,485.3147562371676,1,1
51,M,132847,1,0,1,1,1,0,418.0270762521544,2,1
48,F,136972,1,1,0,1,0,1,347.3987628611312,1,1
67,F,74977,1,4,1,1,1,1,390.6837645804297,2,0
18,F,85041,0,4,1,1,0,1,24.988653028001337,0,0
31,F,62056,0,3,1,1,0,1,306.2773023029855,1,1
58,F,97755,0,4,1,1,1,0,450.9431135353003,2,1
67,F,60065,0,3,0,0,1,0,386.70346466704837,0,0
68,F,50535,0,4,0,0,1,1,82.8348995381553,0,0
60,F,39556,0,4,0,0,0,0,399.1283033289616,2,0
66,M,103122,1,4,1,0,0,0,479.0812055365141,0,1
50,F,28849,0,4,1,1,1,0,114.0023608484785,0,1
39,F,107348,0,4,1,0,0,1,243.880100673312,2,1
31,M,25030,0,3,1,0,0,1,405.3862263328719,0,0
35,M,85515,1,3,0,1,0,0,421.62716278070474,0,1
39,F,67987,0,1,1,0,0,1,49.759116160755084,2,1
31,F,34934,1,2,1,0,1,1,166.94607927568248,2,0
52,M,142659,0,0,0,1,1,0,90.72431974013065,1,0
36,M,76147,1,2,1,1,0,0,459.9660003891037,1,1
33,M,45546,0,2,0,1,1,1,488.4809208139738,1,1
31,M,88880,0,4,1,1,0,0,495.5384964764751,1,1
42,M,148359,1,1,1,0,0,1,195.79196582958608,0,0
33,M,27846,0,0,0,0,1,0,255.63775156198648,0,0
67,M,43180,1,4,0,0,1,1,76.07844900044348,1,1
54,M,106047,0,0,0,1,0,1,208.4949954097645,0,1
32,F,49817,1,1,1,0,1,0,177.88906832598008,2,0
62,F,101593,1,3,1,1,1,0,260.9496961435123,2,1
36,M,39794,1,1,1,0,1,1,259.0729862195132,2,0
65,F,75025,1,4,0,0,1,1,493.6824621105284,0,1
41,M,37202,0,1,1,0,1,1,156.49190496983388,1,0
62,M,28116,1,0,0,1,0,1,200.27332631890738,0,1
52,M,94697,1,1,0,1,1,1,338.3910586261563,1,1
43,F,77295,0,3,1,1,1,0,46.30194166542861,1,0
21,F,132133,1,3,1,0,0,1,471.976640192275,2,1
35,F,63765,0,3,1,1,1,1,202.37154882588425,2,0
26,F,107639,0,0,1,1,1,0,266.41207053307255,2,0
63,M,142196,1,1,1,1,1,0,72.22409640939685,0,0
63,M,52729,0,2,0,1,1,1,384.7982749751926,0,0
32,M,103252,0,0,1,0,1,1,25.853282733111378,0,0
26,M,101172,1,2,0,0,1,0,175.45992473946518,0,1
50,F,84870,0,0,1,1,1,0,486.2406394207211,1,1
34,M,32530,1,4,0,1,1,0,226.16898127836427,0,0
47,M,117216,0,4,1,1,1,0,130.19184910225783,1,1
24,M,80431,0,4,0,1,0,0,437.9645788113439,1,0
68,M,87605,0,3,0,1,0,0,290.0117005285965,1,1
25,M,134183,0,4,0,0,1,0,419.4979017735411,0,1
61,F,135091,0,4,1,1,1,0,43.31210437565904,1,0
52,F,76225,1,1,1,0,1,1,389.74650942047225,1,1
41,F,82086,0,0,1,0,1,1,488.47570845793484,0,1
35,M,29686,1,2,0,0,1,0,87.57572508558111,1,1
45,M,110053,0,1,1,1,0,1,328.9371879968378,2,1
65,F,135072,0,1,0,0,0,0,360.58503273085813,2,0
62,M,44953,0,3,1,0,0,1,74.76177230628988,0,0
25,M,109315,0,2,0,1,1,0,68.59290552487634,1,1
60,M,91791,0,0,1,1,0,1,127.01132905955629,2,1
29,M,118081,0,1,0,1,1,0,263.6431643161307,2,0
56,F,142674,0,1,0,0,1,0,152.00027214716795,1,1
21,F,45814,0,2,1,0,0,1,137.53012018087557,2,1
47,M,24076,0,1,0,0,1,1,180.06156710200426,2,0
69,M,102384,0,1,0,1,0,0,73.68860808224626,0,0
20,M,127517,1,1,0,0,1,0,406.83067839545146,1,0
64,F,101541,0,1,1,0,1,0,156.46551923604673,2,0
63,M,111448,1,3,1,0,1,0,496.9366345212819,0,1
44,F,103208,1,3,1,0,1,0,122.58452843424494,1,1
63,M,93134,1,4,1,1,0,0,122.28775003067085,0,0
48,M,80763,1,2,1,1,1,0,188.870687443132,0,1
67,M,39214,0,3,0,1,1,1,48.52455347946165,2,0
37,F,57914,0,4,1,0,0,0,130.8762814515345,0,0
55,F,114740,1,3,0,0,1,0,236.14444115147168,0,1
43,M,137513,0,0,0,1,0,1,105.43509626060755,0,1
32,F,133144,0,2,0,0,0,1,348.271125014823,0,1
34,F,121400,0,0,0,0,0,1,398.9852463601913,2,1
34,F,54541,0,0,0,0,1,1,261.1278344849127,1,1
21,F,40957,0,4,0,1,0,0,328.60549184769803,1,1
50,M,124572,0,1,1,1,1,0,127.41921356820738,2,1
50,F,133500,0,2,1,0,1,1,89.12015836162473,2,1
34,F,74565,0,1,0,1,1,1,413.1827964118136,2,0
56,F,149843,0,2,1,0,1,1,287.84097623563906,2,1
35,M,41357,1,4,1,0,1,1,157.23596718818533,2,0
22,F,20940,1,0,0,1,0,0,63.44534732403606,1,1
32,F,129661,1,1,0,1,0,0,279.44704195301574,1,0
51,F,79683,0,4,0,1,1,0,268.1433945344898,0,0
66,F,28659,1,0,0,1,1,1,382.2452886374056,2,0
39,F,112117,0,2,1,1,0,1,137.45814472742606,2,1
61,M,108905,1,2,1,1,0,1,61.27843446102057,2,0
51,M,113054,0,0,1,1,0,0,450.17733125730723,0,0
56,M,118024,0,0,0,1,1,1,359.2133157715063,1,1
23,F,33394,0,1,0,1,1,1,128.53136527567358,1,1
37,M,122598,0,0,1,1,1,1,98.261411504773,2,0
63,M,27673,1,4,0,0,1,0,214.26552008743474,1,0
61,M,141804,1,3,0,1,1,1,139.53487026375774,1,1
57,M,98331,1,1,1,1,1,1,210.0732928181501,0,0
23,F,138291,1,2,1,1,1,1,89.03206158282232,0,1
42,M,137213,1,0,0,0,0,1,72.32171202035614,2,0
52,F,135093,1,4,0,0,0,0,276.9101214360449,1,1
65,M,111261,0,2,0,0,1,0,79.65688933161181,0,0
57,M,25566,1,2,1,0,0,1,398.42205506922494,2,1
37,M,110598,1,3,1,1,0,0,354.68454639258454,0,1
64,F,104806,0,2,0,0,0,1,116.85964651910624,1,1
69,M,92351,1,3,1,1,0,1,26.606251510181167,1,1
55,F,52887,1,4,0,0,1,1,135.8287447226418,1,0
60,M,66229,0,4,1,0,0,0,427.53406243689636,2,1
21,M,63369,1,0,0,1,1,0,296.9865247901665,2,0
18,F,65223,1,4,1,0,0,1,329.9134143737984,1,0
41,F,85766,0,4,0,0,1,0,454.8452106371763,0,1
45,M,73837,0,2,0,0,1,0,121.7469273398123,0,0
31,F,49573,0,1,1,1,0,1,401.1189643509156,1,0
46,M,25172,1,2,1,0,0,1,87.84050413733384,2,0
62,F,105100,1,3,0,1,0,0,310.7276392070029,1,1
50,F,87320,1,4,1,1,1,1,285.45745861490377,1,1
18,F,28461,0,3,1,0,0,0,445.66842702618266,2,0
28,M,106630,0,4,1,0,0,0,481.40772998959847,0,1
50,F,80051,0,4,1,1,1,1,177.36305542647796,0,1
52,F,79680,0,0,0,0,0,0,230.12497944156658,0,1
25,F,126604,0,4,1,1,0,1,113.72165740335,1,1
18,F,145598,1,2,0,1,1,1,43.74116249476213,2,0
27,F,71532,0,3,1,0,0,0,327.6869940353331,2,0
59,F,92572,1,0,1,0,1,0,283.10920667212895,2,1
36,M,114273,1,3,1,0,0,0,329.8105246699446,1,1
67,F,24655,0,1,1,1,0,0,356.14073637906137,1,1
44,M,43801,0,3,0,0,1,1,350.64365123782056,1,0
45,M,142017,0,3,0,0,0,0,333.53330403182275,2,1
27,M,46585,0,3,0,0,0,0,311.49507899102673,0,0
52,F,48502,0,3,0,0,1,1,324.44174896063396,2,1
30,F,27781,1,1,0,0,1,1,313.4943686758045,1,0
36,F,110593,1,1,0,1,0,0,130.5795568627545,2,1
34,M,69089,0,0,1,0,0,1,370.85867202430455,2,1
27,F,126869,0,1,0,1,0,0,384.10522836263976,2,0
21,M,79158,1,2,0,1,0,0,383.28545707230654,0,0
22,F,149773,1,0,0,0,0,0,380.4070049927983,0,0
27,M,79839,1,2,1,1,0,1,191.29161975015168,2,1
40,M,118902,0,4,0,0,0,0,297.25578980582685,0,1
33,M,83097,0,2,0,1,1,0,460.6366677813374,0,1
58,F,82532,0,1,0,1,1,0,451.10278658662355,1,0
49,F,109656,1,4,0,0,1,0,284.5425638914252,1,0
27,F,82227,1,4,1,0,0,1,134.56978260436995,0,0
45,F,45044,1,4,0,1,1,0,275.78507042971137,1,0
62,F,20696,1,4,1,0,1,0,177.9909375352689,1,0
25,M,134033,1,2,1,1,1,0,83.7151979723867,1,0
36,M,107600,0,3,0,0,0,0,498.51030654767766,0,1
49,F,54262,0,1,1,0,0,1,339.18101157309786,0,1
43,M,140966,0,4,0,0,0,0,280.56160508477547,2,0
68,M,108883,1,2,1,0,0,1,308.26068073150765,0,1
50,F,53979,1,1,0,0,0,0,114.76394819520337,1,1
56,F,145765,0,4,1,0,0,1,54.9849814647186,2,1
68,M,119269,1,3,0,1,1,1,195.15009055577656,1,1
26,M,53245,0,1,0,0,0,0,361.534367762968,2,0
25,F,74318,1,0,0,0,1,1,31.865172862991713,1,0
56,M,109868,1,1,0,1,0,1,59.70481366974171,2,0
26,M,86300,1,2,0,1,0,0,167.7777956024676,1,0
55,F,94405,1,4,1,0,0,0,173.877085517851,0,1
32,F,72552,0,3,1,1,0,1,25.099908330518446,2,0
38,F,24828,1,1,0,1,0,1,213.9762930881122,1,0
30,F,23056,1,0,0,0,0,0,414.14373986828014,0,1
31,M,21542,1,0,0,1,0,1,372.900608149682,1,0
53,F,115934,0,3,1,1,1,0,165.48269168158143,1,1
49,M,74092,0,2,0,1,0,0,157.1803864135744,0,1
41,F,96425,1,2,1,1,0,0,190.56945596932476,2,0
38,M,104595,0,2,0,0,0,0,106.07021700680404,0,1
56,M,32849,1,3,0,1,1,1,92.80471679812672,1,0
64,F,28270,1,2,1,0,1,1,374.3026216875251,1,0
60,F,103586,0,3,0,1,0,1,41.605664793583145,2,0
59,F,86894,1,0,1,0,0,1,294.0448202946443,0,1
50,M,93010,1,0,0,0,1,0,382.7216976473061,2,1
35,M,60575,1,0,0,1,1,1,384.0859598929749,1,0
37,M,57484,1,3,0,0,0,1,397.81067492801407,1,1
69,F,139496,0,2,1,1,1,1,354.00231695152746,2,0
29,M,129313,0,3,1,0,0,1,195.84075621283154,1,0
60,F,25486,1,4,0,1,1,0,264.74646464430407,1,0
33,F,32655,1,4,0,0,1,1,294.1749616258648,1,0
62,F,140165,1,0,0,1,0,1,81.38941501390475,1,0
36,F,74868,1,0,0,0,1,0,33.42455130374475,2,0
59,M,34953,0,3,0,0,1,0,441.90351462718286,1,0
50,F,86345,1,1,1,1,0,0,425.13053381027237,1,1
55,F,28921,0,1,1,1,1,1,191.0687415337063,1,0
59,M,90762,0,3,0,1,1,1,293.58674857757524,1,0
24,M,93790,1,1,0,0,0,0,70.86757675854918,1,1
47,F,84367,0,4,1,0,1,0,146.3227081932383,2,1
22,M,41220,0,4,1,1,0,1,183.02749589198666,2,0
50,F,107979,1,4,1,1,0,1,410.372337769251,0,1
38,M,77579,1,3,0,0,0,0,22.811519549126658,1,0
68,F,119038,0,1,0,0,1,0,476.94773438934794,2,1
19,F,128946,0,0,0,1,1,1,322.3812619653338,1,0
39,F,82300,1,0,0,1,1,1,358.9714923719035,0,0
26,F,132904,1,1,1,0,0,1,136.38224589573878,0,0
27,M,67173,1,1,0,0,1,0,425.4771869033417,2,0
42,F,81262,1,3,0,0,1,1,230.5173776730886,1,1
33,F,38634,1,0,0,0,0,1,305.09008708522555,1,0
52,M,48350,0,2,0,1,0,0,120.18058315865574,1,1
68,M,57867,0,2,0,0,0,1,168.38197250464933,0,1
57,M,40338,0,1,1,0,0,0,216.71582792608103,1,1
37,M,73066,0,2,0,0,1,0,37.44572178179092,0,0
56,M,87475,0,0,0,0,1,1,474.67183140704105,0,1
31,M,109169,1,4,0,0,0,1,119.11847380852771,1,0
40,M,54223,1,1,1,0,1,0,422.746766491891,1,1
46,M,47555,1,4,0,0,0,0,181.7535950158552,0,0
61,M,116125,0,2,1,1,0,0,332.47845222912946,0,1
47,M,139635,0,2,0,0,0,0,233.45012662206238,2,1
62,F,69867,1,0,0,1,0,0,36.51723259694144,2,0
20,F,46340,1,3,1,0,1,1,220.7634125266048,2,0
30,F,72575,1,1,1,0,1,1,331.3071744091846,2,0
35,M,53824,0,0,0,0,1,0,486.60023294543555,2,1
64,F,144190,0,3,1,1,1,1,458.1819915813948,0,1
58,F,55469,0,3,0,1,1,1,34.213584959793444,0,0
49,F,121343,0,3,0,0,1,0,137.7415407880073,1,1
42,M,47749,1,3,0,0,0,1,285.10061437039997,1,1
59,M,139414,0,0,0,0,1,1,146.01389707091192,1,1
39,M,65637,0,3,1,1,0,0,243.78146917715435,2,0
30,F,70999,0,0,1,1,0,1,242.84406432727928,2,0
56,M,111753,0,4,1,1,0,0,262.5682492593136,0,1
63,M,131750,0,3,1,1,0,0,61.96496360114617,1,0
42,M,123039,1,2,0,1,1,1,147.21072272888551,2,0
37,F,50438,1,3,1,0,1,0,20.18305432022725,2,0
65,M,142774,0,2,1,1,0,1,199.0378106154679,0,1
61,M,63015,1,0,1,1,1,0,496.3485894001508,1,1
55,F,71655,0,0,0,0,1,0,305.5798374392275,0,0
56,M,117770,0,2,1,0,1,0,430.4661580458342,2,1
48,M,149861,1,1,0,0,0,1,86.3632653053599,0,0
58,M,70309,1,4,1,1,0,1,342.080324036638,2,1
31,M,108397,1,4,0,1,1,0,150.69269129507705,2,1
23,F,38457,1,4,1,1,1,1,89.8377573022272,2,1
20,M,118311,0,3,1,1,1,1,283.6638825388497,1,1
48,M,129731,1,0,1,1,1,1,291.1589220750584,1,0
59,M,76650,0,2,0,1,1,0,141.0208234759668,1,1
59,M,124258,1,2,1,0,0,0,214.86401254480296,2,1
65,M,37086,0,2,1,0,0,0,382.30628542679676,2,0
67,M,59803,0,4,1,0,0,0,449.6187054382437,1,0
64,F,82431,1,2,0,1,0,0,74.51672260525041,2,1
31,F,65931,1,4,1,0,1,1,255.77562799544577,2,1
47,F,143446,0,1,0,0,1,1,448.0211692620493,2,1
56,M,45643,1,0,0,1,0,0,71.4681032411666,0,0
65,F,55718,0,4,1,0,1,0,431.54503929537634,0,1
32,F,68159,0,4,1,0,1,1,188.23253630561678,2,0
49,F,25262,0,0,0,1,1,0,472.141993017581,0,0
62,F,36777,1,3,1,1,1,1,312.6403257593102,1,1
39,F,55588,1,4,0,1,1,0,263.5180873384683,2,1
34,F,72143,1,4,0,0,0,0,66.57274111063367,0,0
66,M,40359,0,1,1,0,1,1,300.94281682032334,1,1
60,M,100333,0,1,1,0,0,1,450.6204270470894,0,1
31,F,113200,0,2,0,1,1,1,487.84355027077595,0,1
62,M,61174,1,2,0,1,1,1,492.0881069706613,1,1
52,F,58555,1,1,0,1,1,0,419.2205045240327,1,0
49,F,20828,0,1,0,1,1,0,312.97721167782424,2,0
32,F,113507,0,4,1,0,0,0,299.6799068479721,0,1
59,M,115955,0,4,0,1,0,1,237.82849183509822,1,1
57,M,143662,0,4,1,1,1,0,85.49809235805277,2,0
61,F,127550,1,1,0,1,1,1,260.76430843732027,0,0
66,F,62186,1,4,0,1,0,1,416.8621836600027,2,1
49,F,80864,1,0,0,0,0,0,394.25767004598947,2,1
29,M,57298,1,0,1,0,0,1,150.33527382297325,2,1
67,M,48414,0,3,1,1,1,1,144.78084366846792,1,0
40,F,102527,0,2,1,1,1,1,237.57984564023167,2,1
41,F,90343,0,2,1,1,1,0,153.53821977831888,2,1
20,M,24623,0,1,1,0,1,0,221.1525059982754,2,0
29,F,108357,1,2,0,0,0,1,50.165071813669826,1,0
65,F,70623,1,4,1,1,0,0,292.2463114257759,0,1
54,M,37598,0,2,1,1,1,1,465.06482162494984,0,1
61,F,145159,0,1,1,1,0,1,107.98232401972342,0,0
51,M,146855,1,0,1,1,1,0,423.2835990885986,1,1
37,F,101961,1,1,0,1,1,1,449.3701880209817,0,1
54,F,111781,0,0,0,1,0,0,207.1712497419977,0,0
68,M,59817,1,1,0,0,1,0,434.84523818808213,2,1
21,M,118956,0,4,0,0,0,1,400.85597972132297,2,1
46,M,49958,1,0,1,0,1,1,421.4558039530366,0,0
51,F,67915,1,1,0,1,1,0,494.1397153635279,2,1
36,F,146938,1,1,1,1,1,0,98.45195176595404,0,0
69,M,65169,0,1,1,1,1,1,178.09933287595945,2,0
37,M,93386,1,2,0,0,1,0,376.7351752570149,2,1
56,F,99999,1,3,0,0,1,0,300.4956000818628,1,0
31,M,98435,0,3,1,0,1,0,27.39780969379206,2,1
53,M,76919,1,1,0,1,0,0,484.63179705025465,1,0
42,F,30915,0,1,1,0,1,1,430.08974432312624,0,0
43,M,99670,1,2,1,1,0,0,126.46208810689441,2,1
65,M,75694,1,0,0,1,0,1,449.6517990903817,0,1
28,F,55847,1,4,1,0,1,0,85.29400324658475,2,1
46,F,29009,0,4,0,1,1,1,466.9421985264354,1,1
52,M,37664,0,3,0,0,0,1,294.44672348552183,0,1
50,M,52002,1,3,1,1,0,0,42.353296561869,2,0
60,M,81057,0,0,1,1,0,1,62.83268825095875,2,0
58,M,86711,0,1,1,0,1,0,203.45907981646133,0,1
38,F,69963,0,1,0,1,1,0,238.6538991852975,0,1
28,M,99227,0,0,1,1,1,0,491.23375385082545,0,1
55,F,125434,0,0,1,1,0,0,477.84234338008,1,1
27,F,64935,0,0,1,0,1,0,384.755118625376,0,1
52,F,130003,1,0,0,0,1,1,289.0959842829551,2,1
45,M,85932,0,1,0,1,1,1,499.1720925225105,2,1
37,M,62593,1,1,0,0,1,1,211.55265937619188,0,1
60,M,146632,0,3,1,1,1,0,116.92315978287454,1,0
31,M,94224,1,3,0,0,1,1,342.6034251779411,1,1
31,M,139112,0,2,1,1,0,0,80.6462183844255,1,0
66,F,98589,0,0,1,0,1,0,320.3183051119256,1,1
33,M,137994,1,0,0,0,0,1,364.0239966399363,1,1
57,F,106163,0,2,0,1,0,0,261.0003599566385,1,0
22,M,126192,1,3,0,1,0,1,407.4697034079047,1,1
39,F,114201,0,4,0,1,0,0,387.26984447430004,1,1
68,F,34740,0,1,0,1,0,1,46.47018228393078,0,0
63,F,136057,0,4,1,1,0,0,208.35484153817072,1,1
46,M,149952,1,2,0,0,0,1,394.3250474855894,2,1
53,M,82406,1,1,1,1,1,0,324.6831868160708,1,0
24,M,43060,0,3,0,0,0,0,179.11409392597133,2,0
39,M,29702,0,3,0,0,1,1,385.2520897341331,1,1
35,M,122414,0,4,0,0,0,1,337.58425698770986,0,0
27,M,88527,1,1,1,0,1,0,367.0179082492929,2,0
57,F,60760,0,1,0,0,1,1,356.5418333095101,0,1
50,F,45906,0,2,0,0,1,0,174.72908050629763,1,1
25,M,54902,1,1,1,0,0,0,151.43082504951462,1,0
62,F,50567,1,2,1,1,0,0,27.767919271181754,2,0
67,F,148700,1,0,1,1,0,1,131.38966344508677,1,1
19,F,123725,0,1,1,1,0,0,108.54595584486916,2,0
65,M,79286,0,1,1,1,1,1,338.9877407859233,1,1
38,F,52433,0,3,1,1,0,0,123.97967401775031,0,1
38,F,111152,1,4,0,0,0,1,424.26687210764527,0,0
27,F,115509,1,4,0,0,0,0,457.48036762087486,1,0
36,F,46508,1,0,1,1,0,0,184.46267430180765,0,1
42,F,135889,0,3,1,0,1,0,388.8483183471919,0,1
66,M,71179,1,2,1,1,0,0,401.3387251648478,0,1
61,F,143454,0,0,1,0,0,1,58.99355682848039,2,0
40,M,72980,0,3,1,1,1,1,495.9796054527111,1,0
20,F,47096,0,2,1,1,0,1,402.4079146426523,2,0
18,M,74479,1,3,1,0,1,1,427.25664611195975,1,1
34,F,52736,1,1,0,0,1,1,124.60593756503862,1,0
49,F,97513,1,1,1,1,1,1,377.0812203455899,2,1
50,M,58159,1,1,1,1,1,1,135.39465958680853,2,0
20,F,137711,1,1,1,1,0,1,173.0723995091976,1,0
26,M,54234,1,3,1,1,0,0,361.49380706451706,2,0
45,M,87797,1,1,1,1,1,1,140.62995019656887,2,1
38,F,31272,0,1,0,1,0,0,350.7075166596001,0,0
31,F,72186,0,0,0,1,0,1,466.00562110678334,0,1
23,F,128746,0,2,1,0,0,1,495.24424645362956,2,0
63,F,46758,0,0,1,0,0,0,202.58788635528728,1,0
60,F,145968,0,4,0,0,1,1,308.6686209348902,1,1
46,M,143965,1,2,1,0,0,1,465.1859953475174,0,0
68,F,134852,1,3,0,1,0,0,298.6464400343909,1,0
59,M,37962,1,0,1,1,0,0,119.31866522471715,1,0
40,M,147887,1,0,0,0,1,1,256.12943021982505,2,0
31,M,81833,0,2,0,0,0,0,383.78679590209526,2,0
55,M,99572,0,2,1,0,1,0,303.9664667630205,1,1
65,F,99653,1,3,1,1,0,1,448.3158642599768,1,1
29,F,140443,0,4,1,0,0,0,235.44171943188502,2,0
33,F,130266,1,2,1,1,1,0,229.4159653416094,1,1
37,F,48173,0,3,1,0,1,0,187.7802513876033,1,0
51,F,103812,1,3,1,0,0,0,305.3333370172321,2,1
28,F,122094,0,2,1,0,1,1,271.8074542005361,0,1
42,M,88070,1,1,1,0,1,0,199.19178876906165,1,0
43,M,131650,1,1,1,1,1,1,419.2502243063879,2,1
43,F,46217,1,1,1,0,0,0,235.8414626335693,1,0
37,F,131223,0,4,1,0,0,1,377.9937007554957,0,0
19,M,139036,1,1,0,1,1,1,310.0033087283821,0,0
56,F,46502,0,2,0,0,1,1,115.80500478919976,0,0
42,M,62961,1,3,1,1,0,0,478.24833065580196,2,1
54,M,106331,1,0,1,1,0,1,182.75656316502534,0,1
18,M,78452,1,1,0,0,0,1,468.22235304944917,2,1
57,F,91539,1,2,0,1,1,0,499.0866861250168,2,0
33,M,64316,1,0,0,0,1,0,210.5859316289952,1,1
68,F,80070,1,3,0,0,0,0,166.3268811676642,1,1
33,F,94347,1,1,1,0,0,1,430.8389991711072,2,1
42,M,65460,1,3,1,1,0,0,37.7055148058095,0,1
19,M,37520,0,1,1,1,1,1,322.0927470886759,1,1
66,F,123679,1,0,0,1,1,0,308.8510229266568,0,1
66,F,124996,1,1,1,1,0,0,497.5679304012002,2,0
30,F,36625,0,4,1,0,0,0,326.33374091007,2,0
21,M,76409,0,3,0,1,1,0,431.4125599120502,1,0
67,M,121575,1,4,0,0,1,0,147.19441510814937,1,0
23,M,67251,0,0,1,1,0,0,430.5746223639663,0,0
40,F,127996,0,3,1,1,1,0,267.6199197188067,2,1
53,M,115002,1,0,1,1,1,1,49.091374736018466,2,1
28,M,90792,1,4,1,1,0,1,363.54658999794674,0,1
57,M,108376,0,0,0,1,0,1,373.9885054643103,2,1
68,M,145380,1,2,1,1,0,1,367.7720414772029,0,1
43,F,115041,1,0,0,0,0,1,310.64906423200017,2,1
20,F,48044,0,4,0,1,0,1,315.29860810385503,0,1
47,F,125497,1,2,0,1,0,1,443.30922083017543,1,1
58,F,38842,0,1,1,1,1,0,44.656560028427904,0,0
64,M,22459,0,3,1,1,0,0,298.640462054661,0,0
33,F,48758,1,4,1,1,1,0,130.54358209628552,2,0
18,F,107829,1,0,1,1,1,0,109.2612367568824,2,0
48,M,54061,1,1,1,1,1,1,310.0801046772065,0,1
21,F,59021,1,4,0,0,1,1,106.8599760559095,0,1
55,M,37239,0,3,1,1,0,0,47.33714532087183,0,1
48,M,119893,1,2,0,1,0,1,341.0669529728252,2,1
31,F,31526,0,1,1,1,0,1,106.43592237033639,2,0
20,F,108821,1,4,1,1,1,0,74.65764943775385,1,0
53,F,36491,0,1,1,0,0,0,78.57098502843078,2,0
20,M,85156,1,4,1,0,0,0,135.10352482140652,2,0
65,F,104375,1,0,0,0,1,1,84.67872004916701,2,0
22,M,128517,1,0,1,0,1,0,68.5274692894757,0,0
43,M,111978,1,3,0,1,1,1,395.49892528623116,1,1
69,M,96359,1,0,1,1,1,0,159.69642930592335,0,0
55,M,135680,0,1,0,1,0,1,321.0320965592356,1,1
44,F,99190,1,4,0,0,0,0,25.45301058539426,0,0
23,M,53829,1,2,0,0,0,1,281.5292725223903,1,0
61,M,91660,0,0,1,1,0,1,434.4143855338703,1,1
64,F,46119,1,3,0,0,0,1,378.2705089001348,1,0
65,F,88231,1,0,0,0,1,0,61.90984319720062,2,0
55,M,135535,1,4,1,0,1,0,312.2680318866631,0,0
37,M,34120,0,2,1,1,1,1,225.0412283035081,0,0
66,M,147781,0,0,1,0,0,0,318.79199992478556,1,1
69,F,100947,1,4,0,0,1,0,454.1566424764409,1,1
59,F,107810,1,0,1,0,1,0,235.40209522189886,0,1
68,M,138290,0,2,0,1,0,1,461.3721167975092,1,1
32,F,97480,0,3,1,0,1,1,438.85609519032874,2,1
61,M,127052,0,0,0,0,1,1,452.7564960383053,1,1
53,M,65273,0,3,1,0,0,0,172.11774492945955,2,1
54,M,140720,0,4,1,1,0,1,315.3864774838526,1,1
62,F,128647,1,0,0,1,1,1,270.34549993015446,1,1
62,M,90257,1,4,0,1,0,1,120.071926841835,0,1
39,F,127625,0,1,1,1,1,0,352.4976123838502,1,0
31,M,50392,0,0,0,1,1,0,130.18858285646218,0,1
66,F,22191,0,3,0,0,1,0,166.68645982955633,2,0
21,F,115332,1,2,1,1,1,1,465.84606515781854,1,1
64,F,46425,1,0,1,0,0,0,407.8349588340297,1,0
69,F,22316,1,1,1,0,0,0,169.0813081365369,0,0
61,F,24975,0,1,0,1,0,0,308.0636041211388,2,0
30,F,24947,0,3,1,1,0,0,413.7941328422618,0,0
67,M,25085,0,3,0,0,0,0,72.22404686665067,1,0
39,M,105551,1,1,0,1,0,0,96.62414713595408,1,0
38,F,29580,0,3,1,0,1,1,282.52503384533964,2,1
40,F,116987,0,1,1,0,1,0,204.26354372931263,1,0
39,M,68994,0,3,0,0,1,0,437.2837654292396,1,1
24,F,51631,0,3,1,0,0,1,386.45168574513104,0,1
29,M,92891,1,1,1,0,0,0,376.2476741563956,0,0
67,F,86509,0,0,0,1,1,1,95.17718641750997,2,0
40,M,39396,1,0,0,1,0,0,463.0928511856559,0,0
63,F,127677,0,0,0,0,0,0,85.17886702844604,2,0
65,M,57543,1,1,1,0,0,1,404.7545964742294,2,0
32,M,141183,1,3,0,1,1,0,248.8830037415696,2,1
66,M,148296,1,2,1,0,0,1,498.56671186423347,1,1
55,M,77273,1,4,1,0,0,0,452.58673604680376,1,1
62,F,24663,0,2,0,1,0,1,117.39037302598277,1,0
51,F,146480,0,3,0,0,0,0,492.71317280786116,1,1
39,M,83209,0,0,0,0,0,0,452.9503736863852,2,0
19,F,89989,1,0,1,1,0,1,466.16249635939255,0,0
40,M,38475,0,1,1,0,1,1,250.96382614095424,0,1
38,F,81360,1,2,0,0,1,1,192.8514364137947,0,0
40,F,65848,1,0,0,1,0,1,115.63156941332772,1,1
44,M,135658,1,1,1,1,0,1,494.4070559826899,2,1
43,M,72056,1,3,0,0,1,1,75.40151830513722,0,0
31,M,136713,0,3,1,0,0,0,152.2777337813969,2,1
49,F,88278,1,1,1,1,1,1,423.4559568975404,2,1
69,F,23393,0,3,0,0,1,1,75.47417337156247,1,1
47,F,83503,1,0,1,1,1,0,435.475581057045,2,1
55,M,44170,1,1,0,1,1,1,171.58264513960378,0,0
36,F,46380,1,1,0,1,0,1,303.5441118004241,2,0
34,F,97188,1,2,0,1,1,0,180.6431689896778,1,1
61,M,76043,0,3,0,0,0,0,369.1870343210635,1,1
57,F,88122,0,4,0,0,1,0,489.1461427281501,0,1
32,F,23041,1,2,1,1,0,0,72.08668330545719,2,0
37,F,133765,0,4,1,0,1,0,406.14159166025075,0,0
58,M,148897,1,3,0,0,0,1,43.39114636171736,1,1
48,M,34516,1,0,1,1,1,0,160.96381179866768,1,1
18,M,54219,0,4,0,1,0,1,301.0898300199362,1,1
51,F,90818,0,0,0,0,0,0,21.654200760246685,1,1
29,M,74813,0,1,1,0,1,0,496.0595605996983,2,0
31,M,104126,0,4,1,1,1,1,374.1885855220671,1,0
60,M,90300,1,4,1,0,0,0,123.31588138163964,2,1
64,M,47161,0,3,0,0,0,1,43.41816545539919,2,0
35,F,90583,0,4,1,0,0,0,163.71324203267537,2,0
50,M,34554,1,3,1,0,1,1,353.64323092195934,1,0
27,M,62212,1,2,0,1,0,1,75.49580918775561,0,0
25,M,28219,0,4,0,0,0,0,463.99124075289586,0,0
31,M,79062,1,4,1,0,1,1,353.861415963321,1,1
66,F,143830,0,4,0,0,0,1,43.76735411224993,2,1
57,F,21609,0,0,0,1,1,0,149.66823031346144,0,1
52,F,62887,1,2,0,0,1,0,404.3629241835209,2,1
69,F,117488,1,0,1,1,1,1,494.188117227442,2,1
41,F,23470,0,4,1,0,0,1,364.03799549796395,0,0
64,M,149780,1,0,1,1,0,0,105.12940100405528,0,1
59,F,73200,0,1,1,0,0,0,386.18847815856094,0,1
51,M,144729,1,4,1,1,1,1,380.347906743297,2,1
67,F,35130,0,1,1,1,0,0,151.8795467201454,2,1
33,F,111019,0,0,1,1,0,0,354.63979992373584,1,1
32,F,142310,1,3,0,0,0,0,380.7464928433148,2,1
59,M,58150,0,2,0,1,1,1,50.45264930048285,0,1
66,M,23174,0,2,0,1,1,0,131.18229615461246,2,0
56,M,24369,1,2,1,1,1,1,118.06419403218771,0,0
49,M,55298,1,0,0,1,1,0,89.04858763351008,1,0
54,F,39682,0,3,0,1,1,0,371.12089034620124,0,0
19,M,113597,1,4,0,0,1,0,335.0514985026758,1,0
45,M,124550,0,0,1,1,0,1,174.58128129308636,2,0
38,M,21905,1,2,0,0,1,1,142.8727887406271,2,1
26,M,147204,0,1,0,1,1,0,204.713513019438,0,1
29,M,81554,0,4,1,1,1,0,65.83398217153167,1,0
66,M,61660,1,3,1,0,0,1,358.9445715556753,0,1
37,F,73815,1,4,1,1,0,1,481.76317237140853,1,1
19,M,67979,0,1,0,0,1,1,163.86725293688156,2,0
54,F,140288,1,4,1,0,0,0,97.9438683263745,0,1
31,M,97138,1,4,1,1,0,0,265.8131273632645,1,0
47,F,29011,0,1,0,0,0,0,268.1309404863605,1,1
41,M,57365,1,0,0,0,1,0,134.99381429614326,0,1
43,M,94603,0,4,0,1,1,1,115.57928930333624,0,1
50,F,139699,1,2,0,0,1,1,189.83265892335982,0,1
41,F,28063,0,2,0,1,1,1,389.5714225241472,0,0
26,F,57931,0,0,1,0,0,1,225.12833642805188,0,0
60,F,23932,0,4,1,0,0,1,277.65761420092826,0,1
52,F,141194,0,0,1,1,1,0,452.039340731208,0,0
19,F,143609,1,0,1,0,1,1,266.4518258547098,0,0
60,F,79186,1,2,0,0,0,1,224.57305571005094,1,0
25,M,81943,0,3,0,1,1,0,187.16983633362577,0,0
69,F,78112,1,3,1,1,0,1,397.2149721133031,0,1
68,F,64766,1,0,1,1,1,0,294.980219040067,1,0
18,M,33462,1,1,1,0,1,1,230.4515063449407,2,0
64,F,42367,0,1,0,0,0,0,399.72076480224706,1,0
44,F,144106,0,0,0,0,1,1,218.29438661400562,0,1
30,F,96820,1,0,0,0,0,0,311.9991604114721,1,0
54,M,59666,0,4,0,0,1,0,241.19590319551085,2,1
30,F,137558,1,3,0,1,0,1,429.0148943810304,0,0
40,F,101153,0,1,1,1,1,1,457.7083518337921,1,1
35,M,137141,1,2,1,1,1,0,62.964202279695215,0,1
46,M,89672,0,2,0,1,1,0,298.19242252504006,0,1
28,M,125066,1,2,0,0,0,0,102.05649361935917,1,0
45,M,102305,1,0,0,0,0,0,436.69118015932935,0,0
68,M,34597,0,2,0,1,1,1,262.64610560789566,1,1
33,F,138057,1,3,1,0,1,1,267.8201085639398,2,1
55,F,108449,0,3,1,1,0,1,405.43473676358974,1,1
34,F,143806,0,3,0,0,0,0,395.34887951449804,0,0
49,F,122146,1,0,1,1,1,0,381.01269226231693,0,1
18,M,55774,0,4,1,1,1,1,113.48902672587487,1,0
62,F,71024,0,1,0,0,0,1,23.471905527622976,1,0
52,M,32885,0,3,1,1,0,1,238.081171284314,0,1
45,F,38775,0,0,1,0,0,1,355.67463947567575,1,0
61,F,44460,1,2,0,0,1,0,419.3757456884207,1,0
19,M,139705,1,2,1,1,0,1,318.3399303035605,0,1
54,F,115658,0,2,1,1,1,1,383.10283260576034,0,1
19,M,125827,1,4,1,0,1,0,433.90179603428703,2,0
68,F,127726,1,3,0,0,0,1,415.40557420365747,2,0
24,M,115033,0,4,0,1,1,1,96.64297368849569,0,0
66,M,44225,1,2,0,0,1,1,78.10611880335037,2,0
66,F,144221,0,0,1,0,0,0,127.85854158469652,2,1
29,F,85287,1,4,0,1,0,1,111.89324399694053,0,0
69,M,67620,0,4,0,0,0,0,203.85708539495374,2,0
63,F,88247,0,1,1,1,1,1,251.23332540372667,0,0
57,M,114718,0,3,1,0,0,1,352.16987854159794,2,0
36,F,142193,0,1,1,0,1,1,313.7243654247478,0,0
49,F,77390,0,2,0,0,1,0,198.9043627320735,1,1
49,F,115794,1,2,0,0,0,0,430.70837421135076,0,1
58,M,45561,1,0,0,1,0,1,105.59040438359668,2,0
42,M,90550,0,2,0,0,0,0,81.43369245300414,0,0
48,M,59032,0,1,0,0,0,1,348.26554436694124,1,1
32,M,51738,0,3,0,1,0,0,282.5394489724126,1,1
55,F,135951,0,4,0,0,1,0,110.66253707866886,1,0
54,M,22918,1,3,0,1,1,1,33.79805168204548,2,1
49,M,107841,0,0,1,0,0,1,274.72069852350756,1,0
66,M,112456,1,2,0,1,0,1,337.33015881039177,0,1
53,F,33037,0,3,0,1,0,0,371.74170824263786,1,0
59,F,111220,0,2,0,1,0,0,248.5113136554614,0,1
24,M,41904,0,2,0,0,1,0,243.42002343193104,2,0
18,M,142393,1,2,0,1,1,1,63.83442597157149,2,0
53,F,27179,0,0,0,1,1,1,453.0094747820584,1,0
28,F,136988,0,4,1,1,1,0,381.9267687662725,0,1
29,M,139300,0,1,1,1,1,1,66.29247900500786,1,0
55,M,85847,1,4,1,1,0,0,494.4471564307365,0,1
39,F,109079,0,1,0,0,1,1,46.93963681141747,2,0
24,M,75531,1,1,0,1,0,1,352.2964194209448,1,0
57,M,104586,0,0,0,0,0,0,170.4551409918415,2,1
57,F,74022,1,0,1,1,1,1,301.81801540374425,1,1
48,M,132137,0,1,0,1,0,0,414.61286369919117,1,0
59,M,75445,0,0,0,0,0,1,469.821654467846,1,1
30,F,135294,1,2,0,1,0,0,40.7926089502595,0,1
45,F,62311,0,4,1,0,0,1,21.625787694623302,0,0
20,F,102333,1,1,0,1,1,1,208.78929066108273,1,0
42,M,92456,1,3,0,0,1,1,182.37168547894942,2,1
49,M,102355,0,4,1,0,0,0,56.87324064793536,2,0
26,F,27065,0,2,1,0,1,1,450.8725771548555,2,0
43,F,97794,0,2,0,0,0,1,379.00939953777186,2,1
47,M,107453,1,4,0,1,1,1,366.1004747501043,1,1
21,F,116172,0,1,1,0,0,1,480.31090319151207,1,0
54,F,95035,1,2,0,0,1,1,221.27620120991767,1,1
31,F,81458,0,0,1,1,1,1,421.19535137323146,1,1
39,M,143144,1,3,1,0,0,1,234.99448914262587,0,1
41,M,80397,1,0,1,1,1,0,254.60117352337096,0,1
67,M,112430,0,3,0,0,0,1,41.362245666434504,0,0
68,M,67114,1,0,1,1,1,0,82.03814200755998,2,0
62,F,100780,0,4,0,1,1,1,48.960118286118934,1,1
45,M,112904,1,1,0,1,0,1,178.37823692449368,2,1
19,M,65272,0,2,1,0,0,1,492.4071972251046,2,1
41,F,52230,1,3,1,0,1,1,80.35309010487113,1,0
36,F,44686,1,2,0,1,0,1,181.22276793508675,2,0
44,M,136281,0,1,1,0,1,1,113.79529165066714,1,1
67,M,140867,1,4,1,0,0,1,493.1357281167979,2,1
51,F,53558,0,0,1,1,1,0,301.55313646499354,0,0
29,M,38828,0,1,0,0,0,0,295.1468597412088,0,0
59,F,50681,0,4,0,0,1,1,450.07757386322754,2,1
22,M,83653,0,2,1,0,0,1,462.36956233236214,0,1
34,M,78579,1,2,0,0,1,1,410.32965977391643,2,1
32,F,112955,0,1,0,1,1,1,106.96673674812943,2,0
32,F,134202,1,1,0,0,0,1,464.33410721864004,0,0
43,F,149623,1,1,1,0,1,1,309.35498251681037,0,0
54,F,92503,0,3,1,0,0,0,288.98364919921386,1,1
49,F,110514,1,0,1,1,0,1,499.703580042496,1,1
39,M,69449,1,2,1,1,1,0,490.56108189316217,1,1
18,F,48108,0,2,1,1,0,0,295.6792928811757,2,0
28,M,29275,1,2,0,0,0,1,247.16320969725996,1,1
36,F,112072,1,3,0,1,0,1,383.6254576329096,2,0
19,F,104006,0,1,0,1,1,1,61.75837874183573,0,0
49,M,48077,0,3,1,0,0,0,217.59975707568304,0,1
23,M,114158,0,4,0,0,0,0,219.88620714201605,0,0
53,M,67802,1,4,1,0,1,1,293.8119333192641,2,1
21,F,100621,0,2,0,1,0,1,72.81544494735161,1,0
20,M,47325,0,2,0,1,1,1,293.08274287905977,1,0
29,M,20996,1,4,1,0,0,0,354.2973203009784,1,1
61,F,112935,1,2,1,1,1,0,31.35643122800701,1,0
18,F,114877,1,0,0,1,0,0,127.18312484294755,2,0
66,M,45368,0,2,1,0,1,0,430.0288226691452,2,0
44,F,37963,0,0,0,0,1,1,334.3177812433572,0,0
23,M,99860,0,1,0,1,0,1,306.424517375299,0,0
37,F,144137,0,1,0,1,0,1,497.33287530289755,1,0
55,F,146685,0,2,1,0,0,1,177.08983925455476,2,0
68,F,149329,1,1,0,1,1,1,225.72599482599674,0,0
69,M,27460,1,0,0,0,1,1,206.51611632969744,1,0
63,M,60915,0,1,1,0,0,0,247.24904909651863,0,1
62,F,141743,1,3,1,1,0,1,268.69682419771044,2,1
46,F,147235,0,1,0,1,1,1,91.25317180462828,2,0
44,M,138718,1,0,0,0,0,0,163.58869148305533,2,1
47,M,94667,0,0,0,1,1,1,218.94901255453934,2,1
25,F,44747,1,3,1,1,1,0,77.96954242262461,1,0
44,F,56423,0,1,1,0,1,0,431.8858207825456,0,1
25,M,148841,1,2,0,1,1,0,35.293764652885464,0,0
20,F,75089,0,3,1,1,1,1,455.44795528084234,1,0
41,F,46467,0,0,0,0,1,0,401.1138538273798,2,1
32,M,20376,0,4,0,1,0,1,409.90991820688595,2,0
35,F,148312,1,2,0,1,0,1,163.72429682969147,0,1
20,F,97700,1,0,0,0,1,0,155.26829175186325,1,1
64,F,87961,0,0,1,0,1,0,294.696095593885,1,1
49,M,117330,0,2,0,0,0,1,114.67186569975006,1,1
67,M,128461,1,1,1,1,0,1,103.85558662671633,1,1
33,F,120717,1,4,1,1,1,1,488.10443101408663,2,1
30,M,81759,0,1,1,1,1,1,497.9890991417207,2,0
40,F,25715,1,1,1,1,0,1,331.45011474368886,2,1
48,F,34277,0,1,0,1,1,0,495.7554876816227,2,0
18,M,90246,0,1,0,0,0,1,371.416414758428,2,1
20,F,88614,1,4,0,0,1,1,211.68689784406018,1,0
42,M,69323,0,3,0,0,1,0,411.8644263638227,0,0
53,F,134461,1,4,1,1,0,1,470.6768561586453,1,1
28,F,106292,1,1,1,0,1,0,83.83476265587431,1,0
27,M,102391,1,1,1,1,1,0,404.36416083053416,1,1
21,M,87259,1,2,1,1,1,0,462.03785010171674,2,0
66,M,48436,0,2,1,1,0,0,236.04742522263726,0,1
53,F,56733,1,1,1,1,1,0,63.65115995543326,1,1
61,M,26838,0,2,0,1,1,0,172.2762104457551,0,0
65,M,95499,0,2,0,0,0,0,271.246909437893,0,0
58,M,147398,1,1,0,0,0,0,65.4722624560433,2,0
19,M,105976,1,1,1,0,0,1,212.64954098442655,2,0
49,F,65389,1,0,1,1,0,1,153.32487779678289,1,0
53,M,85532,1,3,0,0,0,0,291.05142776848095,1,0
38,F,71381,1,2,0,0,1,0,291.6972296888003,1,1
44,F,87521,1,4,1,1,1,0,70.2926113207987,2,0
63,M,25625,0,4,1,1,0,1,23.175551840419644,0,1
63,M,122734,1,1,1,0,1,0,104.23386221021013,1,1
33,F,99850,1,0,0,0,1,0,75.76437020071666,2,0
44,F,109996,1,0,0,1,1,1,224.97516741993655,2,0
56,M,94541,0,4,0,0,1,0,193.73293946976648,2,1
63,M,31993,0,3,0,0,0,0,397.10977958396387,1,0
21,M,149703,0,1,1,1,1,1,187.52557483992152,1,0
59,F,107658,0,1,0,1,0,1,343.04404724977985,1,1
25,M,103037,0,2,0,1,1,1,497.8843637700412,0,0
69,M,38406,1,1,0,0,0,1,93.24305115433349,0,1
43,M,79866,0,3,1,1,0,1,445.55722641053677,2,1
23,M,110051,1,2,0,1,0,0,258.47272393284146,2,0
69,M,100613,1,2,1,0,1,0,177.377181914645,0,0
50,M,149086,1,3,1,1,0,1,161.61086065228244,0,0
24,F,71494,1,2,1,1,0,0,102.75602280660942,0,0
28,M,24852,1,4,0,1,0,0,184.15502727695812,1,0
44,F,93406,0,4,1,1,0,1,373.27597423185074,1,1
25,F,42338,0,4,1,1,1,1,93.0058913599571,0,0
23,F,25103,0,2,0,0,1,1,446.2476547976168,0,1
41,M,129774,1,3,0,0,1,1,333.59226013179,1,0
56,F,116360,0,0,1,1,1,0,445.63337067103043,2,0
38,M,122201,0,0,0,1,0,0,331.07390762560595,2,0
53,F,97283,0,2,0,0,0,1,76.53657589323456,0,1
28,M,147082,1,0,1,0,1,1,37.11041191660719,0,0
48,M,66679,0,3,1,1,0,1,36.76160673311234,1,0
22,F,55962,1,0,0,0,1,0,134.68197546171697,2,1
20,M,79353,1,1,0,0,0,1,170.46614049108234,1,0
19,F,30266,0,3,1,1,0,0,468.78378650439373,2,0
30,F,105998,0,3,1,1,0,0,186.2547778749472,1,0
21,F,76142,0,0,0,0,1,0,257.3216899080378,0,0
63,F,69797,1,0,0,0,1,1,288.23566616890207,2,1
65,M,25835,0,0,1,1,0,0,485.55564156367177,1,0
34,M,114437,0,0,0,0,1,1,307.94779320028135,1,0
66,M,122785,0,1,0,0,1,0,141.6156671327369,2,1
52,M,144188,1,4,1,0,0,1,200.23823027543915,1,1
43,F,26289,1,0,1,1,0,0,246.68065702354764,0,0
19,M,27037,1,0,1,1,0,1,26.37424746882722,2,0
68,F,30418,1,0,0,0,1,1,109.14109638901857,0,0
59,F,117225,0,1,1,0,1,0,31.67857338652464,1,0
19,F,48814,1,2,0,0,1,0,487.6704795728003,2,0
53,M,46386,1,2,0,0,1,1,248.98011125943066,2,0
69,M,135456,0,4,0,1,0,1,252.09661622428288,0,1
36,F,52109,1,2,0,0,1,1,228.82894752304733,2,1
21,M,96442,0,2,0,0,1,1,267.2861500258342,1,0
44,M,104525,0,1,0,0,0,1,33.31820057657339,0,1
23,M,26742,0,4,1,1,1,1,114.70674913421095,0,0
61,F,88507,1,3,0,1,0,0,28.048932348711322,2,0
39,F,125084,0,0,1,0,0,1,265.1858250528711,1,0
43,M,72962,1,1,0,0,1,1,264.2343931509301,1,1
21,F,72245,0,4,0,0,0,0,470.0033914034315,2,1
49,F,133019,0,1,0,1,1,1,429.81694425718314,1,0
64,F,86053,0,3,0,0,1,0,184.76642067497568,0,1
42,M,88906,1,2,0,1,1,1,400.7231413789661,1,1
46,F,126103,1,1,1,1,0,1,119.49941362434029,1,1
58,F,52079,0,2,1,1,1,0,114.65875869786291,2,1
68,F,77946,1,4,0,1,1,0,163.11962318021946,0,0
22,F,104766,1,4,1,0,0,1,328.6380719861742,2,0
47,M,74565,0,2,1,1,0,1,341.1135422745981,2,1
33,F,95455,1,1,1,0,1,1,315.62537326568184,1,1
33,M,64146,1,4,0,0,1,1,365.25206635407585,1,1
44,M,99661,0,2,0,1,1,1,239.03276009147314,2,1
18,F,65126,0,0,1,1,1,1,415.91500070000393,2,1
27,F,142205,1,3,1,0,1,1,411.11145978043567,1,1
44,M,86199,1,0,1,0,1,0,42.76842722371016,2,0
54,M,86686,1,2,0,0,1,1,89.10374153661039,1,1
23,M,146419,1,3,0,0,0,1,31.69663610119768,0,0
24,M,127901,0,1,1,0,1,0,290.14385258757454,0,0
65,F,127844,1,2,1,0,0,0,380.09070065406485,1,1
29,F,110003,0,4,1,1,1,1,95.61580520852034,0,1
23,F,61989,0,3,1,1,0,0,470.4562413688423,0,1
21,F,144543,1,4,1,1,0,1,286.97929478276063,1,0
34,F,128079,1,4,0,1,1,1,112.40726407740637,0,1
34,M,126872,0,3,0,0,1,0,169.5783343960959,1,1
67,M,88508,1,1,1,0,1,1,166.5658169740132,1,0
61,F,113958,0,0,0,1,0,1,150.78903222625175,1,0
39,M,105559,1,3,1,1,1,0,128.34360505182067,1,1
51,M,138705,1,3,0,1,0,0,323.6683158945,2,1
40,F,34420,1,2,0,0,0,0,160.89245218063104,0,0
36,F,77272,1,3,1,1,1,1,484.93262205423673,0,1
55,F,67142,1,4,1,1,1,1,111.55762919971174,0,1
62,F,129313,1,1,1,1,0,0,440.61018917548984,0,1
50,F,76207,1,3,1,0,0,1,139.51299773239927,1,0
30,M,66262,0,1,0,1,0,0,350.2796628221533,1,1
53,M,61301,0,1,0,0,1,1,227.06304290941733,0,1
49,M,79213,1,3,1,0,1,1,395.28572332039636,0,0
21,F,138844,1,1,0,0,1,0,266.9630789219823,1,0
50,F,26183,0,0,1,1,0,0,488.0932422169795,1,1
48,M,70757,0,3,0,0,1,1,111.80378712153217,0,1
50,M,110947,0,4,0,0,1,1,279.07999326164065,0,0
58,F,61925,1,3,1,1,1,0,442.73198991696455,1,0
40,M,140474,1,4,1,0,0,0,101.71255816693423,0,1
30,F,112088,1,0,1,0,1,0,93.5360461526036,1,1
25,F,26108,1,2,0,1,0,0,440.74413869849,1,0
65,F,60724,1,3,0,0,0,0,35.250503669914025,1,0
42,M,109723,0,3,1,0,0,1,71.9511452543112,2,0
61,F,99078,1,2,1,1,1,1,208.7142669741167,1,1
34,F,59900,0,4,0,0,0,0,355.33650326300153,0,1
61,F,35846,1,0,1,1,0,0,124.63689433954579,2,1
33,M,39220,0,3,0,1,0,1,277.0640526411805,1,0
45,M,90371,1,3,0,1,0,0,49.71765410727728,0,0
30,M,131906,0,2,0,1,0,1,247.38134441141503,1,0
24,F,34976,1,1,1,1,1,1,389.7094117076099,0,0
50,M,87907,1,2,1,1,0,0,113.0289960419693,2,0
28,M,104151,1,3,1,1,0,1,69.2418897939236,0,0
53,F,50991,1,4,0,1,0,1,115.17762426005265,2,0
44,F,23446,1,0,0,1,0,0,328.31603601994846,1,0
44,F,86429,0,4,1,1,1,1,174.36695522207924,1,1
