,Customer_ID,Age,Gender,CreditScore,Tenure,Balance,NumOfProducts,HasCrCard,EstimatedSalary,Churn
0,1,56,F,433,7,141950.17645424377,1,1,26654.60198242569,1
1,2,60,F,362,1,16782.713179186227,2,0,22949.409594011762,0
2,3,29,M,568,3,169334.4066136067,6,1,105226.6924769261,0
3,4,56,F,562,6,27305.00050623368,6,0,53660.0902100956,1
4,5,65,M,567,7,180531.49062245627,3,1,111422.19102975316,1
5,6,60,M,302,4,161800.81343746552,2,1,46778.912045862686,0
6,7,57,M,467,8,63810.9059531156,3,0,117052.43479604865,1
7,8,69,F,710,8,108596.59059217767,3,1,72891.44955274463,0
8,9,58,F,600,4,87365.64168610779,1,0,100111.45466802859,0
9,10,60,M,732,4,36109.72858510688,5,1,47883.68235890618,1
10,11,66,M,389,7,91329.93189889485,3,0,139606.01153913824,1
11,12,56,M,309,0,157080.80349123228,1,0,83112.72118026098,1
12,13,27,M,333,0,188839.0436417149,1,1,121263.16611572943,0
13,14,25,F,499,9,20895.945127181538,6,0,90501.84638386339,0
14,15,60,M,770,1,148966.38579206332,5,1,49640.03838815266,0
15,16,64,F,663,1,100997.80471410885,4,0,44522.481799329784,0
16,17,18,M,761,5,116413.8774221325,2,1,40212.07420098083,0
17,18,30,F,460,5,157448.98642891404,5,1,98789.79839942553,1
18,19,52,M,782,6,117471.62491613772,3,0,108008.6684613437,0
19,20,28,F,417,0,157017.91799555245,1,1,144146.4368791349,0
20,21,68,F,757,4,170244.62608726797,3,1,137932.40791041008,0
21,22,24,M,676,7,132820.41098265114,6,1,90430.84487182628,0
22,23,22,F,826,8,72749.29385875739,4,1,145430.8253229134,0
23,24,53,F,627,9,171354.62454513708,3,1,111003.061077263,0
24,25,57,M,428,6,23466.26113912411,2,1,101307.6052457365,0
25,26,36,F,484,0,65779.22559206025,5,0,110013.31402709302,0
26,27,60,M,380,9,54248.16541919275,1,1,118116.3131569502,0
27,28,27,F,383,9,76224.64924616973,6,1,64287.81371430167,1
28,29,54,F,597,4,146430.64127882992,1,1,51036.55976799576,0
29,30,44,F,646,1,13481.11544153594,5,0,48851.80362203395,1
30,31,41,F,603,1,30464.23077912499,4,1,147618.72323385667,0
31,32,54,M,651,9,86859.77554809024,5,0,32485.18496982518,1
32,33,49,M,588,3,40662.2475893065,1,1,37767.02691531915,0
33,34,47,M,642,6,57013.08499479076,4,0,24141.712735020323,1
34,35,32,M,538,9,122115.82138877177,1,0,105657.88802142964,0
35,36,33,F,511,1,22298.775542887463,4,0,128444.2371996657,1
36,37,66,F,394,8,128070.10647141743,5,1,42824.405407216305,0
37,38,55,M,776,4,111153.49312719998,5,1,22254.453730473924,0
38,39,31,M,561,3,124838.6894447449,1,1,70058.5352919577,0
39,40,51,F,391,3,145799.68953011557,2,1,66286.61833242235,0
40,41,57,F,762,2,70738.90065269014,4,0,43446.37639497091,0
41,42,45,F,509,6,187672.91515948885,3,1,85416.84745473793,1
42,43,41,F,391,0,59871.8195634689,4,1,76631.47034683879,0
43,44,34,M,364,3,113319.73536925006,6,0,134499.77899743358,0
44,45,25,M,363,2,55202.76039523819,3,1,25952.853814456645,0
45,46,59,F,761,2,196964.70489297734,2,0,108796.64736910514,0
46,47,56,M,375,2,30443.037600333577,3,0,138827.17517627208,0
47,48,39,M,745,6,90641.82199273436,3,0,34791.065059920504,1
48,49,54,M,487,8,27460.16632002246,4,0,136660.06974818595,0
49,50,38,M,461,6,195635.78839068607,3,0,103175.88201008484,0
50,51,30,F,738,6,188597.2245174481,4,0,107578.03525991361,0
51,52,63,F,375,1,53952.59361796119,3,0,28508.236441031546,0
52,53,22,M,346,6,75519.90206010471,2,1,145147.24348547676,0
53,54,35,F,306,5,75654.54470890532,1,0,22710.586946455074,1
54,55,69,M,402,5,143668.29397795565,5,1,26784.189897454966,1
55,56,55,F,423,5,187279.39797338823,3,1,24140.58093368923,1
56,57,22,F,638,3,147119.8574646827,2,0,102082.78076056423,1
57,58,60,M,527,7,27536.20549765139,5,0,104845.71561062291,0
58,59,21,M,624,4,195367.8376540778,5,1,93011.30095876467,0
59,60,31,M,817,4,45678.8155298985,6,0,116130.50761170693,1
60,61,48,M,448,8,39689.93793982225,3,0,50483.21133927974,1
61,62,49,M,312,4,68771.96603617279,5,0,81476.51842837506,0
62,63,63,M,394,0,7410.932229684386,3,1,149450.85682851696,0
63,64,22,F,595,7,67781.81325767328,4,1,143922.65319480834,0
64,65,44,M,804,5,108727.07137667044,2,1,125080.02731171937,0
65,66,48,F,759,7,37887.90558194739,6,1,134967.71594510291,1
66,67,18,F,739,3,53991.762891856786,6,1,46675.26433039907,0
67,68,56,M,694,7,140842.82901633508,4,1,42006.6854386164,1
68,69,38,F,843,6,152542.78715920838,1,0,45095.10697994948,1
69,70,38,M,829,4,14527.425007198013,5,1,37746.792610047225,1
70,71,19,F,820,8,22001.897711399753,5,0,64857.36212233715,0
71,72,47,M,496,9,4728.281584155614,2,0,51416.265601573396,0
72,73,63,M,430,2,91687.77706347498,4,0,64295.05633766719,0
73,74,29,F,792,3,64861.245379042346,4,0,95354.23753270632,1
74,75,45,M,522,7,158158.07945559494,1,1,37380.55121363184,0
75,76,44,M,546,6,145807.9199550965,1,0,20371.79836789299,1
76,77,57,M,473,0,64716.11037164611,2,1,89839.15157072432,0
77,78,19,M,329,4,136306.9720093883,1,0,86830.93660370457,0
78,79,60,M,376,5,189362.67652428965,1,1,131805.40816155114,0
79,80,37,M,448,1,41050.113090330284,5,1,106312.52514963286,0
80,81,33,F,847,6,33700.3971428403,6,0,83450.17513581413,0
81,82,49,F,498,0,159669.50640183027,6,1,118454.00906280278,0
82,83,58,M,675,5,158738.55864969635,5,0,113040.2145104706,1
83,84,60,F,405,4,29967.631371308646,4,1,65115.71541372744,0
84,85,36,F,535,9,26752.731507759876,1,0,56961.62661972704,0
85,86,42,M,791,7,27585.790130425346,4,0,124032.3493818836,0
86,87,37,M,651,2,101097.80487679021,1,1,53825.43174733374,0
87,88,26,F,569,2,147860.86612189986,1,1,58292.63186384676,1
88,89,33,F,718,6,23344.470771891014,6,0,137175.5745540193,0
89,90,22,M,741,6,23699.790819712853,6,0,49342.265774739986,0
90,91,52,F,396,9,56894.045285889595,1,0,36676.577471273646,1
91,92,57,M,593,5,3095.884787518188,2,0,112114.06157803464,0
92,93,24,M,804,3,172503.19228552346,2,0,21342.853214306226,0
93,94,42,M,632,2,17792.623416248563,6,0,125969.64283879091,1
94,95,41,M,444,2,167629.09057980552,4,0,35397.65169347914,0
95,96,47,M,323,9,12192.661890651734,1,0,128275.6692434862,0
96,97,61,M,468,1,78303.89256198861,6,0,139474.3431076215,0
97,98,35,F,370,4,25625.26598126429,3,0,119033.31818630017,0
98,99,27,F,303,0,127724.77184757339,4,0,134487.64558114213,0
99,100,43,F,382,9,184636.70611372346,1,1,78874.04006817262,1
100,101,33,M,648,0,134917.27808679797,1,1,70777.1419973127,0
101,102,32,F,671,7,142717.23434185452,6,1,26372.65598563755,1
102,103,68,M,489,1,65366.274548257716,6,0,130264.26738760275,0
103,104,51,F,534,6,103359.99559914436,5,1,38954.637838532326,0
104,105,35,M,338,3,131472.67134755026,6,1,55344.57074793772,1
105,106,32,M,550,2,144678.5424871333,5,1,31632.812356638246,0
106,107,20,F,336,3,125423.76098653159,6,1,25424.4365401527,1
107,108,26,F,601,0,168959.80281357988,1,0,70769.8151515443,0
108,109,47,M,609,3,104411.1417045489,2,0,55893.7637286588,0
109,110,27,M,718,3,133702.13986064628,3,0,72117.01675587699,1
110,111,18,M,834,3,46145.39182119328,5,0,78420.72267949922,1
111,112,36,M,590,8,72903.38929105549,4,1,102436.80403062131,1
112,113,53,M,557,2,157230.87460732227,4,1,45780.4011228861,0
113,114,49,M,626,7,26738.469579412726,5,1,147551.02708039834,0
114,115,64,F,759,9,43387.10528424927,2,0,144501.36839407095,1
115,116,30,M,307,4,132960.59021997187,3,0,105906.97684442757,1
116,117,26,F,521,2,164660.21572767058,6,0,60732.78465342183,0
117,118,64,M,686,7,74733.43243607413,3,0,58444.664892825174,1
118,119,42,F,367,8,171769.30334995882,2,0,137796.85625348997,0
119,120,67,M,820,1,56704.98081465516,2,0,73999.91360865421,1
120,121,20,M,660,9,113529.21926582357,6,1,52004.58973783725,0
121,122,69,M,738,2,73555.30194977105,6,0,41630.44433223302,0
122,123,25,F,382,9,15359.139588466087,3,1,73846.67732162384,0
123,124,34,M,846,4,170972.79966901572,4,1,47763.16074502528,1
124,125,51,F,305,8,8851.414655680823,4,0,38255.884793310885,0
125,126,49,F,421,6,81482.00094631714,3,1,133910.77927097713,0
126,127,68,F,476,1,113518.41661290036,2,0,117396.09407000341,0
127,128,51,F,823,8,40277.88560766856,3,0,66900.36594396274,1
128,129,48,M,649,1,19573.850553792483,2,1,111576.91588498803,1
129,130,35,M,316,8,80048.93587492354,3,0,53352.89797659046,0
130,131,47,F,647,6,122781.05032047055,6,1,60136.18459613014,1
131,132,23,M,387,3,19826.227806977935,1,1,149602.7271498356,0
132,133,65,M,633,0,184888.1986289901,4,0,110179.64708305952,0
133,134,47,F,332,7,148622.80101864113,6,1,61238.994190892154,1
134,135,34,F,839,5,122540.69666784804,1,0,140538.55785629246,0
135,136,56,F,505,5,11853.423054844292,5,1,51177.513346219705,1
136,137,22,M,743,3,77873.18967563786,5,0,65123.65818403337,1
137,138,27,M,576,5,122606.83933673654,1,0,29584.693514678936,0
138,139,49,M,847,9,99953.91041737211,2,0,32712.002043742184,1
139,140,27,F,439,5,173117.8903286816,1,0,51368.956428703794,0
140,141,49,F,808,8,167898.3341267509,3,1,27330.21083612163,0
141,142,52,F,487,2,135764.50354836395,1,0,144750.55525497402,0
142,143,20,F,693,0,139899.4631498549,6,1,101385.2459512155,0
143,144,51,F,379,0,74708.13512158896,5,1,25211.103941826255,0
144,145,69,M,446,3,11500.516487508583,4,0,27742.197425799524,1
145,146,29,M,675,4,114696.17240050434,3,0,98738.66439090519,0
146,147,27,F,702,0,135776.1944788576,5,0,101304.38892724983,0
147,148,48,F,794,3,109628.100456616,5,0,49953.62074097793,0
148,149,27,F,760,0,102200.58182632354,6,0,117830.26056467809,0
149,150,55,F,756,0,55609.36874986466,1,1,68969.98754677906,1
150,151,61,M,572,3,197963.24213017034,6,1,48297.94201148275,1
151,152,28,M,484,6,76448.41203720629,1,1,115971.10156834443,0
152,153,26,M,807,8,12656.019998618207,6,0,100114.54020290807,0
153,154,58,M,740,3,150057.86675712315,4,0,35735.901031885805,1
154,155,44,M,828,2,70916.04282781243,3,0,120023.68866281229,0
155,156,45,F,618,4,72646.79436489272,1,0,22017.966160218308,0
156,157,57,M,597,2,3716.8939285250112,4,1,57186.404083714006,1
157,158,19,F,462,3,122358.62198169054,6,1,138504.81024332464,0
158,159,26,F,701,4,144991.4856187659,6,0,74746.2260723995,1
159,160,18,M,416,0,143145.93485412755,5,0,133601.14907022731,1
160,161,36,M,579,3,67979.30278430342,1,1,89942.335094486,0
161,162,34,F,703,9,183480.19781230314,3,0,76201.74189541019,0
162,163,42,M,545,7,48050.23646041573,2,0,127067.39658143002,1
163,164,38,F,455,7,3916.4894489503554,2,0,38976.135402349704,0
164,165,68,M,609,0,7893.853833673536,6,1,52361.26417173448,0
165,166,19,F,775,5,137456.4830096054,4,1,106482.16161030928,0
166,167,60,M,745,0,112152.9262008738,5,1,110524.38562858659,0
167,168,23,F,397,1,73316.66021659569,6,1,64330.71479730988,0
168,169,32,M,365,8,27026.75839380475,4,0,81747.21792677777,1
169,170,49,M,545,0,55316.31372673189,2,1,101078.33290066117,0
170,171,41,F,604,2,162710.3261184793,2,1,126209.66227838384,0
171,172,48,M,399,6,61564.773410989204,5,1,89431.79681398811,0
172,173,26,F,436,1,138320.87771264266,1,0,30850.826571588095,0
173,174,31,F,788,8,155466.3975021083,5,0,96215.39828870652,1
174,175,63,F,425,7,147346.83974183883,2,1,111220.93905466833,0
175,176,56,F,470,2,170758.30297198452,3,0,137505.69272587818,0
176,177,22,F,765,7,75091.65232496404,5,0,122684.90937161265,0
177,178,51,M,494,7,96941.19554331277,2,1,81376.91601174946,0
178,179,32,F,614,9,168876.47515787947,1,0,41512.6419805082,0
179,180,40,F,778,4,170731.03605508214,2,1,135526.51589415222,0
180,181,30,F,368,1,75090.16796071437,5,0,101673.72622975253,0
181,182,43,F,602,0,160727.5193628839,3,0,54090.09939403986,1
182,183,63,M,577,9,163738.9651519714,2,1,110616.45768064173,0
183,184,34,F,567,1,131791.94103171822,4,1,138894.03573327416,1
184,185,21,M,413,6,105171.25011948703,1,0,89295.7305988015,1
185,186,40,F,415,7,11463.690360851864,2,0,124529.50611603213,0
186,187,43,F,538,7,148769.62565406764,1,0,23513.380498216426,1
187,188,23,M,472,7,103066.97973892589,6,0,141318.9680126211,1
188,189,45,M,629,3,33803.50691842769,6,0,50920.64159469942,0
189,190,62,M,364,0,199625.55096184436,3,1,23343.968525040327,0
190,191,53,F,835,8,11250.979430685493,3,0,86996.85345575624,1
191,192,42,F,810,1,58373.005254801516,6,1,96014.54244284255,0
192,193,30,F,724,5,33091.70203741765,2,1,76418.06249019397,1
193,194,25,M,777,6,19142.08839465483,5,1,143186.66182923288,0
194,195,40,F,722,4,151107.7090364566,2,0,136687.81960168935,0
195,196,67,M,679,7,86103.63780139659,1,1,63767.01627700133,1
196,197,25,F,582,5,178833.48771309954,3,1,60574.03120741737,1
197,198,60,M,621,3,197244.68006005484,1,0,139648.4387625219,1
198,199,34,M,737,0,131318.97160556886,1,1,44094.48449109977,1
199,200,56,F,824,9,81472.27935744377,3,0,149472.4841406253,1
200,201,63,F,368,9,130450.25577285698,2,0,148673.63837332628,0
201,202,60,M,531,5,163783.7831041361,5,0,55357.99473656833,0
202,203,40,M,314,9,12321.40761468048,4,0,52107.603852626875,0
203,204,63,M,394,8,133126.4611258787,2,1,119467.92993659819,1
204,205,68,F,375,1,109804.78912892024,5,1,53062.67410373335,1
205,206,33,F,501,4,26732.005425366067,2,0,31289.002147479605,0
206,207,39,F,631,3,71044.0296044163,4,0,35559.0632718154,0
207,208,36,F,660,9,15672.658711973563,5,1,114176.55645160461,1
208,209,60,M,669,9,141285.70224556446,2,0,44211.173230304776,0
209,210,36,M,366,8,38340.62761172539,5,0,26131.196488326583,0
210,211,39,F,493,4,172975.9445655028,6,1,115441.0843320054,0
211,212,47,M,387,0,144092.60078879993,6,0,137976.3168988277,0
212,213,41,F,628,3,94511.44102202918,3,1,88311.00055900971,0
213,214,64,M,772,1,49252.15345335443,1,1,41476.574884383466,1
214,215,63,F,608,6,1411.4635148460675,3,0,120641.70043147852,0
215,216,53,F,706,7,109295.42158751893,4,0,94631.52039344277,0
216,217,43,M,707,6,160331.7753363608,2,0,72866.1825448638,1
217,218,47,M,765,1,50881.59602243787,1,0,130222.34313689003,0
218,219,45,M,673,9,74216.26618880699,2,1,42137.48024106949,0
219,220,32,M,342,9,55333.41922690569,2,1,127715.2091292404,0
220,221,20,M,556,7,27683.970841459883,5,1,29198.045564328168,1
221,222,18,M,452,0,132099.99334619116,3,1,85781.85302344775,1
222,223,62,F,335,2,5982.278426680021,3,1,56231.02279487684,1
223,224,69,F,537,9,110956.3355888607,3,0,34180.014956272345,0
224,225,59,M,300,9,131781.164326708,4,0,86665.61221970216,0
225,226,25,F,536,5,28631.692532385954,4,0,135932.9558208076,0
226,227,21,M,318,3,173523.56765832964,1,0,42930.924651498695,0
227,228,65,M,344,3,77618.08399445267,4,1,130482.20926607387,0
228,229,20,F,782,0,195802.48413945705,4,1,123926.79810080129,0
229,230,43,M,627,6,36188.39049565774,3,1,103462.03141881012,0
230,231,57,M,536,2,186249.88320434498,5,1,41051.236091148756,0
231,232,18,M,659,6,197351.50580579435,6,0,38261.32718644949,0
232,233,37,F,689,4,97592.57575670739,4,1,128572.31300231909,0
233,234,65,F,818,5,158841.45077525685,4,0,48135.12790011079,0
234,235,58,M,351,3,20579.309555110205,6,0,24588.102858306553,0
235,236,57,F,791,2,111892.12747063546,2,1,100660.89551616083,0
236,237,43,M,660,5,62512.18064314623,6,0,124774.76884694492,0
237,238,33,M,394,2,108801.71555707703,6,0,146386.29722833887,0
238,239,19,M,736,0,131123.82284384445,5,0,69961.34483325448,1
239,240,49,M,762,6,62202.751314234185,5,1,28511.833999149872,1
240,241,44,F,348,3,55132.705078980114,2,1,53626.64179110811,0
241,242,52,M,359,0,159213.01158392784,5,1,110068.18006539468,1
242,243,59,F,813,5,35170.62095966819,1,1,54438.48261225254,0
243,244,35,M,442,6,4028.8128877886465,1,0,124521.2087686397,0
244,245,25,M,619,0,10370.850395467745,3,0,138806.13011335433,0
245,246,59,F,327,3,181150.83755918796,6,0,51334.68825294716,0
246,247,69,M,326,1,185627.37894789825,5,1,141152.52819669407,0
247,248,24,F,452,8,1071.8912816951809,1,1,52102.65286381775,0
248,249,21,M,775,0,169696.5933604764,4,1,111692.28417113227,0
249,250,47,M,675,8,118210.31171150297,6,1,59970.03576419301,0
250,251,31,F,473,5,5386.851322882369,2,0,110729.29213362947,1
251,252,56,M,716,6,26731.618215397713,1,1,95583.3587405214,0
252,253,58,F,469,3,27292.980161429492,1,0,83461.37578037576,0
253,254,41,M,797,6,1460.6209503089663,3,0,132513.1550292203,0
254,255,37,M,654,6,136709.67695918246,1,1,95465.98075160127,1
255,256,54,F,382,0,138393.48287033505,3,1,22455.992864995173,0
256,257,52,F,684,8,81787.64667083281,5,0,76976.98979955273,0
257,258,67,M,322,5,9899.500748391809,2,1,24101.81227944781,0
258,259,20,M,662,0,89548.17040358251,2,1,85931.1872284762,1
259,260,69,M,484,1,57217.23733354105,5,0,21888.453568438123,0
260,261,39,F,572,6,42230.57068283247,6,1,39413.01013344526,0
261,262,33,F,578,6,53604.10807396536,5,0,72989.2223172523,0
262,263,19,M,770,3,85980.75467782162,1,1,58341.49629042734,1
263,264,41,M,382,1,137407.1837607306,1,1,75235.15533273868,0
264,265,43,M,740,3,147837.17403305287,3,1,31464.06276195857,0
265,266,31,F,842,7,65034.46233813994,6,1,43038.341333156095,0
266,267,30,M,322,2,65262.17619653267,5,1,54369.45771678268,1
267,268,61,M,744,1,95217.95893306292,1,0,51559.943310639945,0
268,269,57,F,460,8,29921.74281911677,3,1,126411.52942198158,1
269,270,18,M,653,9,25014.49666514157,1,1,123358.66388089565,0
270,271,44,F,577,2,12654.721249430211,1,0,147980.51181429703,1
271,272,27,M,381,8,109389.1470505612,4,0,63881.987662006264,0
272,273,68,M,346,1,13864.84196587714,2,0,49122.38039916293,0
273,274,32,M,334,2,45810.04835542872,4,0,110761.74105651192,0
274,275,52,M,742,0,156119.6439775802,4,1,89448.23252789042,0
275,276,58,F,554,9,2565.6763560077957,4,1,65998.44265599035,0
276,277,48,F,302,2,101126.28646998855,6,1,25593.087745478726,0
277,278,20,M,701,7,104049.5698071571,5,0,138921.06910475937,1
278,279,21,M,316,5,154103.75385517912,3,0,99883.00864654462,0
279,280,30,M,791,4,9115.497182592502,2,1,137379.74733396864,1
280,281,29,M,742,7,9728.355141932643,4,1,135080.75848479025,1
281,282,48,M,778,4,174934.53923882227,4,0,145390.88636412245,1
282,283,50,F,342,5,176249.7497045409,3,1,24227.2783159655,0
283,284,18,M,697,9,62230.37684714569,1,1,121552.32779232116,0
284,285,59,F,645,5,64184.41043945171,1,0,77465.69246811623,1
285,286,34,F,502,0,122250.19896744278,1,1,139572.74625914628,0
286,287,29,M,625,4,56788.96749705049,1,0,67979.07530686785,1
287,288,51,F,799,2,170760.92273795334,6,0,20950.16001448961,0
288,289,58,M,546,3,168715.87329374783,4,1,147649.21018250196,0
289,290,19,M,645,2,193763.31991791824,2,1,110622.87256263675,0
290,291,29,F,362,2,183467.6152789541,2,1,125896.29242460517,0
291,292,63,F,765,9,166509.97543825253,4,0,36784.31541929588,0
292,293,68,M,410,0,19030.285407608095,4,0,66643.86245185445,1
293,294,42,F,730,9,69047.71930239555,2,0,110083.35231489997,0
294,295,57,M,500,5,100972.44038361611,5,1,56772.198458205756,0
295,296,57,F,695,9,18998.072095694395,1,0,81539.78305785634,0
296,297,57,M,530,4,64861.22927346325,4,0,146368.31286204886,1
297,298,30,M,733,5,5120.235126009765,4,0,127964.44758496618,0
298,299,67,M,306,9,59380.31011673728,3,0,40629.33851255216,1
299,300,39,M,436,8,2975.8579256523144,1,1,87477.78264161941,0
300,301,61,F,727,6,67041.49301028025,3,1,55657.80741952885,1
301,302,56,F,809,6,77791.20202117809,3,1,141675.31112158112,0
302,303,58,F,510,5,191311.54369126374,6,0,55259.12879361305,0
303,304,37,M,424,1,87008.17890461754,3,0,20419.72338883297,0
304,305,42,F,668,9,77349.59070076681,4,0,35236.6011758343,1
305,306,19,M,484,8,78628.34564122156,2,0,110426.70339406916,0
306,307,33,M,766,2,107161.93533801046,4,0,61161.816633137205,0
307,308,34,F,302,4,161028.8962779372,2,0,22903.28339774148,0
308,309,57,M,688,3,112798.84571938115,2,1,114652.05369744412,1
309,310,23,M,319,3,125970.60923706018,1,0,82788.76202745509,0
310,311,22,M,745,3,99567.9312071654,5,0,88365.19539044917,0
311,312,35,M,644,9,171480.54373918814,2,0,104503.36940867412,1
312,313,54,F,752,8,79579.16960544759,6,0,60084.20860791162,0
313,314,64,M,364,5,3579.584989525153,3,0,115548.60205553506,0
314,315,41,M,301,1,179145.44309457034,4,0,64165.93548115019,1
315,316,30,F,667,7,15121.49398060838,3,1,113308.45803414151,0
316,317,37,F,550,4,111861.63668074782,3,1,55985.87474891805,0
317,318,53,M,487,9,151990.88707468598,5,1,89865.55285952719,0
318,319,54,M,483,8,38995.94599631997,1,0,103619.67372317922,0
319,320,54,M,404,7,178625.8537628899,5,0,108509.82753692956,0
320,321,43,F,650,3,70049.58481999324,2,1,74652.88028281221,1
321,322,44,M,494,4,141316.25868854253,5,1,78427.40065546773,0
322,323,45,M,543,1,120392.16307129172,4,0,29419.605539445645,1
323,324,34,M,562,4,46352.07253954576,2,0,72987.73170127464,1
324,325,68,M,637,7,55600.63390564762,4,0,134951.985298431,0
325,326,30,M,450,2,41332.10227352024,2,0,46177.38853183238,0
326,327,20,F,847,2,35233.15049328559,3,1,123477.96513927981,0
327,328,61,F,424,5,73189.70480797367,2,0,59668.976036209126,1
328,329,56,F,417,8,98449.61615668486,3,0,130793.84610733189,1
329,330,43,M,348,5,21554.349230367585,2,0,133348.85510081038,0
330,331,18,F,758,9,174840.88945383346,3,1,107430.5638608054,0
331,332,40,F,629,9,115710.80010723892,1,0,45086.97715395544,0
332,333,53,M,399,7,21057.414284731778,1,1,58333.68586157889,1
333,334,42,F,402,2,151706.0784415269,1,1,134801.52425940734,0
334,335,69,M,673,6,7426.641608630469,2,0,80481.94140773664,1
335,336,60,M,508,7,171055.6931090537,6,1,108990.38585367189,0
336,337,61,M,561,3,148568.2521970059,5,1,91117.32925685716,0
337,338,56,F,508,5,142436.40907928083,5,0,51554.227470151396,0
338,339,22,M,589,9,159174.48353265744,4,1,48723.09540196261,1
339,340,29,M,700,4,75715.53487251177,6,1,105371.21622496693,1
340,341,45,M,763,3,125224.52222654228,2,1,133776.32076758143,0
341,342,34,F,425,0,57253.303627441965,4,0,106082.53210084299,0
342,343,61,F,586,8,140260.05837780808,3,0,87261.44908433217,0
343,344,57,M,350,4,11763.649486652472,5,1,107765.74067800175,1
344,345,37,F,784,6,72341.54822001318,1,1,87246.95403148531,0
345,346,35,M,472,1,81913.64390721459,5,0,142847.18274536697,0
346,347,34,F,600,2,187693.3270385476,3,0,52149.48315106853,1
347,348,59,F,408,2,45468.782368807406,6,1,113763.70639878786,1
348,349,31,M,567,0,73566.95246528735,3,0,127091.59484800485,0
349,350,34,M,822,6,111855.1011667289,3,1,26031.05404684837,0
350,351,22,F,661,0,172088.49348009928,2,0,98717.89054612936,0
351,352,20,M,472,5,10181.429321594116,5,0,60385.46369990819,0
352,353,58,F,472,9,126323.2137026611,5,1,89280.47037067515,1
353,354,59,F,515,1,162423.9773747602,1,0,50797.411480921255,0
354,355,43,M,306,4,173995.29248762815,6,0,116010.10361061087,0
355,356,52,F,315,0,141252.00355517984,4,1,77623.94984690649,0
356,357,66,M,805,8,118355.35828609149,3,1,56687.3167957131,0
357,358,26,F,408,4,14216.51706913436,5,0,138370.80105716138,0
358,359,18,F,774,7,122365.39103856611,3,0,40859.9827534314,1
359,360,22,F,734,0,181573.27383709946,5,1,80679.61417759155,0
360,361,24,M,318,8,141026.88990787088,6,0,31120.235169240317,0
361,362,59,M,391,3,183888.99871689838,5,0,63259.179404447576,1
362,363,47,F,661,2,4682.446099461446,1,1,54882.45665771276,1
363,364,64,F,735,5,49590.80451817077,6,0,45793.00537777719,0
364,365,66,F,640,6,116670.24230612755,5,0,147564.39705457469,0
365,366,20,F,403,9,105367.05228233982,5,0,142871.53400563254,0
366,367,29,M,695,5,46234.68243191544,4,0,95363.00826266834,1
367,368,50,M,315,0,154431.3151840548,6,0,139798.53547994798,0
368,369,66,F,599,8,25379.00067269887,5,1,28086.56228813724,0
369,370,31,F,497,2,154855.5724454496,6,0,64842.35409928782,0
370,371,21,F,798,3,65653.33673509062,6,1,145932.80293781092,1
371,372,57,M,420,4,140865.88393791756,2,1,55625.8174079647,0
372,373,46,M,790,9,92975.27149245526,1,0,130236.10299810639,0
373,374,67,M,821,1,33743.6557361974,3,0,110809.70871334126,1
374,375,38,F,835,0,76721.43232530644,3,0,130460.25342960448,0
375,376,26,M,543,8,164829.31716255986,3,0,55737.43749138244,0
376,377,22,F,502,9,95534.36987005963,5,1,99738.21405345581,0
377,378,54,M,549,1,53245.70216453988,4,0,135556.21110097287,1
378,379,44,M,649,3,115637.4041714457,6,1,23835.530607614506,0
379,380,59,M,522,1,80090.24566146001,6,1,52857.33412934429,0
380,381,61,F,475,2,18156.70118017263,4,0,47384.161550421784,1
381,382,30,M,782,8,162116.28941715922,5,1,52195.846789620424,1
382,383,67,M,766,3,188772.32241581383,5,1,107003.4060241199,0
383,384,37,F,612,7,143756.8269568411,5,0,28461.262516660438,0
384,385,31,F,631,5,86605.49370958761,6,0,95873.2299020974,0
385,386,64,F,302,8,40552.34879444489,6,0,103852.93242880826,0
386,387,53,M,742,8,193384.61824491114,4,1,112100.3539262145,0
387,388,61,M,765,0,108080.83008568244,6,0,55171.81392129527,0
388,389,31,F,692,6,24630.77709382988,2,1,131253.2136581755,1
389,390,27,F,623,1,174111.86815595455,1,0,110390.11822330787,0
390,391,35,F,729,0,173056.4166499659,4,0,50138.78613819555,0
391,392,52,M,789,2,193442.7084901523,5,1,115891.33533113699,1
392,393,24,F,793,3,101096.35674043518,6,1,29560.672729630587,0
393,394,46,M,587,4,42270.21926126166,6,1,113177.89151064491,0
394,395,30,M,573,3,145153.4660635054,6,0,58290.678057925245,0
395,396,67,F,569,3,130832.98797580857,4,1,99936.48219766961,0
396,397,62,F,445,4,15555.404167742148,3,0,128895.45304611337,0
397,398,28,F,347,0,107168.60645987198,6,0,82361.6597292593,0
398,399,52,M,782,8,7979.673857680769,1,1,34664.63099603702,0
399,400,19,F,671,8,80311.9182149433,6,1,79012.228719435,0
400,401,65,M,366,9,64340.665937008,6,1,83420.6978460414,1
401,402,29,M,681,9,122325.16754196688,4,1,45498.359138188775,0
402,403,58,M,346,3,88634.56563838477,1,0,93123.17150856323,0
403,404,43,F,395,2,57734.6347529327,2,0,61121.27997316115,0
404,405,63,F,657,2,47356.481084672916,6,1,138236.5132402216,0
405,406,32,F,447,5,743.722812847647,5,1,131933.81700399166,0
406,407,54,M,684,9,165145.62204337123,5,1,108291.60497479692,0
407,408,28,M,377,9,38683.27548919646,4,1,101759.94571875589,0
408,409,42,F,396,4,45129.05128231906,1,0,86865.50491230776,0
409,410,53,M,477,1,124290.16623627515,4,1,95857.55078720767,0
410,411,41,M,431,8,126651.7371412159,1,1,144897.26608581093,0
411,412,35,M,463,0,171716.93548317734,4,1,52211.91471068537,1
412,413,19,F,507,9,151557.95523030014,1,0,102160.82117899471,0
413,414,41,F,586,8,16863.97604398102,6,0,104201.57869607757,1
414,415,60,F,424,0,197064.293203613,3,0,113134.92034832976,0
415,416,38,M,741,4,155325.03721890782,2,1,58572.590260945886,0
416,417,45,F,791,1,109857.5906518275,4,0,48326.50820789786,0
417,418,31,F,652,1,147817.99257391258,5,0,93302.9548016845,0
418,419,54,M,681,7,75879.49883777233,1,1,66843.86740059462,0
419,420,35,M,672,5,2696.4897605127103,4,1,141456.57110870347,0
420,421,18,M,492,5,144519.63937955888,3,1,102191.06802686921,0
421,422,54,M,312,7,520.1131917071056,3,0,147348.80786949658,0
422,423,66,M,452,3,127213.95812120018,5,1,68708.48053482827,1
423,424,47,M,689,7,170519.49672105702,6,1,124995.44156636165,1
424,425,18,F,805,9,74098.82805903134,3,0,59056.32637183651,0
425,426,63,F,487,9,154405.77234936276,5,0,131604.42054311273,0
426,427,40,M,483,6,100632.0336656167,6,0,111855.37122863422,0
427,428,53,F,358,6,146906.97815645664,3,1,148783.8979658981,0
428,429,49,M,436,0,182243.116368182,1,1,112106.43968390978,0
429,430,44,M,555,3,81538.84966217817,5,1,123789.6336917989,0
430,431,63,M,651,7,122459.04062974868,6,0,142753.4160658274,1
431,432,23,F,610,6,193877.93078504337,4,1,26572.436249776747,0
432,433,65,M,569,0,89572.66133956406,1,0,119884.16351246374,0
433,434,35,F,323,8,155545.9820964757,4,1,123734.65917747091,0
434,435,27,M,766,9,29303.747446516536,5,0,62101.22430859003,0
435,436,19,F,836,5,39718.8420946091,3,0,46619.33971547314,1
436,437,42,F,750,6,196260.14058344846,3,1,25850.296299339323,0
437,438,19,M,663,0,645.0769191574058,2,0,97637.69669949303,0
438,439,34,M,674,0,76622.18494906934,2,0,119864.9414552126,0
439,440,18,F,617,6,187743.20852993417,5,1,70100.45909842779,0
440,441,40,F,529,8,177198.14594591098,1,0,115644.75701023554,1
441,442,61,F,393,3,28565.179295707032,4,1,39662.12356979009,0
442,443,56,M,533,1,43979.45464978106,1,0,72918.34481120242,0
443,444,37,M,371,5,22719.61299894354,2,0,28000.628351373016,0
444,445,23,M,420,6,194625.40003464243,2,0,79924.77613359934,0
445,446,55,F,690,8,137625.38479430904,1,0,116945.40626121756,0
446,447,19,F,671,5,25569.2384050205,1,1,136053.04914794335,0
447,448,19,M,682,2,102884.42807082247,1,1,38931.74334769838,0
448,449,21,M,401,4,47875.23880926416,4,1,95470.32551706831,0
449,450,61,M,496,4,153245.52286696708,2,1,46196.96739066033,0
450,451,60,F,348,3,47420.40270528409,5,0,21842.05754778903,0
451,452,24,F,482,3,90002.44108101132,5,0,97850.41781265318,0
452,453,42,F,311,3,197387.2055641232,5,0,111969.0434503516,1
453,454,39,F,749,9,31020.916695793054,3,1,29802.83095372499,0
454,455,48,M,541,1,26097.471455075905,3,1,99727.07259830434,1
455,456,24,F,346,5,144808.5725336036,5,1,133204.07174345467,0
456,457,29,F,656,0,59314.29930177794,2,0,73437.01289438031,0
457,458,65,M,304,8,9660.018828210326,3,1,70898.51215831745,0
458,459,47,M,332,2,134774.15260808336,4,0,43940.928258700704,1
459,460,67,M,343,8,624.4722804747305,2,1,139481.28868213345,0
460,461,62,F,312,8,151558.9924261846,5,1,43959.350919732504,0
461,462,28,M,345,8,21572.511104379744,5,0,131857.55162141804,0
462,463,65,M,772,3,169254.6533922335,4,1,69984.42089521533,1
463,464,36,F,692,2,94725.15445160706,2,1,135586.8254644704,0
464,465,36,F,479,0,91492.61154073325,1,0,106814.50277741815,0
465,466,26,M,393,7,61186.29428664084,1,1,83093.78112404257,0
466,467,49,F,507,2,97124.0444652703,5,1,43608.13310206034,0
467,468,52,F,682,8,194238.23614554218,4,0,97036.99562150094,1
468,469,46,F,641,0,67111.38809917803,1,0,127163.45732036939,1
469,470,59,M,651,7,47619.434892986654,5,1,136589.89002981046,1
470,471,37,F,419,2,174233.5816339497,5,0,54640.04385573218,0
471,472,49,F,465,9,74234.32203695973,6,1,86455.14047674075,0
472,473,62,F,595,4,101229.35633356795,1,0,67239.72206558227,0
473,474,39,M,365,9,27050.48773727612,5,0,122468.78599685479,1
474,475,25,F,430,9,194122.17855720985,1,0,50513.10426690815,1
475,476,47,M,793,1,54310.96242343747,3,0,57939.59329916488,0
476,477,36,F,705,5,197237.50232790518,1,0,133644.1563103725,0
477,478,54,F,847,8,42641.38919348446,4,0,57604.01636879948,0
478,479,65,M,679,0,174385.7695458867,2,1,49204.59689498347,0
479,480,36,F,564,5,16612.36200154852,1,0,132530.09199904793,1
480,481,54,M,461,7,153969.21509853995,1,1,41787.77932292488,0
481,482,44,M,360,0,160013.1133872344,2,0,78176.86213263587,1
482,483,65,F,659,0,88584.61668857832,4,0,33357.79356671221,0
483,484,69,M,486,7,12955.306957865598,3,1,135722.03266640438,0
484,485,21,F,758,9,137440.84034686198,1,1,57918.91606868745,1
485,486,58,F,409,3,110433.18226461987,4,0,143197.01351684664,0
486,487,20,F,806,4,147088.22435620558,2,1,26981.829035684503,0
487,488,18,M,848,5,120302.6676186531,5,0,89509.13685214517,0
488,489,61,M,559,7,131704.15929301127,4,0,59796.38663820722,1
489,490,45,F,743,9,152441.51456946344,6,1,32015.48238712915,0
490,491,31,M,430,7,107162.47682156532,4,1,139941.47592185985,0
491,492,58,F,587,7,160448.34086229926,1,1,73221.31758552624,0
492,493,58,F,796,0,121084.47760805525,5,0,59738.23851237119,0
493,494,40,F,665,0,135631.94178113985,6,1,57228.091332098666,1
494,495,28,F,626,6,13208.19779577529,5,1,36769.912290513064,0
495,496,65,F,696,9,149121.6891300898,3,0,98139.79616599312,0
496,497,23,F,804,1,79449.6360234397,3,1,95763.86429358943,1
497,498,65,M,325,5,119327.33374760105,6,0,126633.39884977815,0
498,499,60,M,411,4,160990.16746674164,1,0,51282.85406891389,0
499,500,25,M,364,8,49367.55213777171,2,0,136307.08760925656,0
500,501,41,F,798,8,156309.0001031271,6,0,128190.68855173347,0
501,502,53,F,438,2,81938.25354751582,2,1,29771.314813263507,0
502,503,38,F,558,9,174235.22144645161,1,0,61595.339259546054,0
503,504,67,M,811,0,13759.721895808052,3,0,20434.33833800305,0
504,505,52,F,620,7,41331.698330702646,1,1,124797.6603188702,1
505,506,37,F,320,5,157213.0389534636,4,1,59137.81959577582,0
506,507,36,M,334,5,91071.48982316791,4,1,115761.04637401112,0
507,508,20,F,503,6,158199.87103687643,6,1,59033.55923062711,1
508,509,27,F,350,9,66380.6221902423,1,1,107637.00585607653,0
509,510,34,M,808,4,761.0601121309512,1,0,143881.5132477854,0
510,511,34,M,390,4,86930.50111743461,6,0,41507.81953831399,0
511,512,55,F,532,1,138124.19395229605,5,0,141933.3002917632,0
512,513,21,F,315,8,189375.56178429397,5,0,67408.04610846311,0
513,514,20,F,676,0,161741.28585491882,6,0,107909.79185807213,1
514,515,50,F,684,3,43821.33369547665,6,0,127497.68855874646,1
515,516,40,F,544,3,70789.69978907377,1,0,33190.03791464275,1
516,517,22,M,453,0,165886.89698817395,1,1,50950.2725331444,1
517,518,38,F,474,3,142067.23495286476,1,1,80490.90776684816,1
518,519,36,M,570,3,36588.51187602998,5,0,142875.30093739595,0
519,520,62,M,459,4,188156.79118515228,6,1,59695.58857480888,0
520,521,67,M,790,1,156441.1303356163,5,0,42611.512481052516,0
521,522,37,M,816,1,30624.558481001142,1,1,149646.04564842078,0
522,523,54,M,663,7,3135.1955548384767,3,0,77880.69461242318,1
523,524,56,F,458,3,90921.5793146309,6,0,96815.12280926843,1
524,525,63,M,736,8,133634.9283869348,1,1,91872.71178397229,0
525,526,53,F,572,1,184221.86390766385,4,1,103556.62267464421,0
526,527,46,M,760,1,199669.5977080927,5,0,138904.51495377297,0
527,528,20,M,564,4,76586.68381351685,4,1,75913.51739871885,0
528,529,24,M,514,9,162361.15540719315,1,1,65091.74553200459,1
529,530,53,M,431,9,23881.577705589894,1,1,43978.073418704495,0
530,531,22,F,798,6,126160.51588923213,5,0,65805.5760850283,1
531,532,43,M,755,8,190440.43031510897,1,1,97152.34789744295,0
532,533,37,F,428,2,56398.24718343715,2,0,143492.1779927917,0
533,534,45,F,507,8,155889.77621646374,2,1,115434.68293769693,0
534,535,31,M,404,1,9564.822452901622,6,1,84224.21462759865,1
535,536,23,M,442,5,19772.999975356688,5,0,83736.37331861083,0
536,537,50,F,427,6,44744.71043266568,5,0,92486.83210102179,0
537,538,56,M,416,1,4681.998132252474,5,0,121732.14424384186,0
538,539,34,F,843,8,95163.18773076858,6,1,52336.65609162449,0
539,540,64,M,717,5,133322.8752219283,3,1,99605.6262306691,1
540,541,18,F,357,9,133150.1163080227,4,1,113601.40184620705,1
541,542,46,M,457,0,68080.7489377465,4,0,107267.61960404762,0
542,543,21,M,624,0,61911.09313222567,5,0,37612.079696019944,0
543,544,49,F,510,9,78789.23534955528,5,0,47843.035738619044,0
544,545,56,M,341,0,188829.47382258993,2,0,125066.8735387066,0
545,546,68,F,780,2,104561.80473017467,6,0,130438.51850188861,1
546,547,68,F,305,2,59150.08284578078,6,0,136085.93822130648,0
547,548,29,M,542,1,108957.51626814756,3,0,125134.44908251452,1
548,549,55,F,558,0,121965.48706288642,2,0,140815.1892182337,1
549,550,20,M,596,6,90365.6708795089,4,1,127194.93216970815,0
550,551,39,M,623,5,41716.86548469091,4,0,39841.80731657541,0
551,552,25,M,474,2,141349.3811628336,2,0,33487.737042673696,1
552,553,59,M,620,7,117107.72163479603,4,0,50914.44329933833,0
553,554,58,M,327,7,172209.81321768215,5,0,82053.92066586312,0
554,555,65,F,677,2,121335.38995744337,2,0,146708.05894920108,0
555,556,21,M,527,2,174184.54600583104,2,0,66966.8416213961,0
556,557,57,M,799,4,115606.78405851552,3,1,43570.473133695945,0
557,558,19,M,726,2,174114.30266267536,3,1,29062.82267783363,0
558,559,59,F,546,9,199662.90443191203,4,1,137582.96390309048,1
559,560,18,M,428,3,190754.08652860438,1,1,92049.9997959557,0
560,561,39,F,417,6,120812.29378837835,4,0,28390.78578111391,1
561,562,67,M,318,6,195605.65748541697,4,0,146353.178679251,0
562,563,63,M,595,0,102319.03374885989,1,1,68872.68655790828,0
563,564,55,M,580,5,64769.22609375151,5,1,96510.16852609844,0
564,565,23,F,608,6,164244.85605282133,5,1,134307.27765538057,1
565,566,66,M,649,6,188887.87200041456,2,1,115917.50271765534,0
566,567,64,F,353,1,160357.418942311,2,1,138383.7658531163,1
567,568,54,F,351,9,105993.24444174558,2,0,134236.9483647067,1
568,569,19,M,834,8,174439.30951521124,6,1,43867.16534420926,0
569,570,44,M,712,0,94478.20215995493,5,1,85534.52265957954,1
570,571,29,M,559,2,130152.86668577002,2,0,97910.46540399152,0
571,572,48,F,336,9,81515.73595925912,3,1,102440.37544487239,0
572,573,40,M,447,4,115631.65347128308,5,0,78833.92267536074,0
573,574,68,M,633,5,64823.69419019545,5,1,45734.481560522625,0
574,575,63,M,782,6,56980.79591324234,2,0,121110.72258782937,0
575,576,61,M,830,0,20542.74105546938,5,0,138265.56278845825,1
576,577,24,M,516,6,156857.37852062754,2,0,148046.17778959466,0
577,578,56,M,594,2,62055.77361643573,5,1,117966.91412777148,0
578,579,48,M,570,0,124227.88741485676,5,1,99933.33228352162,1
579,580,63,F,346,0,75750.83775040557,5,1,112957.37350531848,1
580,581,52,F,530,9,100468.0361523169,1,0,57643.967424333736,0
581,582,66,F,361,5,54388.748199434536,5,0,83346.1773219023,1
582,583,60,F,782,3,184315.64949534705,1,0,48962.07179346899,1
583,584,25,M,379,9,45616.20773483306,5,0,134667.950352549,0
584,585,44,F,702,3,179775.36061369503,3,1,85401.84131752442,0
585,586,36,M,847,9,16173.028993263073,5,0,24315.277400088715,0
586,587,28,M,750,9,195521.6377119906,6,1,51074.441546313574,0
587,588,61,M,483,9,191051.0541096099,5,0,52827.8632736662,0
588,589,44,M,833,9,121474.55687981479,2,1,90693.10729527003,0
589,590,23,M,602,2,47122.68430740565,5,1,41803.266910401275,0
590,591,65,F,660,3,184950.76761802295,2,1,98443.49253114114,1
591,592,62,F,304,5,19559.572917014044,4,1,89584.86118265845,0
592,593,68,F,484,8,151466.73623295582,1,1,143199.15152673135,0
593,594,25,M,665,1,123393.41996417787,2,1,86494.89037505515,1
594,595,19,F,806,8,2270.990099655168,6,1,72506.73692452078,0
595,596,31,F,423,2,166126.65319582226,1,0,23175.499411029028,0
596,597,29,M,634,6,199151.83070630959,2,0,148453.41730285893,0
597,598,43,F,786,8,147740.40809207605,6,1,88492.00209640244,0
598,599,22,M,646,6,155875.1603022088,5,1,125554.14471703747,1
599,600,55,M,702,2,100680.70363750763,6,1,77002.257398626,1
600,601,40,M,616,7,78765.04311644498,2,0,116500.95748918416,0
601,602,46,M,481,2,179193.63825003282,5,1,122509.2742682282,0
602,603,30,M,473,2,143014.70488608585,5,0,47790.57059352104,0
603,604,61,F,537,3,17088.14317082614,2,1,129831.86263254417,1
604,605,66,M,710,1,195348.612001696,4,0,108417.99611448878,1
605,606,57,M,599,2,35204.08729997462,1,1,30000.4484688075,0
606,607,19,F,486,8,21828.564833022203,6,1,134018.07430657354,1
607,608,23,F,743,3,64600.04837716007,5,0,99510.44336205785,0
608,609,26,F,655,6,28550.907465304066,4,1,65642.56347232488,0
609,610,31,M,741,0,81624.84546075725,4,0,113555.32569998261,1
610,611,65,F,649,0,138619.31153890103,1,1,41369.91902151558,0
611,612,67,F,471,8,101435.55279614241,5,1,102338.8255864296,0
612,613,64,F,516,2,65436.37919138121,3,0,110964.87772237923,1
613,614,21,F,323,4,165562.70233762093,4,1,26900.1348199765,1
614,615,18,M,605,1,191031.1799341391,6,1,46451.514010488754,0
615,616,46,M,413,8,75318.04493605629,5,1,31802.54624315726,0
616,617,48,F,593,8,155465.44914869778,6,0,144442.81170783163,0
617,618,40,M,513,0,116993.3549354911,4,1,46433.723609018336,1
618,619,43,F,304,4,86031.57314682774,1,0,92259.87084971974,0
619,620,20,F,723,3,196847.61443767062,1,1,60556.97994124847,0
620,621,37,M,324,8,13263.046062228877,3,0,24070.23776422135,0
621,622,43,M,527,0,88072.81300054191,3,1,84754.39631110437,0
622,623,65,F,481,4,12100.149601816645,3,1,29334.17002999973,0
623,624,40,M,704,0,45514.43301553071,2,0,105178.65935361029,1
624,625,32,M,726,9,6257.556233322159,4,0,87914.83226728199,1
625,626,62,F,353,3,64573.99211931505,1,0,130548.94720320136,1
626,627,45,F,841,5,159966.95584180448,3,1,95576.76665184794,0
627,628,55,F,399,3,58181.80203565617,6,1,123194.85172074835,0
628,629,45,M,666,0,80201.80205103416,1,0,26657.512992784843,0
629,630,65,F,377,4,107534.40562360399,1,0,107224.45145150351,0
630,631,53,M,437,2,156686.04076136294,3,0,31642.14145039657,0
631,632,37,M,802,7,196215.07373185456,2,0,23889.248548003383,0
632,633,49,M,533,2,132581.3487950891,4,1,24353.518271375684,0
633,634,60,M,707,6,11531.50343094198,6,0,32407.513847063212,0
634,635,48,M,541,8,31996.565604409243,1,1,40759.36768638653,1
635,636,33,F,380,2,135046.1817781196,4,1,140477.39662965605,0
636,637,42,M,485,6,13604.7830105257,2,0,112943.5198602364,0
637,638,46,F,431,7,151085.61891228243,2,1,129810.70478126718,0
638,639,61,M,743,7,125342.65830173908,5,0,45010.321149796255,0
639,640,65,M,745,8,115310.85241599928,6,0,120659.28974627293,0
640,641,37,F,611,2,172301.35301745607,3,0,76278.89540597108,0
641,642,37,M,828,2,38815.11680837721,6,1,73907.05764860647,0
642,643,58,M,320,3,152014.40281117763,4,0,114220.80408654745,0
643,644,32,M,533,7,107096.21507626282,3,0,56353.766639547976,0
644,645,54,M,557,0,17959.99638959931,4,0,88230.07002620515,0
645,646,60,F,530,5,38775.589347028006,1,1,38404.20637822207,0
646,647,69,M,406,8,115699.55263857079,2,0,104947.42771695512,0
647,648,21,M,534,9,141150.62585610276,5,1,27791.886628999415,0
648,649,30,M,530,1,105882.08893694526,1,0,111101.8291252398,0
649,650,65,M,767,4,163567.0152302597,4,0,78948.65834862148,0
650,651,54,M,800,9,198784.99108229487,1,1,59763.931897530274,0
651,652,26,M,684,8,83250.41460925757,5,1,21110.61882127398,0
652,653,20,F,398,7,86313.02134965475,6,1,135935.2996434428,0
653,654,41,M,475,2,15200.86220467829,5,1,79147.01870380543,1
654,655,31,F,383,7,175828.29246756816,4,0,141354.5562551783,0
655,656,49,F,767,6,176891.18687063063,6,1,89400.77844869583,0
656,657,35,M,750,2,95596.80135064284,2,1,46017.711431756274,1
657,658,27,F,460,4,37993.40981196022,4,1,79694.59447281058,0
658,659,57,F,628,6,55168.629074408185,4,1,81860.9991583441,0
659,660,22,F,310,1,151245.92722748977,5,1,106896.36853040544,0
660,661,31,M,312,0,106874.82214758503,3,1,101491.48263115011,0
661,662,37,F,842,5,3042.7332464428414,6,0,104904.7088064922,0
662,663,31,F,740,0,156904.89517857533,6,1,37147.00217767392,0
663,664,56,F,748,2,141930.059358476,5,0,129262.08291821748,1
664,665,18,M,417,3,49493.60514607441,4,0,116299.80094374201,1
665,666,65,F,655,2,20509.92369568776,1,1,99877.15907146754,1
666,667,33,F,697,4,26508.156604352105,5,1,75870.68396772402,0
667,668,32,M,613,4,178205.7577406359,3,1,132347.3111156893,0
668,669,30,M,781,6,174757.68757553038,1,0,122877.82748727867,0
669,670,53,M,512,7,18394.821723245914,2,1,62018.43277848117,0
670,671,50,F,423,9,117172.31073853545,4,0,110495.44624875106,0
671,672,18,F,734,1,28971.06796759037,6,1,67764.62286852673,0
672,673,57,F,468,4,141585.4031672664,1,0,43988.67521940236,0
673,674,39,M,609,7,55393.69068722535,6,0,61955.425793733666,0
674,675,60,M,551,0,104582.82517562245,6,0,93970.69777006083,0
675,676,61,F,490,1,177966.78754483207,1,0,131007.52333385739,0
676,677,67,M,414,8,165385.05827585005,5,0,29498.15129248184,0
677,678,24,F,653,5,116852.86862653424,2,0,139380.53753527917,1
678,679,55,M,607,0,29236.692934687824,4,0,41295.64251454853,1
679,680,28,M,506,5,92784.58152464282,4,0,90516.6464915286,1
680,681,55,F,617,2,49174.14147619035,1,1,148795.03906077423,0
681,682,37,F,481,6,113855.61954247742,2,0,88275.95886408824,0
682,683,53,M,689,8,105844.46361477657,5,0,144926.77717593778,0
683,684,63,F,723,8,185903.50629050384,3,1,112863.0703808442,0
684,685,69,M,557,8,114561.58981825324,5,1,54663.54648363215,0
685,686,42,M,330,9,125770.70599449644,6,1,90631.2483064159,0
686,687,56,F,755,2,168677.36694633868,4,1,127736.12003417077,1
687,688,18,M,326,0,177895.9646933209,3,1,83497.3618802105,0
688,689,26,M,339,4,24638.19719942981,4,1,83975.73879182278,0
689,690,36,M,462,8,7933.614774816955,2,0,54063.058835180986,0
690,691,24,M,812,3,170925.888876804,3,0,92098.37957820049,0
691,692,23,M,386,1,124626.08455724752,1,0,127245.99704206214,0
692,693,61,F,833,0,2870.4213024524306,5,0,72590.80120832924,1
693,694,62,F,837,6,65173.12023631383,4,0,149608.69664697262,0
694,695,55,M,801,3,188329.89489578805,1,1,137565.72236199607,1
695,696,33,F,586,9,132755.7637578394,5,1,90432.94262649666,1
696,697,41,M,652,0,164079.1225034085,2,0,116385.8146800325,1
697,698,53,F,603,6,124844.54879486524,2,0,43906.12926871288,1
698,699,40,M,488,0,123795.74052927666,5,1,116114.97313758126,1
699,700,58,M,436,0,32827.50600996711,5,1,58031.49573006755,0
700,701,50,F,812,4,146955.1303625248,3,1,97122.52585922866,1
701,702,31,F,351,3,192239.0417382332,3,0,72973.42748759635,0
702,703,39,M,634,5,97098.57484301848,3,1,96910.46230115449,0
703,704,65,F,629,2,136352.48796800937,6,0,97003.57002271048,1
704,705,53,M,495,8,176538.51235976646,2,0,107545.71444463983,0
705,706,34,M,790,0,87356.70376022016,3,0,103918.76050919663,0
706,707,31,M,709,5,116675.85192573664,4,1,114445.06209301612,0
707,708,31,M,307,1,45759.80598051341,4,0,41837.22489817376,0
708,709,38,F,320,2,98160.54908845165,4,1,124436.0868353266,1
709,710,45,F,367,8,124691.39541360081,4,0,28068.25138175492,1
710,711,31,M,751,0,146942.96630221186,2,1,119815.21343657491,0
711,712,31,F,572,3,42072.596261952414,2,0,21479.58415879687,0
712,713,39,M,690,7,46672.45853412478,3,1,108461.36562154663,0
713,714,53,F,316,6,138858.80911764983,5,1,52625.88705639887,0
714,715,30,M,761,7,7002.751494246273,4,0,101597.19091774517,0
715,716,33,M,731,6,188899.823530295,2,0,25690.894187587608,0
716,717,66,F,766,2,18286.011689609437,5,1,39453.55287511433,0
717,718,42,F,648,9,160758.67329223992,2,1,69008.73280397839,0
718,719,33,M,538,6,167301.8422132532,2,1,69628.33904043159,0
719,720,47,F,624,3,82139.44228711458,4,0,147578.86776377063,1
720,721,18,F,329,5,94364.38630161772,6,0,76843.0535124337,0
721,722,22,M,445,6,141975.56211762683,1,0,24398.51076598936,0
722,723,53,M,846,4,179597.71437459116,2,1,92974.1020228267,0
723,724,66,M,406,4,103746.1487534683,2,0,40543.744419208626,0
724,725,27,M,700,9,106202.16077293154,3,0,130392.9987027939,0
725,726,39,M,422,4,137202.68323970525,2,0,77516.78937733192,1
726,727,48,M,459,9,137089.30119815393,5,1,24636.755243595286,1
727,728,23,F,520,7,133016.625804504,6,1,52777.71987989375,1
728,729,23,M,616,4,97510.82099924704,1,0,101995.08197145282,0
729,730,53,M,556,4,62380.17496126558,5,1,61096.80826454704,0
730,731,37,F,666,4,2689.156826868233,5,1,139137.31547989746,1
731,732,47,M,764,9,71177.11699181434,6,0,66009.39721753473,0
732,733,34,F,451,4,170457.12758645206,2,1,135638.22409644074,1
733,734,27,M,783,7,53327.118388496245,4,0,31354.287090832844,1
734,735,20,M,460,4,141059.17364992012,3,1,84752.48733168274,1
735,736,21,F,832,4,85688.26831476932,4,1,99488.26310553441,0
736,737,30,M,727,8,155190.97532838647,4,1,92108.05653489339,0
737,738,69,M,580,9,188020.6066258331,5,1,127055.48602188406,0
738,739,21,M,345,3,7059.650609608581,5,1,40208.192115960985,0
739,740,30,F,786,5,130709.4579551115,5,0,60174.041946182086,0
740,741,67,F,690,1,34801.37412115198,5,1,138505.74880657322,0
741,742,20,M,813,5,170792.19927428992,1,1,23059.21699124166,1
742,743,55,M,707,9,89585.26412553343,5,0,41784.08877118558,0
743,744,49,F,429,1,187221.87021751396,5,1,48962.126807956105,1
744,745,61,M,606,8,135656.6940631379,5,1,149979.14363783106,0
745,746,53,M,640,7,44126.0655576833,3,1,64859.90988268507,0
746,747,67,F,609,0,10492.060580312267,6,0,148701.33048134652,0
747,748,69,M,450,9,192780.20929690596,3,0,46372.393907658385,0
748,749,67,M,343,0,118490.33014654115,5,1,130373.50560930846,0
749,750,61,M,372,6,137259.8441349237,4,1,128627.65846771139,0
750,751,59,F,353,8,127618.49005039119,5,0,135596.57808398164,0
751,752,24,M,485,4,78485.6148563438,1,0,60708.83631210479,0
752,753,51,F,399,2,16904.960867973972,6,0,35279.081757116335,0
753,754,46,M,398,8,42512.38866939055,4,1,94196.01012628403,0
754,755,32,M,453,0,86910.38985624303,1,1,70690.87346777655,1
755,756,20,F,388,1,136040.69289611388,1,0,57258.224225667625,0
756,757,67,M,832,8,176027.1584999879,4,1,148900.4327069441,0
757,758,44,F,587,8,45731.881110060545,4,1,140811.97920055856,1
758,759,35,M,555,8,80192.23734593084,5,1,34870.79803864709,1
759,760,55,F,576,6,150552.8552022778,2,1,69795.9028806691,0
760,761,39,M,370,5,14567.433476490232,4,1,127643.26047315681,0
761,762,39,F,484,4,19950.96948703321,1,1,70808.44697421064,1
762,763,44,F,458,8,27025.41771105005,6,0,48740.13795879611,0
763,764,25,M,782,4,139940.3607381492,3,0,83966.28052266008,0
764,765,53,M,586,7,44991.18251281018,3,0,134168.94036053435,0
765,766,51,F,418,9,30573.63175525596,2,0,34128.42389813533,1
766,767,21,M,718,0,53014.67519375156,6,1,103154.04334081172,0
767,768,28,F,377,3,107131.13145808068,4,0,78971.35342926049,0
768,769,40,M,437,7,160803.13016009613,4,0,46996.99141207435,1
769,770,26,M,633,1,53394.41226784758,5,1,56360.927365000316,0
770,771,28,M,499,5,187422.04124046388,1,1,95116.97169952442,0
771,772,50,M,562,5,169338.76443780423,5,1,75288.18733959104,1
772,773,34,F,551,4,92078.21433825321,3,1,142250.76007208228,0
773,774,49,F,624,4,56040.69093600108,1,1,88882.88360456636,0
774,775,34,F,731,2,73849.20708403228,2,0,85150.6329287684,0
775,776,38,M,608,8,194911.84555467434,5,0,133083.0074189731,0
776,777,22,M,670,5,87091.51747963934,3,1,128006.43261660714,1
777,778,51,M,532,9,192096.2406209325,4,0,33425.15431603344,1
778,779,42,F,733,0,41211.256847252356,6,1,30532.980104570914,0
779,780,24,F,735,4,113097.37581814839,1,0,55964.62704797666,1
780,781,33,F,336,1,57643.19879050699,5,1,25221.956456971206,0
781,782,61,M,375,1,144686.35831122583,1,1,114253.48554306189,0
782,783,46,F,511,9,78118.8043864292,5,0,128801.4693352811,0
783,784,46,M,687,4,66876.13951591648,2,0,129049.07650848903,0
784,785,46,F,638,1,58916.05754792342,6,0,75576.14279113649,0
785,786,50,F,588,3,143722.75193962923,6,0,60966.95848819209,0
786,787,60,M,818,8,15167.14022704524,5,1,145113.3473400424,1
787,788,54,M,442,7,176656.06618350974,5,0,104294.03378450479,1
788,789,39,M,457,8,76278.21881267468,2,0,127310.89594476127,1
789,790,55,M,622,0,151716.23949921326,2,0,68026.60759157837,0
790,791,65,M,613,3,150425.65524614402,4,0,38410.66485156807,0
791,792,55,F,352,4,143563.1300056646,5,0,38731.215472755655,0
792,793,42,F,510,7,40368.633254854445,4,1,114266.62092485305,0
793,794,28,M,830,7,142176.86277265806,4,0,125710.9411723382,0
794,795,63,M,714,4,198420.4088399618,2,0,110752.09682913529,0
795,796,67,M,631,1,105491.34928488197,5,1,37731.23285169364,1
796,797,62,F,832,4,197665.14292180387,2,0,114381.91711669433,0
797,798,48,F,714,5,64066.87790179282,6,1,93888.90945752901,0
798,799,45,F,784,3,32487.686647284718,1,1,119293.92309787891,1
799,800,48,M,380,2,167072.83270907137,1,1,76763.34346080144,0
800,801,50,M,675,6,194396.63245210663,6,1,78694.8372237995,0
801,802,42,M,392,8,55030.50070166789,5,0,129872.8884438623,0
802,803,44,F,630,2,29292.22718784741,2,1,24619.86103946201,0
803,804,43,F,686,8,123715.86528587814,5,1,84479.33206857885,0
804,805,66,F,643,3,102417.84822054098,4,1,72755.94834719908,1
805,806,51,F,463,8,111449.79355737781,2,1,79507.72323124007,0
806,807,66,F,581,2,72543.8139101936,5,1,68201.71773919051,0
807,808,53,M,755,1,44763.45556295906,3,1,144518.48812746463,1
808,809,43,M,479,2,161669.8627427947,6,1,28506.353399076226,0
809,810,36,F,400,5,159860.9367108247,3,0,24270.639100632376,0
810,811,66,F,464,1,165616.06510847714,3,1,85380.77245295668,0
811,812,37,F,465,1,76402.61752627564,2,0,146327.1284573864,0
812,813,53,M,408,2,88089.83055901363,5,0,61147.236753999736,0
813,814,31,F,338,6,163438.0656528754,5,0,79250.88043563667,0
814,815,65,F,703,2,121871.6554457822,4,0,146558.94467665066,0
815,816,56,M,723,3,196886.47810739637,6,0,65331.77042831118,0
816,817,51,F,597,5,5780.7285081789005,2,1,54490.23801993782,0
817,818,27,M,564,1,133844.3519412885,3,1,29619.697675744275,0
818,819,27,M,766,0,191331.94085725342,4,1,88235.78451772449,0
819,820,66,F,779,5,65683.44877889338,5,1,52737.36457320164,1
820,821,47,M,823,4,85860.23488398855,6,1,26917.663067352634,0
821,822,31,M,632,0,2885.808249012967,2,1,75362.34885606232,0
822,823,41,M,550,3,135006.72839295183,6,0,144013.30432375587,0
823,824,28,M,429,3,181346.554328267,1,0,113775.86492112241,0
824,825,28,F,533,7,116040.76853496743,4,1,104107.61392460039,0
825,826,50,F,328,9,135446.7757922631,3,0,90673.75513956485,0
826,827,59,F,507,7,67896.48842872045,2,0,44637.64346112444,1
827,828,47,F,678,5,180165.05762995343,2,1,34226.214932844836,0
828,829,31,F,534,4,170089.83746084105,1,0,128627.93727714087,0
829,830,48,F,441,9,8945.801986941548,6,0,149900.47166935328,1
830,831,52,F,790,9,56289.20580069712,1,1,148156.15204970734,0
831,832,27,M,840,2,95690.05531144001,1,0,23089.838782635128,1
832,833,68,M,777,0,137486.4988267876,1,1,116497.06951565482,1
833,834,69,F,300,8,105009.54671483235,4,0,36821.03326570657,1
834,835,69,F,652,9,52466.9782561817,3,0,105315.37122017475,0
835,836,68,F,831,5,109021.24835765507,3,0,136900.2376967658,0
836,837,41,M,589,2,33929.86231163577,4,1,32254.79159064881,0
837,838,41,F,689,7,105700.6809925807,6,1,30665.409692170593,0
838,839,50,F,709,9,122507.54125637666,5,0,132407.9798724561,1
839,840,56,F,410,8,20009.902549909042,5,0,144262.59002953165,1
840,841,46,F,751,9,137998.16454358754,2,0,93331.93301946149,0
841,842,34,M,783,7,5384.502884111098,6,1,53906.60445836277,1
842,843,40,F,534,3,28632.70428347302,1,1,128270.99229440255,0
843,844,33,F,451,7,6524.012419051383,6,0,79482.86346103509,0
844,845,48,M,636,0,95923.31972110164,3,1,49755.81040120224,0
845,846,56,M,758,8,126083.81418073642,3,0,58922.10502058823,0
846,847,53,F,636,2,99677.12210469074,2,0,105686.48939736471,1
847,848,30,M,480,8,46180.92908703295,1,1,137472.18767409134,0
848,849,43,M,406,2,76997.28372415082,1,0,118198.79557322276,0
849,850,48,M,374,9,149286.81664986254,1,0,75356.64346674673,0
850,851,34,F,689,2,98405.54764294969,6,0,76981.62315745513,0
851,852,38,M,525,8,32479.312205219958,4,0,35564.12761968936,0
852,853,32,M,359,6,36625.11723726998,5,1,97598.80772947264,1
853,854,20,M,593,7,138387.80050925256,2,0,40434.58033800215,1
854,855,66,M,642,0,140491.1407299912,6,1,26435.76638966018,1
855,856,45,M,848,6,77995.64069881315,4,0,127108.58523362299,0
856,857,67,M,339,8,41096.372841768214,4,0,24492.148570829628,0
857,858,49,M,314,5,109191.09013157668,1,1,99701.92548952889,0
858,859,20,F,535,3,161955.8053853466,4,0,79863.74516691241,0
859,860,19,M,475,0,109166.42033051509,1,0,132770.10020206033,0
860,861,45,M,446,2,55852.90541671506,2,0,120611.08006017457,0
861,862,36,F,592,2,123253.55922358354,1,0,45988.65174910309,0
862,863,29,F,451,7,165264.97160112098,5,1,38799.20085631153,0
863,864,67,F,490,1,110024.40530685517,6,0,107502.97764387673,0
864,865,38,M,504,0,173403.47058744964,2,0,73592.450561117,0
865,866,37,F,337,5,164493.96063632998,4,0,91093.03601700603,1
866,867,19,M,737,8,31364.145145506496,4,0,80783.09626407505,0
867,868,41,F,797,8,121798.44023254483,2,0,123220.60764523619,0
868,869,24,M,708,7,97762.35265020694,1,1,127157.08849018787,1
869,870,46,F,531,8,115932.4658821558,1,0,58836.200626553335,0
870,871,29,F,553,8,32994.60919308796,6,0,132134.0262821014,0
871,872,44,M,434,4,147956.3969176119,6,0,129133.12629240226,0
872,873,33,F,411,8,198202.76805906932,1,0,118806.18678440705,0
873,874,51,F,598,9,193035.6311435685,6,0,125253.20830317147,0
874,875,35,F,625,2,179077.14587010117,2,1,89165.5045898809,1
875,876,48,F,511,7,133888.80658956198,1,1,71857.29586207656,0
876,877,19,M,307,1,179934.82601194756,2,1,35870.604702781304,1
877,878,33,F,378,4,98941.57707346365,4,0,29945.798823249108,0
878,879,21,M,576,5,171744.2758473074,3,0,115633.46499855533,1
879,880,35,F,491,1,14897.969965813872,2,1,52606.68464374947,0
880,881,51,F,829,1,23573.26768642425,5,1,77493.57922367415,1
881,882,63,F,561,6,138526.59765122944,5,1,83084.97823912841,1
882,883,42,M,588,1,46169.95799925718,4,1,54382.92424831909,0
883,884,22,M,554,5,154173.54626114955,4,0,92043.3264788511,1
884,885,64,M,617,7,93267.88351714099,6,1,80280.86500541985,1
885,886,48,F,541,9,3618.5056931802737,3,0,124271.70722016798,0
886,887,40,M,611,5,75022.23599130884,3,1,57290.05632694539,1
887,888,23,F,563,1,174659.6828907907,1,0,123288.12070176999,0
888,889,57,M,783,0,27446.891916444936,3,1,85913.91926091445,1
889,890,57,M,749,5,79027.29645636355,6,1,92402.58580322308,1
890,891,18,M,440,3,19767.343182502173,5,0,62013.80338853958,1
891,892,30,F,739,2,187786.15129058395,3,0,90083.313651324,0
892,893,50,F,327,3,127559.4644407615,5,0,147783.71761620932,0
893,894,63,M,614,6,95864.2018225775,3,0,108164.85271663079,1
894,895,48,M,357,0,159291.42049801638,5,0,29148.794086267124,0
895,896,66,F,771,4,52864.79174198504,1,0,78193.46412562563,0
896,897,62,F,483,1,33622.33678871085,3,1,41246.272931341766,1
897,898,25,F,456,1,60941.85603661906,1,0,83992.59815872685,0
898,899,37,M,573,7,172104.43078844823,3,0,121420.47022043333,0
899,900,27,F,519,8,80445.96055291576,5,0,32222.882315591884,0
900,901,44,F,414,0,42005.47661417251,6,1,114059.71216580513,0
901,902,69,F,721,1,150947.87467228118,2,0,66526.05145250053,0
902,903,46,F,429,6,180125.46847181898,3,1,21704.89237998775,1
903,904,51,F,404,4,97602.71261603164,2,0,32440.470701789483,0
904,905,33,F,662,5,46492.37692568568,1,1,138025.03613713334,0
905,906,34,F,427,8,93512.69037426793,2,1,34727.17390082599,1
906,907,49,F,528,5,147320.2200290535,5,0,33130.8926888222,1
907,908,62,M,546,3,74706.3064825576,1,1,77600.05063427509,0
908,909,57,F,591,1,25279.862482341887,4,0,128366.7184305838,0
909,910,65,M,593,7,111533.83239693695,4,0,127803.39395837991,0
910,911,50,F,416,8,161098.224666892,1,1,91291.64219318602,0
911,912,68,M,454,6,196255.16503108217,1,0,126178.40475785306,1
912,913,56,M,496,1,92130.77478506402,6,1,64233.51025452947,1
913,914,36,M,551,2,196596.11441659325,2,1,39424.44344982762,1
914,915,57,M,368,2,27312.953043082787,5,1,79886.49841047272,1
915,916,21,F,526,7,147208.33189044186,6,1,145190.18923612198,1
916,917,57,F,496,7,167549.74455738018,6,1,78924.02714423757,0
917,918,42,F,694,1,10595.423004157677,3,0,63294.97285539173,1
918,919,30,M,394,4,183517.22896023106,6,0,101042.3485594274,1
919,920,36,F,665,5,187600.09690643538,5,0,125899.75899348731,0
920,921,68,F,406,0,58968.380054389934,4,0,36769.368568852515,0
921,922,33,F,529,5,93505.7837619455,4,0,124047.81538829533,0
922,923,65,M,498,7,17336.279331744554,3,0,113210.42862950478,0
923,924,67,F,693,9,165576.0024944422,3,1,129767.30808295656,0
924,925,69,F,376,7,125994.01689586829,2,0,128588.70909389213,0
925,926,37,M,433,7,8814.104646047326,6,1,143818.75272045788,1
926,927,42,M,680,2,148196.24081516988,6,1,99428.06650760761,0
927,928,68,M,615,7,78390.62948522999,6,1,97914.45195701964,0
928,929,66,F,573,7,176992.0563034498,2,1,27180.592175898386,0
929,930,48,F,696,1,77020.93610090546,5,1,49038.188524814104,0
930,931,27,M,807,5,104089.50485968177,5,0,91851.98081663059,0
931,932,45,F,402,1,63079.527822227545,4,1,28400.56790349225,0
932,933,45,F,541,2,6862.18295005685,3,0,35694.283301010095,0
933,934,60,F,392,1,82600.18914749549,3,1,88556.12292585,0
934,935,28,F,394,5,57312.703850809245,4,1,99253.11197922433,0
935,936,51,F,843,2,81396.60163387237,2,1,103141.7726223124,0
936,937,34,F,676,0,69135.06658361155,1,1,134399.38378627496,0
937,938,52,F,430,9,141282.03198480353,4,1,70598.93427499305,1
938,939,59,F,416,0,45846.84760548503,1,0,92891.89379789958,0
939,940,56,M,588,5,66910.89356189244,4,0,143404.18818384717,0
940,941,42,M,780,5,95846.54984085757,1,0,102177.2295482757,1
941,942,46,F,460,8,60176.63081538833,1,1,40712.78072424637,0
942,943,23,M,603,0,54261.965824911495,1,0,91676.37762200205,1
943,944,32,M,397,6,166821.1888651806,3,1,104603.74007359214,1
944,945,33,F,814,8,161967.788615683,1,1,121556.43477181296,0
945,946,29,M,632,0,106709.70330638366,2,0,106718.65438016428,0
946,947,57,M,757,8,42875.6880314086,6,0,55711.17700822015,0
947,948,68,F,460,4,100967.85564774397,3,1,41053.63654700699,0
948,949,34,M,779,8,195765.35966397825,3,0,97017.20485498602,1
949,950,56,M,485,0,188830.15286624446,2,0,72988.94202921889,0
950,951,22,F,581,7,34736.66282049925,1,0,115594.11849447567,0
951,952,48,F,568,4,113418.34706791597,3,0,31295.138811901463,0
952,953,43,M,665,2,28811.716898594987,5,0,110840.00785731674,1
953,954,47,F,316,9,99964.68390175281,5,1,84667.9526120568,0
954,955,51,M,359,6,64937.680363243475,1,0,32188.8511286558,1
955,956,44,M,693,6,136611.14132278413,1,1,31042.116533821503,1
956,957,55,F,840,6,35511.77458539334,5,0,92131.68336861557,0
957,958,19,M,724,4,101742.20202550503,5,1,92882.50015121423,1
958,959,23,M,756,5,156344.1216295258,5,0,133435.2418949995,0
959,960,30,M,367,1,98437.23546167935,2,1,47038.49546528396,0
960,961,33,F,600,4,62417.776169081466,6,0,89683.90846817885,0
961,962,25,M,700,1,185142.01106339297,5,1,64270.15640083356,1
962,963,19,M,664,5,155375.5251763968,3,0,34979.045003656145,1
963,964,23,F,570,1,59688.498529184144,4,0,21947.91513576182,0
964,965,29,F,382,4,161099.87052031024,6,1,65752.31396914266,0
965,966,24,F,527,2,30776.22805567295,5,0,21675.98084168515,0
966,967,63,F,748,1,156617.25467280057,4,1,117749.2168454169,1
967,968,67,M,829,3,199035.37950088613,6,0,54493.50397955105,1
968,969,50,M,340,2,49929.16093252668,6,0,53187.75217816763,0
969,970,60,M,401,3,172591.3816425441,5,0,73125.65257003385,0
970,971,27,M,433,9,132126.02178816614,4,1,57626.05653323849,0
971,972,38,M,663,5,85360.29778846413,6,1,85664.43807763144,0
972,973,68,F,718,6,136318.20105679196,4,0,146178.6252493835,0
973,974,62,F,822,8,127621.66126238677,5,0,127052.65274521777,0
974,975,49,M,620,5,50625.21157015412,3,1,35526.43426580139,1
975,976,49,F,302,3,168219.04026956685,2,0,72644.46575573133,1
976,977,22,F,556,3,112192.82644095097,4,1,26940.748806355463,0
977,978,30,F,698,6,124639.67980879066,2,1,148369.9833188343,1
978,979,43,F,571,4,17876.99327721919,1,0,94381.2172360798,0
979,980,46,F,648,4,22443.7652224164,4,0,54866.82798285331,0
980,981,49,M,302,2,45753.45519679421,5,0,46046.37342202371,0
981,982,64,M,428,6,33961.98075585031,4,0,115721.07843855728,1
982,983,58,F,781,1,84653.7322384049,1,0,29567.767189266928,1
983,984,37,M,434,2,115745.3344498551,3,1,135671.18623402138,0
984,985,40,M,351,9,54245.957114216624,2,0,46263.139370542216,1
985,986,27,M,383,0,192796.63136196294,6,1,83990.64833657621,0
986,987,46,F,307,8,56540.3979943508,3,1,55403.437376766924,0
987,988,20,F,673,5,159654.05294315197,2,0,67099.13410138416,0
988,989,69,F,788,7,194835.23862391844,5,0,120915.920522789,0
989,990,37,M,548,7,50923.10262744342,3,1,77471.30284175622,0
990,991,43,M,492,6,95931.40899017816,1,1,70819.76580447453,1
991,992,18,F,705,6,181375.1344027579,2,1,104402.05625815863,0
992,993,65,F,847,2,4109.246093900132,6,0,62608.462551241035,1
993,994,51,F,427,9,189619.09093331516,1,0,95601.98506151403,0
994,995,18,F,816,4,71249.97777726638,4,1,124651.76443749,0
995,996,58,F,660,9,194855.89745868405,4,1,90387.12848737078,1
996,997,33,F,767,9,116995.10548170489,6,0,57492.587662729056,0
997,998,53,F,622,2,22350.518502347637,5,1,133114.97462972003,0
998,999,40,F,599,0,62854.08905237937,1,0,88906.061211928,0
999,1000,63,M,603,1,144128.39494234938,5,0,106676.49101911268,0
