,Customer_ID,Age,Gender,CreditScore,Tenure,Balance,NumOfProducts,Country,HasCrCard,Transaction_Source_M_Count,Transaction_Source_A_Count,Transaction_Source_D_Count,Transaction_Source_V_Count,Transaction_Source_P_Count,Transaction_Source_U_Count,Avg_Transaction_Value,EstimatedSalary,CLTV
0,1,24,M,571,0,54889.095180260774,1,AE,0,0,1,0,0,0,0,100.32148555419789,56306.34682170378,1517
1,2,50,M,703,0,3149.957509015011,2,JPN,0,1,3,0,0,1,1,29.902625214143832,120407.1498473758,2576
2,3,55,M,475,8,76112.81883370485,4,AT,0,0,0,0,0,1,0,445.158237795441,47481.45085498664,1064
3,4,62,M,516,4,184185.781445167,6,ARE,0,1,0,0,1,1,0,121.16688350973357,60861.76170795484,1644
4,5,26,M,364,3,158107.94995358973,3,NLD,0,1,4,1,1,1,1,447.3810743286757,137006.23972962477,1520
5,6,66,M,557,1,563.8037174807708,5,CZ,1,0,2,1,1,1,0,122.12058676722734,85613.3096750403,1845
6,7,51,M,796,9,188006.44887888827,4,LT,0,0,2,0,1,1,1,430.907920165242,46917.031496103285,699
7,8,25,F,759,4,63951.830585727796,4,FRO,1,1,2,0,0,1,1,473.5720266385205,110997.52836358409,2402
8,9,48,M,414,8,97971.83285624726,2,GB,0,1,3,1,1,1,0,322.49385778320396,127542.3094670084,2648
9,10,38,F,397,4,2827.2390056149457,1,GEO,0,1,0,1,1,0,1,356.54275028516406,134856.8987595664,2789
10,11,30,F,497,7,19116.902087103615,2,ID,0,1,1,1,1,1,0,217.51429797448375,148051.93659864488,662
11,12,47,M,679,6,20803.354229196968,4,JPN,1,1,1,0,0,1,1,258.44122258125225,126059.30213426486,1055
12,13,22,M,361,9,129997.54737524725,2,SE,0,0,4,0,0,1,0,470.82539586061466,112990.35592618215,2343
13,14,56,F,363,7,129412.82156839377,5,FRA,1,1,4,1,1,0,0,279.83221292086864,22048.877655534452,530
14,15,38,M,566,6,85516.1714385945,5,NLD,1,0,1,1,0,0,1,396.1226429981424,21960.988701470545,577
15,16,67,M,727,9,22951.66630388692,2,MY,1,0,3,0,1,1,1,100.15747401581393,108317.17139949981,2340
16,17,25,F,405,4,192418.53282094753,6,GB,0,0,1,0,1,1,0,290.60410557769103,126677.2884929616,2627
17,18,56,M,746,8,142617.34770003438,4,IDN,0,1,2,1,1,1,1,57.75468964793674,91793.45907700012,1610
18,19,51,M,818,0,166853.29487408148,1,SGP,1,1,2,1,1,0,0,71.91486574774608,31084.673471959068,821
19,20,44,M,503,5,156543.1739337181,5,CZE,1,1,2,1,0,0,0,42.23532582397611,60036.74917231705,1322
20,21,34,F,434,2,186209.5145130946,6,CZE,0,0,3,0,0,0,1,172.49544523979455,48200.413049617244,1068
21,22,45,F,339,8,11560.658136936076,1,AE,1,0,2,0,0,1,1,163.37714132227433,101418.36610874135,2107
22,23,41,M,397,6,88704.95589430991,3,AUS,1,0,4,0,0,0,0,244.03782236601637,120862.02729732574,2510
23,24,34,M,355,6,91047.42002574987,3,IE,0,1,2,1,1,0,0,467.26885147645754,83763.5784575391,1759
24,25,25,F,720,9,145488.89193462767,5,LT,1,1,0,1,0,1,1,107.27165570635258,138762.58149610832,2947
25,26,50,F,615,9,180539.50092444188,1,HUN,0,1,1,1,1,0,1,179.04759548167584,27024.12050468335,690
26,27,56,M,344,8,71774.12273860435,4,TW,0,0,4,0,0,1,0,80.4297080589462,146147.96081226238,3001
27,28,35,M,773,0,42827.02158721541,1,JP,1,1,0,1,0,0,0,96.54385454277016,44631.48207380886,1385
28,29,54,F,472,0,110698.34158587732,1,HKG,0,1,2,0,0,1,1,433.01603498293315,90712.64768881588,1927
29,30,32,M,729,0,81010.90331998315,5,JP,0,1,0,1,0,0,1,42.64007050619162,94805.88717424448,2071
30,31,40,M,326,8,95896.54699247146,1,SWE,1,1,3,1,1,1,0,117.57094824650284,92659.17166419268,1457
31,32,30,F,645,5,85300.81738195414,6,FIN,1,1,1,1,0,1,0,404.38322213353,121269.56937203257,800
32,33,23,F,645,6,103386.54526603506,5,ARE,0,0,4,1,1,1,1,185.44324201875784,148083.46971003737,3113
33,34,37,M,625,1,104614.44128814434,1,CHN,0,1,2,1,1,0,0,267.74230022840777,136889.84174124678,1276
34,35,54,M,378,3,59186.54993035264,4,HK,0,1,3,1,1,0,0,319.3982039893213,42123.07621743019,934
35,36,38,F,367,1,152083.78193471747,5,CYP,0,1,2,1,0,1,0,305.8734083494344,70715.91734524269,908
36,37,66,F,341,5,130104.77127226153,1,MEX,1,1,4,0,0,1,0,324.8822837028147,127611.79042377693,2632
37,38,59,F,819,5,104901.00559596848,5,CHN,1,0,0,0,0,1,0,276.35769562932376,91691.64404425138,2031
38,39,65,M,655,3,88361.22809095899,2,HK,0,0,2,1,1,1,0,172.0698868912002,77875.40169979483,1714
39,40,61,F,638,6,152047.2051729911,3,SI,0,0,3,1,0,1,0,224.33554320665957,79161.54460500102,1736
40,41,53,M,433,5,78750.4981753798,5,IN,1,1,0,1,0,1,0,95.33863664565217,119240.80629846845,2487
41,42,52,F,611,8,87439.76311072838,2,ITA,1,0,4,0,0,0,0,347.2965918796104,100341.68077892058,733
42,43,32,F,474,3,77873.05765490117,1,JP,0,0,2,1,0,0,0,379.8683212034201,127357.86101090233,2658
43,44,34,F,396,4,48663.56946360362,6,MO,1,0,3,0,0,1,0,334.33423700772056,39061.93258527788,877
44,45,29,F,628,2,155377.9769850286,5,GEO,0,0,2,0,1,1,0,109.31118869827816,34921.74045913511,850
45,46,43,M,406,1,39000.117697690854,2,KZ,1,0,4,0,0,0,0,302.6403166649342,54794.58786198304,1193
46,47,47,F,370,7,179629.95936345396,1,AT,0,0,3,1,1,0,1,275.5703254946561,25020.272043195735,590
47,48,32,F,498,4,167307.18048917392,5,TWN,1,0,0,1,0,1,1,166.09861733950243,50226.38312870569,1821
48,49,52,F,785,1,193861.75903402967,1,IT,0,1,4,1,0,0,0,48.547654289987946,64723.124480945895,1484
49,50,22,M,381,7,134138.12248048885,5,AT,1,0,3,1,0,0,1,47.105748280379984,92632.12267351651,1942
50,51,27,M,358,9,142374.55592225125,6,ARE,0,1,4,0,1,1,1,313.47259024362603,103252.83348436056,2149
51,52,47,M,324,3,9743.808304177803,5,USA,1,0,0,0,1,1,1,224.14631523926926,116737.2747949026,2410
52,53,57,M,326,7,165581.52550299783,5,AU,1,1,3,1,0,0,0,101.24418062190247,36893.08735978591,817
53,54,36,M,675,6,11357.357606620577,3,US,0,1,1,0,1,0,1,107.48268412546692,56579.523279671324,749
54,55,65,F,773,3,158563.31898020508,6,ID,1,0,0,1,1,0,1,365.7954629615882,121272.96956104356,1540
55,56,31,M,378,9,176867.8760075988,1,NOR,1,1,4,0,0,0,0,295.02670020087123,145998.7759694031,1288
56,57,39,M,645,8,44308.2400051785,5,CZE,1,0,0,0,1,1,1,434.52776556876864,41009.93313460991,821
57,58,63,F,341,0,188208.4135803,1,HUN,0,0,3,0,0,1,0,316.7263001576629,137889.39993435197,2836
58,59,54,F,464,6,41459.404846489044,2,MO,0,0,1,1,0,1,1,222.84057794298354,76645.81166159603,1643
59,60,39,F,431,4,97448.15420258758,5,NZL,0,0,2,1,1,0,0,250.55589345283312,80654.71886533246,1715
60,61,57,M,822,9,9414.492104318217,6,TWN,1,0,4,0,0,0,1,487.79438208170797,146017.82573051634,647
61,62,20,M,583,8,1340.5912266392095,4,SWE,0,0,3,0,1,1,0,387.0202436084258,21560.415802483836,573
62,63,37,F,320,8,147635.67216152497,2,TW,1,1,2,0,0,0,1,390.58370009096024,83200.91433750905,1740
63,64,60,M,729,2,171064.56851683668,1,SG,0,0,4,0,0,0,1,304.1838617116146,34333.63254085136,863
64,65,18,M,567,9,89631.3176363845,1,EST,0,1,1,0,0,0,0,418.6881899995907,38747.29872714092,913
65,66,51,M,430,4,89967.503198579,4,IE,1,0,3,1,1,0,0,235.20654184483055,38814.112825805074,666
66,67,63,M,750,9,64692.20264936319,6,TWN,1,1,4,1,0,1,0,342.1671426754159,134830.5184658263,2876
67,68,26,M,823,8,175690.29165870766,1,ES,1,1,1,0,1,0,0,175.03144804704388,83141.49973250742,1912
68,69,29,M,416,9,126483.65314566498,4,HUN,0,1,1,0,0,0,1,27.997478729434047,107513.7462973272,1999
69,70,64,F,509,1,73534.62735072771,3,SE,1,1,1,0,1,0,1,422.45342637252986,97201.33978258746,2066
70,71,20,F,359,2,36876.19007494711,4,ARE,0,0,3,1,1,1,1,333.78062222958647,98447.65432639078,2053
71,72,60,F,512,2,20002.269289288477,4,FIN,1,0,4,1,1,1,0,75.24726676629766,23041.961663618018,585
72,73,36,F,545,0,194373.84596220672,1,SG,1,1,4,1,0,1,1,36.50777436390642,35815.29292914433,849
73,74,30,F,728,2,102508.40440314604,5,TH,0,1,3,0,1,1,1,386.20990147215196,31035.14461298549,1788
74,75,32,F,824,4,25940.733359937585,4,KZ,0,0,1,1,0,0,0,330.4234426724306,123725.72753901056,2671
75,76,38,F,761,8,148513.10083832828,5,ID,0,0,2,1,1,1,0,492.0271256314715,84274.07659968713,1831
76,77,33,M,544,3,121175.7106167694,5,TH,0,1,3,1,0,0,1,91.99784733246992,112004.30428043216,2369
77,78,68,M,813,6,161379.95588850105,6,HK,1,1,3,1,1,1,0,230.41685570342094,99865.12858723749,2193
78,79,23,M,722,4,133667.95686162153,2,GB,1,1,4,1,1,1,0,427.40487913887165,107721.375697704,2328
79,80,25,M,599,2,165103.1469540623,1,CHN,1,1,2,0,1,1,1,284.38369962561393,72006.86895973355,1585
80,81,24,F,419,2,83036.67748063937,6,HKG,1,0,3,1,1,0,1,466.57167492786306,72796.83488750574,1556
81,82,67,F,542,0,113573.07791301551,5,SG,0,0,1,1,1,0,0,360.30903151478543,130448.4678243693,2736
82,83,52,F,324,8,150179.79995277958,6,LU,1,0,3,0,1,0,1,458.36064134844247,125520.95439809817,1301
83,84,45,M,780,8,187377.2910830106,3,TW,1,1,2,0,0,0,1,304.6406874259691,24507.477979338553,681
84,85,58,F,349,0,31869.092733047146,1,DE,0,1,4,1,1,0,0,335.49684310150093,102837.67675004438,2138
85,86,67,F,416,5,22198.549264255886,2,VN,0,0,1,1,0,1,1,69.74895449350917,86749.91537475752,1833
86,87,34,F,668,5,26813.84938210465,3,GB,1,1,3,1,1,0,0,58.55884876008062,99157.80065469802,2143
87,88,48,F,582,4,156315.18037978432,2,NZL,1,1,1,1,1,1,0,403.73925576248087,82046.73536157623,1044
88,89,43,F,683,3,88970.51880306765,2,FRO,0,1,1,1,1,0,0,339.72563922504656,128231.69550278908,2727
89,90,19,M,674,6,132937.7785617498,5,NLD,1,1,2,1,0,0,1,151.4391660274456,126332.79363175954,2687
90,91,55,M,491,6,115649.23955269813,5,IT,0,1,2,1,0,1,1,29.090116661538588,78941.26401655379,1179
91,92,28,M,371,6,157863.90193581828,3,HKG,0,0,2,1,0,0,0,35.963495706003755,60492.15575185892,1298
92,93,28,M,565,7,21496.340908218393,3,ITA,0,0,2,1,1,0,0,181.54577783182242,26927.800216822605,675
93,94,50,M,816,7,166735.45402267703,5,CZE,1,0,0,0,0,0,1,326.54335877026074,96971.74766812322,2135
94,95,64,M,482,8,134930.31768170203,6,ID,0,1,0,0,1,1,1,27.819851087942027,129944.57868607248,2712
95,96,24,M,530,5,173850.97762162035,1,ID,1,1,3,0,0,0,0,326.6436277299118,95574.17130332244,2038
96,97,67,F,683,1,75619.64805384478,2,FRO,0,1,1,0,0,0,0,346.8828436056908,32747.491643237365,821
97,98,49,F,365,8,118112.76358112149,5,ARE,1,1,4,1,0,1,1,335.90186623036266,142913.05039244378,2943
98,99,43,M,394,5,57620.036105485204,3,VN,1,0,4,1,1,1,0,97.24815195851347,57320.07680853162,1241
99,100,34,M,774,5,25522.460670234825,3,LU,1,0,1,1,1,0,0,142.7499022086759,142568.9452504541,1921
100,101,60,M,725,9,161325.80419248692,5,NLD,1,0,2,0,0,1,0,30.697502138576773,76545.49068253444,1705
101,102,46,F,662,6,179902.78256684943,1,THA,0,0,0,1,1,1,1,440.6997213233585,79164.52630408664,1101
102,103,60,F,662,4,181648.55502392584,5,AUS,0,1,2,1,1,1,0,109.38635340625464,46799.28235361603,1097
103,104,32,F,514,9,57221.01543635656,5,CZE,0,1,3,1,0,0,0,352.8358670375524,48512.631554454674,1095
104,105,45,M,736,2,172785.21809370368,5,CZ,1,1,4,1,1,1,0,243.16859360855025,56770.543782780354,1850
105,106,64,M,632,6,104797.11673069785,5,AT,1,1,1,1,0,1,0,31.093451312511746,51299.90166246803,1180
106,107,22,M,613,4,129274.1964670708,6,KOR,0,1,4,0,0,0,0,175.85167585872006,120413.5946661893,1016
107,108,29,F,418,0,192633.49609591943,5,HKG,0,1,2,1,0,1,0,276.6972602620503,80230.87059406948,1704
108,109,57,F,516,1,148039.47085638435,5,FR,1,0,2,0,1,1,1,181.27379846474105,96681.78428234752,2056
109,110,69,F,617,7,147426.8953072116,5,SI,1,0,4,1,1,0,0,422.26126752510413,52837.51478849595,860
110,111,42,M,742,2,130645.25451680369,5,FIN,0,0,0,1,0,1,0,498.14233764647804,136480.38427290332,2905
111,112,53,M,319,8,10146.576040189537,4,MEX,0,0,3,1,0,0,1,382.20104479893956,148501.2878361034,1159
112,113,39,M,503,3,74947.65685870302,5,CN,0,1,3,0,0,1,1,25.491203814171595,130568.44156424837,2730
113,114,40,F,747,7,149435.13128365198,6,JPN,0,0,2,1,0,1,1,131.64784692901,125423.78162708652,2686
114,115,38,M,396,8,94431.9191640788,6,TWN,0,0,0,1,0,1,1,445.41912473021785,70502.98230876842,1319
115,116,39,M,663,4,113803.28752845383,6,GR,1,0,3,1,0,0,0,168.68790348454144,109759.87785255714,1325
116,117,21,F,647,9,135318.98862039018,4,GEO,1,0,0,0,1,0,0,338.70615032811423,74144.28666967031,1638
117,118,53,M,327,6,2288.9420731584396,3,CH,1,1,1,1,1,1,1,236.9204003092509,41310.04071480398,993
118,119,18,M,678,3,64683.13974196342,3,PRI,1,1,4,1,1,0,1,130.8757686589406,102623.50016491888,2215
119,120,65,M,427,7,166254.94513736977,5,DE,1,0,1,1,1,1,1,344.92145892614013,147004.56692988754,725
120,121,28,M,346,0,8498.954001358139,3,SGP,0,0,2,0,0,1,1,394.7777846787919,118850.68720900423,2457
121,122,63,M,577,3,174969.45516817988,5,PL,1,0,1,0,1,0,0,498.9299540973532,43570.46782318663,1011
122,123,41,M,387,7,109243.72879537383,4,NOR,1,0,2,1,1,0,0,357.383611145654,77814.02423909304,1648
123,124,26,F,444,1,14173.94801508378,1,CZE,1,0,3,1,1,1,0,280.110185930048,76802.07300622614,1226
124,125,30,F,638,1,88446.0675841057,4,US,1,1,2,0,1,1,0,293.3129651322829,29295.977803648013,742
125,126,37,F,846,9,121051.04453556173,4,LA,1,0,1,1,0,0,1,424.46573018281896,119743.0890171823,2597
126,127,57,F,569,5,20675.074283919592,2,ES,0,0,2,1,1,0,0,257.3794192877915,130207.96150828102,2738
127,128,50,M,589,7,136404.12754411256,6,DNK,1,0,0,0,1,1,0,362.52830175340296,60823.12376434501,676
128,129,69,M,667,6,622.5293929065234,1,TH,0,0,2,0,0,0,1,321.47738296946284,69200.86233045983,1544
129,130,55,F,365,1,57473.076975178075,5,IRL,0,1,0,1,0,0,0,193.3880606935843,61863.92642366271,1325
130,131,19,M,335,8,50180.084382759385,3,BE,1,1,1,0,0,0,1,433.80979034693513,50164.576347636306,890
131,132,22,F,408,7,166464.38118345884,3,CN,1,1,1,1,0,0,0,412.99522494957506,68799.45620084656,1474
132,133,21,M,455,9,36250.27179434308,3,DEU,1,0,3,0,1,0,1,246.457503598384,125913.08088754922,2625
133,134,56,M,309,4,107107.94435981805,1,CHN,0,0,0,1,0,1,0,23.04393276062184,26043.61775732749,939
134,135,63,M,490,4,134778.08824566077,3,AUS,1,1,4,0,0,1,1,489.35371032712897,29072.206130293132,701
135,136,20,F,652,9,2291.937274411615,4,BG,1,1,2,0,1,1,0,206.098431175918,55473.06823422551,943
136,137,59,M,401,7,190328.8123143954,3,JPN,1,1,0,1,1,1,1,282.8773528856499,33397.803368043664,1780
137,138,34,M,369,3,30155.20574026742,6,KR,1,1,2,0,1,0,0,248.6947779617415,124878.1314619698,2584
138,139,65,M,482,1,152840.94818852865,3,BE,1,0,2,0,1,1,1,384.3372840991772,61113.3180127372,1776
139,140,58,M,674,4,125283.86187779848,3,TUR,1,1,4,0,0,0,0,367.2533557891812,121099.4523457816,2583
140,141,33,F,641,6,135064.96172865835,5,GBR,1,1,3,1,0,0,1,273.06111071529375,100987.80763580586,2173
141,142,63,M,768,4,155471.25133949213,3,VN,1,0,0,1,1,1,0,436.44137628675895,135857.53283282786,2900
142,143,28,M,489,9,132765.98003370842,3,KZ,0,0,2,0,0,1,0,278.1429422840001,67017.34012800595,1457
143,144,47,M,348,3,42632.113081014286,4,US,0,0,4,1,1,0,1,42.46715330653144,106414.50375572329,2209
144,145,69,F,758,2,37229.27701866146,2,MEX,0,1,2,1,0,0,0,143.20496208438726,70042.39697474003,1081
145,146,23,M,828,4,53415.64840366721,2,IDN,1,0,3,1,0,1,0,195.90287852760582,106598.04325097686,2330
146,147,53,F,329,9,181924.60969728063,2,AU,1,0,2,1,0,1,1,437.28516307663295,88788.15655557899,1853
147,148,66,M,596,8,107581.99278798439,5,CAN,1,1,3,0,0,1,1,487.14179356443196,28394.984814795127,713
148,149,59,M,391,8,104337.76821218694,5,ITA,1,0,3,0,1,0,1,344.49465197175743,148496.89820530082,3060
149,150,35,M,382,5,134479.15037718328,3,CZ,1,1,3,1,1,0,1,453.70395737546824,56983.19062772555,1001
150,151,42,F,761,7,140501.7040823885,4,LU,1,0,2,1,1,1,1,311.9809377368328,37127.936886889984,1718
151,152,21,F,516,1,34343.41482985459,1,KOR,0,0,4,0,0,1,0,53.098435069849046,140756.18600007438,2935
152,153,26,F,441,4,108366.75243791314,1,HUN,0,0,2,0,1,0,1,368.53427235723746,126897.49951083036,2641
153,154,65,M,435,0,118460.19960530008,2,JP,1,1,3,1,0,0,1,398.226611474261,42934.62199640382,1147
154,155,48,F,791,4,46082.2022453621,6,ID,0,1,2,0,0,0,0,284.4407185432948,59081.067950070625,1373
155,156,32,F,422,2,31149.790434517556,3,HU,1,0,3,0,1,0,1,265.01979864384475,34022.140540232744,783
156,157,22,M,810,8,17943.517033022814,5,PL,1,1,0,0,1,1,1,362.2498123088556,131138.74517625582,1096
157,158,68,M,635,3,191491.2857350641,2,DNK,1,0,3,0,0,0,1,498.14450484843013,66029.66657164952,1473
158,159,66,M,809,6,180510.34613815535,1,KZ,0,1,3,1,0,0,1,261.6499202229246,53134.28730302183,1461
159,160,54,F,348,1,151870.2868866869,5,GR,0,1,3,1,0,0,1,104.2687788671354,124192.31001972411,1013
160,161,52,M,574,9,19298.486639559866,3,PRI,1,1,4,0,1,0,1,397.4822238861991,57335.288541826536,1286
161,162,24,F,389,3,107379.07520441123,1,USA,0,0,1,0,1,1,0,143.657900495499,68769.30343282783,1468
162,163,24,M,347,2,123389.96925418722,3,ITA,1,1,4,0,1,0,0,445.5449049220259,43751.06029188289,962
163,164,43,M,848,3,112754.2870155735,6,ES,0,1,0,1,0,0,1,231.11928364800542,29723.12990408313,801
164,165,50,F,418,2,86170.25546000428,4,USA,0,0,0,0,1,1,0,472.4791903756887,135188.1181230812,1843
165,166,18,F,586,5,115331.07946515596,6,NLD,0,1,2,0,0,1,1,242.15349305669343,39649.349204562444,935
166,167,20,F,759,8,198168.9056702609,6,CN,1,0,4,1,0,1,0,57.956409026623504,63511.21391411879,1453
167,168,65,F,527,0,157407.04739667507,5,HU,0,0,1,0,1,0,1,392.36771004783054,57878.75263028576,1284
168,169,33,M,488,9,128839.9217605534,1,DE,0,1,1,0,1,0,0,319.8493102544906,138340.58903131424,1722
169,170,31,F,469,9,99029.84313197967,3,TH,1,0,0,1,1,0,0,248.54957217356073,69939.49990642039,1511
170,171,18,M,623,7,14832.901795620046,3,TUR,1,0,2,0,1,0,1,65.70266727489525,78072.24675239687,1711
171,172,60,M,341,2,106495.17064677783,1,GB,0,0,2,0,1,1,0,387.81993355155817,98066.86464424715,2041
172,173,66,F,368,4,44216.13152596049,5,IN,1,0,3,1,1,1,1,43.61272558971885,38702.9921322578,863
173,174,62,F,699,1,199450.58772145616,5,CZE,0,0,3,1,1,1,0,183.38797400384394,119250.218382333,704
174,175,38,F,519,5,126735.31098948518,1,LU,0,1,3,0,0,1,0,109.67484047685936,84257.32761665905,1809
175,176,59,F,499,7,85407.20848886546,3,NOR,1,1,3,1,1,1,0,149.4280328510354,87764.17852021528,1875
176,177,19,M,833,7,50346.03305805832,4,SE,1,0,4,1,1,1,0,412.3265725384778,89686.63841730256,1994
177,178,62,M,710,9,78755.60650431985,6,EE,0,1,2,0,1,1,0,198.30991609476249,106352.02472199571,2297
178,179,56,M,824,5,159147.58159666127,3,IRL,0,0,4,1,1,0,1,497.3709092592236,138553.39859675735,2967
179,180,33,M,551,7,59286.03606225709,6,FRA,1,0,2,1,1,1,0,342.73217951933896,39541.42019084078,924
180,181,63,F,314,0,126047.46923679566,4,SE,0,0,2,1,0,0,1,89.05691179665611,79642.45018285186,1666
181,182,47,M,667,6,29537.64150853664,5,IE,0,0,2,0,1,0,0,73.66847438990904,68188.38731818004,1773
182,183,45,M,604,1,94382.84761692614,1,GBR,0,0,1,1,0,0,0,479.7965460346612,30407.898229404556,754
183,184,67,M,794,6,8365.806649138307,2,MEX,1,0,3,0,0,0,1,398.25351335750935,66823.7912881936,949
184,185,33,M,732,3,9218.340670652924,5,FR,1,0,0,0,1,1,1,467.16768234981384,54808.80937193894,737
185,186,28,M,847,2,67148.88258899894,2,CYP,0,1,1,0,0,0,1,70.43585449155755,46263.46290838723,1131
186,187,55,M,394,1,7997.380627162065,6,SK,1,0,4,1,0,1,1,389.2405282181879,90789.47839592973,621
187,188,31,M,364,6,142244.30680383247,2,USA,1,0,3,0,1,0,0,334.6291283908668,70707.47659083511,915
188,189,55,M,325,4,125030.4305394625,2,IDN,1,1,1,1,1,0,1,451.52942189794004,20670.216440113985,1046
189,190,52,F,662,6,47886.924033716416,1,SE,0,0,1,0,0,1,0,297.8070724907357,24909.966154577116,659
190,191,65,F,784,4,54322.5015216821,5,EST,0,1,1,1,0,0,1,53.93757212434595,26804.38742895329,905
191,192,35,M,468,2,163018.0650409883,1,GB,1,0,3,1,0,0,0,286.2694507500295,58654.48564462315,1285
192,193,54,F,848,6,122459.28840591067,2,ES,0,0,2,1,0,1,1,307.6837103991551,102045.60461412612,606
193,194,52,M,512,8,76397.40919518951,2,SE,0,1,4,1,0,0,1,199.6743715880901,27018.643736095462,665
194,195,41,F,617,0,86118.56337104489,4,SK,0,0,4,0,1,0,0,364.01797749197715,23145.663923886346,613
195,196,32,F,679,3,183799.15646628558,5,SE,0,1,4,0,1,0,1,98.15686083880328,91491.5239956109,1024
196,197,65,M,749,2,124392.2936060271,6,JPN,1,0,4,1,1,0,1,223.19823936334012,138878.29279614624,1626
197,198,56,M,729,9,89603.25019892704,4,AE,1,1,2,1,0,0,0,32.66705653944106,55558.74695143149,889
198,199,34,M,382,4,38258.577151394245,4,ID,1,0,4,1,0,1,1,242.3604864994053,129685.2029839172,1524
199,200,56,F,634,9,147475.20001609778,3,AT,0,0,0,1,1,1,1,135.85052107793115,65314.501836020034,947
200,201,40,M,733,9,166958.7692103709,6,JP,0,0,2,1,0,0,0,358.32898395912434,149131.75937819167,3156
201,202,32,M,513,3,168749.62837222454,6,KR,0,0,2,0,0,1,1,376.0727463944822,125071.07404944728,2622
202,203,48,M,613,0,186261.03841407617,3,CN,1,1,4,0,0,1,1,81.01944058336679,100730.92759912348,2162
203,204,29,F,493,2,163348.6368855756,1,CZ,1,0,1,1,1,1,1,484.8578766561189,25254.34329628728,1645
204,205,36,M,478,3,53580.953171428504,1,DE,1,0,0,0,1,1,0,74.21803507402066,102487.2212565476,1179
205,206,18,M,543,9,48446.12769802856,3,SK,1,0,0,0,0,1,0,53.88208063525134,40033.77521482589,932
206,207,21,M,453,4,68363.48526831668,2,CYP,1,1,4,1,0,0,1,301.10840949484054,37727.45708170046,865
207,208,44,M,540,1,100836.63652049459,5,AUS,1,0,3,0,0,0,1,154.95642728539974,139145.51788473286,1939
208,209,67,M,707,2,78185.31064238265,1,USA,1,0,1,1,1,0,0,133.1078618828652,45300.36146637803,1077
209,210,67,M,576,0,26994.92623627646,1,CAN,1,1,4,0,1,1,1,223.57037061733791,65744.86087037748,1454
210,211,47,M,678,1,28466.32670079936,1,HUN,1,0,3,0,0,0,1,356.3647973808468,32661.39953880231,818
211,212,64,M,303,2,182000.64880350407,6,TW,0,1,0,1,1,1,1,374.5862781929564,96916.1216421659,2009
212,213,18,M,543,0,173719.20564050454,6,TWN,1,0,1,1,1,0,0,493.07402806022424,35381.99243428678,839
213,214,46,M,647,4,190897.17062486275,3,GBR,0,0,1,0,1,1,0,48.23196996121311,24408.08928616349,645
214,215,54,M,723,6,99940.70677116686,4,SE,0,1,1,0,1,1,1,402.4381020938258,130275.89843108402,2778
215,216,46,M,324,2,122171.69720389595,6,HK,1,1,0,0,1,1,0,106.48168219889497,115202.06161289061,2380
216,217,59,M,572,5,34427.38498637794,5,FIN,1,1,0,0,0,1,0,87.4912430465314,149009.53507046896,1204
217,218,37,F,468,2,31356.846288873254,3,EST,0,1,2,0,0,1,1,140.87470214028355,129730.82527514895,2704
218,219,66,M,690,6,93136.14648199294,6,IN,1,0,2,0,0,1,1,281.4594426891416,69587.26029243637,1558
219,220,42,M,598,2,97503.81770832468,5,HK,0,1,2,1,0,1,0,428.5211714394053,53886.48664516498,1222
220,221,50,F,531,0,523.6821070569331,6,SGP,0,1,1,0,0,0,0,244.03604770689446,110726.8201672137,1452
221,222,59,F,460,2,36081.44785589118,4,KZ,0,1,1,0,1,0,1,271.6511436077547,109151.78740806787,718
222,223,44,M,569,1,105702.70141534944,2,NO,1,0,1,1,0,0,0,412.1594836211632,124121.05260976871,1539
223,224,44,F,513,9,122161.37687553668,2,NZL,1,0,2,1,0,1,1,401.78750190203914,97841.90763674461,2079
224,225,24,F,690,3,101659.92259974724,2,EE,0,1,2,1,1,0,1,334.8828476623287,105195.28587411427,2269
225,226,52,F,609,3,51271.105192031195,5,KR,1,0,1,1,1,0,0,448.1983091606829,80478.99413993518,1756
226,227,42,M,704,3,128326.72600769124,6,USA,0,0,2,0,0,1,1,167.4347545137018,126067.15484083672,2688
227,228,34,F,728,8,188276.13478528304,6,CN,1,1,4,1,0,1,0,71.72116176742888,45098.85536852489,1079
228,229,49,M,765,3,103335.85196372372,6,THA,0,1,3,0,1,1,1,192.89693694354474,35660.17615324234,899
229,230,48,M,759,8,51775.38633431029,1,SK,0,0,3,1,0,1,1,301.5139958029203,141845.20785955174,3017
230,231,37,M,797,9,141214.36177612006,2,SE,0,1,1,0,1,1,1,324.8117204481674,46568.3253819556,1125
231,232,51,F,773,6,4378.1736371871775,1,DEU,1,0,1,1,1,1,0,426.1915420065436,105278.79246500375,2291
232,233,44,M,834,9,169645.31265766086,5,TUR,0,1,4,1,1,1,1,106.57294203472381,146862.4135591197,3136
233,234,22,M,705,2,31428.666629210245,4,IT,0,0,4,1,1,0,1,112.13442935257346,119217.05702538007,2552
234,235,61,M,849,0,81381.76753102642,2,CN,0,1,4,1,1,1,0,118.78758191294465,79980.98525628685,1805
235,236,23,F,405,4,181546.73029198262,3,PRI,1,1,2,0,1,0,0,92.29208426872549,71661.82598701959,1530
236,237,49,M,344,1,94995.56858977256,6,IDN,1,1,3,0,0,0,1,105.12487928230476,147712.21496115072,3033
237,238,24,F,369,5,11414.237942729022,5,EST,0,0,2,1,0,0,1,255.6278240071522,116986.96236076613,2425
238,239,26,F,580,3,128827.02019289641,1,HUN,0,0,2,0,1,0,1,279.496440657245,133857.2977283738,768
239,240,51,F,416,2,114461.23138975073,3,ARE,0,0,1,1,0,1,0,202.6299035116773,73657.67387845484,988
240,241,46,M,379,1,132593.70881047111,4,HUN,1,1,2,1,1,1,1,346.7307506387938,55967.21980291042,1211
241,242,21,F,771,0,63233.8924251431,2,GEO,0,1,0,0,1,1,0,332.4946138215482,38752.16401746541,1496
242,243,33,F,551,6,34253.742053522874,4,JPN,0,0,0,0,1,0,1,230.43453918091808,64552.558673137166,1423
243,244,37,M,799,4,85250.99806080051,2,SGP,1,1,0,1,0,1,0,427.6872613994164,53807.654820789474,1270
244,245,65,M,622,4,149487.30705968983,2,KOR,0,1,3,0,0,0,1,350.51364566618304,77630.86969946261,1101
245,246,19,F,508,6,134377.84467656174,6,MEX,1,0,3,1,0,0,1,143.74155492346597,121206.9726231448,2544
246,247,50,M,638,1,30197.32473230614,5,VN,0,0,1,0,0,1,1,465.4342434977547,92183.56005540528,1996
247,248,24,M,812,4,183206.6395438753,6,CYP,1,1,1,1,0,1,0,359.5134558928911,101349.44947030513,2222
248,249,30,F,699,7,42694.56158370708,4,IRL,1,1,1,0,1,0,1,409.0993215213131,88892.47610453729,1946
249,250,18,M,745,0,141751.72818546108,4,TWN,0,1,2,0,1,0,0,96.59208076505851,108981.0192734931,2358
250,251,52,F,627,6,160698.7215148163,6,BG,1,1,1,1,1,0,1,260.08671553157535,120372.01254857278,1990
251,252,61,F,639,6,45538.20393269594,1,MY,0,1,0,0,0,1,0,425.5517514787339,41728.92403719275,990
252,253,48,M,741,3,69383.63055777937,2,GR,1,0,1,0,1,0,1,40.9375003803099,41542.22611181665,1011
253,254,29,F,776,5,41420.118990030955,1,BE,1,1,4,1,1,1,0,77.07200884757654,60704.49912749858,1402
254,255,29,M,507,7,142611.83335638832,1,HKG,1,0,2,0,0,1,0,38.42443452008833,60824.83623650416,1239
255,256,68,F,619,3,107187.51723996563,1,US,0,0,2,0,0,0,0,380.12496333840215,121363.56197043858,2574
256,257,41,M,390,1,136762.21106016834,2,SK,1,0,1,0,1,0,1,456.32760278728244,115599.80873751301,2403
257,258,18,F,326,6,55174.47915812985,1,CN,0,0,3,1,1,1,1,348.50121222455,98945.92269968065,2054
258,259,44,F,767,6,127828.11200271978,2,DK,0,1,0,0,1,0,1,50.883275442808454,74406.23836603333,1721
259,260,45,M,478,6,119433.66654852079,4,TW,0,0,1,1,1,1,1,382.45879891116755,119010.43462701727,2492
260,261,25,M,848,0,76889.87974558942,6,FR,0,0,3,0,0,0,0,418.32700802965957,117098.52533267252,2544
261,262,39,F,643,6,80573.79007427492,6,TWN,1,0,3,0,1,0,0,129.28130136815756,47167.052970734105,1099
262,263,61,F,665,3,61171.71363921128,3,AT,1,1,4,0,1,1,0,260.2208259309559,119795.73555356989,1617
263,264,59,F,340,1,176059.64088532445,4,TUR,0,0,4,0,0,1,0,217.85300434265957,108627.18955399934,2251
264,265,51,M,766,6,119556.41065661305,1,CZE,1,1,3,0,0,1,1,189.6585208437593,43230.73488699774,1051
265,266,27,F,837,7,121496.91139058671,1,HKG,0,1,4,0,0,0,1,326.2312898065328,120927.09925501772,2619
266,267,27,M,569,9,50137.38330900002,5,CN,1,1,3,0,1,1,0,419.73456660609406,43244.27167377673,1887
267,268,53,F,399,2,36961.25368133081,3,TW,0,0,2,1,1,0,0,256.5123789988596,60743.092265166284,1310
268,269,50,F,602,6,176085.63817734522,6,MY,0,0,2,1,0,0,0,436.5132186213873,43291.62031982718,1898
269,270,29,F,705,8,190343.94740685401,6,NOR,0,0,2,0,0,1,0,314.6677700756755,41728.84471554239,1005
270,271,38,M,550,5,40766.11677983588,1,SG,0,0,2,0,0,0,0,489.2378630913449,118952.54114197895,818
271,272,59,M,611,1,130933.85174840855,2,DEU,0,1,4,1,1,1,0,106.55057188603101,128535.52265199236,2716
272,273,20,F,720,8,194587.06582503,1,MY,1,1,4,1,1,1,1,401.7088098029688,142975.34459704167,3031
273,274,20,F,605,3,19236.710639153953,4,SK,1,1,0,0,1,0,1,419.05447892611926,23385.844574678093,616
274,275,26,F,457,2,178941.722009663,1,GB,0,0,3,1,0,1,0,208.5307252207853,30340.829797850747,717
275,276,19,M,431,1,191421.28774221806,6,CAN,1,1,3,0,1,0,1,221.61576323260297,148187.032033174,3064
276,277,45,M,645,1,83493.79052535116,2,FR,1,0,4,1,1,1,0,111.15169324041926,28649.49029692346,730
277,278,30,M,553,1,145983.69097063664,6,MO,0,0,3,1,1,0,1,213.20656195089956,107149.32279321305,1097
278,279,26,M,814,4,93673.23882873653,6,SE,1,1,4,0,0,0,1,169.64202299475798,67530.62169849567,1548
279,280,26,M,353,8,130769.63672449555,3,CYP,1,0,1,1,1,0,0,361.1508283458241,95116.759610666,1985
280,281,58,F,657,9,5646.811292129983,6,FR,1,0,3,0,0,1,1,360.08097999861536,144144.623259335,1132
281,282,67,F,839,9,157563.61889933178,4,HU,0,0,0,1,1,1,0,471.5166709923416,123962.65080175364,1834
282,283,60,M,652,6,142512.86299504168,3,BG,0,0,2,1,0,1,1,410.3455079508775,72980.76137825602,1616
283,284,33,F,306,8,113473.60660166001,4,DEU,0,1,0,0,0,1,1,290.4131698326841,69381.75620748011,1460
284,285,64,M,316,0,47784.63732190941,4,MO,0,0,0,0,1,1,1,479.73018251472246,29506.36252393564,1199
285,286,39,M,636,5,97904.98093275756,2,NZL,0,0,0,0,0,1,1,466.1170596827484,97969.41226708,2111
286,287,31,F,587,8,127178.11456330799,5,CZ,0,0,3,0,0,1,0,407.9275106312784,124240.44600006554,1765
287,288,67,F,652,5,91434.46478470953,2,IN,0,1,4,1,1,0,1,459.3700571935815,71152.00116019839,1580
288,289,35,F,566,8,11884.48966848188,3,HU,0,0,3,0,0,0,1,251.80165369663413,36764.87249573397,872
289,290,20,M,530,0,59114.68989092121,2,PRI,1,0,2,0,1,1,0,280.003134181439,50099.57157471431,1130
290,291,37,M,538,9,105115.52735565619,2,KR,1,1,2,0,0,0,1,420.23966057964196,116547.92910857518,2459
291,292,41,M,815,1,17604.65911387241,6,FRA,1,0,0,0,1,1,0,302.7966782968673,84393.63284404174,1884
292,293,23,F,617,8,162740.02892335074,5,TUR,0,0,4,0,1,1,0,304.1150313123713,82947.40014741254,1660
293,294,47,F,303,2,166229.40883943217,1,TUR,1,0,4,1,0,1,0,373.18017431693823,105167.2665042757,2173
294,295,60,F,841,8,104608.14488569697,2,SE,1,0,4,0,1,0,1,122.80218909297764,112549.3702778121,2452
295,296,53,F,486,0,181420.03881501194,3,SI,1,1,1,1,1,0,1,46.701426345772546,45937.261347658954,1037
296,297,19,M,369,8,16379.383483885502,6,KZ,0,1,0,0,0,1,1,130.87819742031922,65703.5822266892,1658
297,298,55,F,569,5,109729.9966802141,6,LT,0,1,3,0,1,1,1,91.8087649206071,46377.5381564738,1065
298,299,42,F,652,7,172234.14123198498,4,TUR,0,0,3,1,0,1,0,479.49701704525773,125748.88773532458,888
299,300,37,M,545,1,42805.03442775054,1,NL,0,0,0,1,1,0,1,480.5112041129371,49445.67928734917,1120
300,301,63,M,323,3,104921.94876838253,1,AU,1,1,1,1,1,1,0,93.01781110649651,23963.386369799035,1727
301,302,49,F,834,5,39968.109851155976,3,NZL,0,1,4,0,0,0,0,382.4443100675914,137602.18585676362,2951
302,303,30,M,337,5,195666.99719045594,2,TH,0,1,1,0,0,0,0,55.9962043625487,69935.12279193461,1479
303,304,19,F,735,9,111574.59571431232,3,IT,1,0,1,0,1,0,1,250.32494467779793,66582.78918787668,1509
304,305,60,M,746,3,159301.6333988697,6,USA,0,1,2,1,0,1,1,75.5937564710014,47720.166370485946,951
305,306,67,M,384,0,181398.46826425535,4,FIN,0,0,2,0,0,1,0,94.62680074847276,145908.58842709084,3006
306,307,44,M,492,2,20011.19585749098,3,KR,0,0,0,1,0,1,1,46.63374772495793,25514.226239910804,629
307,308,22,F,493,3,133736.81960122837,3,HK,1,0,4,1,1,0,0,271.83100033268363,41018.24267707329,940
308,309,63,F,661,1,184868.38876875245,6,NO,1,0,0,1,0,1,1,233.2160197645555,88044.80433688471,1103
309,310,48,M,635,2,17267.129429989604,6,LU,1,1,0,1,1,1,0,303.3855641416824,30556.096153634237,766
310,311,66,M,513,7,20720.48303136389,4,KZ,0,1,1,1,1,0,0,437.83847925353996,58717.857212798874,1298
311,312,44,M,800,0,53670.88515337175,3,IRL,0,1,2,1,1,1,1,292.03374486993096,21373.889732323198,899
312,313,63,F,825,2,154797.17240667783,3,HKG,1,0,1,1,0,0,1,250.56649554554988,57022.30208526631,1340
313,314,40,F,442,6,69562.90034653374,1,EST,1,1,2,1,0,0,0,97.75867417242226,131652.39530429296,2737
314,315,59,M,355,2,33197.860644503344,1,NL,0,1,0,0,1,1,1,350.99524994527957,122120.94241576233,1616
315,316,65,F,702,0,43076.14664771166,1,KZ,0,1,0,0,1,0,1,221.99072052098552,20861.560666836736,589
316,317,27,M,560,6,82467.97888395505,4,FR,1,1,1,0,0,1,0,325.64930338542365,110526.93684930827,2344
317,318,36,F,500,3,95731.06233532749,4,LT,0,1,3,1,0,0,0,387.2724385731718,75317.15297544286,1626
318,319,62,M,415,1,69540.6661094253,1,BE,1,0,4,1,1,0,1,453.96686803518224,50828.10138806571,1116
319,320,28,M,639,5,89884.25051618072,4,HU,0,0,2,0,0,1,1,110.9270908761639,49993.29626844355,1154
320,321,60,M,726,5,88279.03195704747,4,HU,0,1,1,1,1,0,0,251.5872012877434,92015.42373312604,1114
321,322,65,F,567,9,105581.63903773969,1,CAN,1,1,0,1,0,1,1,297.9931183017434,136637.41957067215,2867
322,323,56,F,380,5,64916.34423233434,5,IE,1,0,4,1,0,0,0,329.8546844268997,90179.21651880007,1707
323,324,66,F,750,4,132528.9253911357,6,NL,0,0,4,1,1,0,1,470.9144274055453,36277.55890294578,1203
324,325,18,F,543,6,117839.6795592437,2,BG,0,0,1,0,1,1,1,93.02916267078496,40877.813230376094,949
325,326,65,M,495,9,129964.41009516375,1,KOR,1,1,4,1,0,1,0,140.61482076390263,97695.64437034923,2072
326,327,49,F,437,8,62574.293879736455,1,NLD,1,1,3,0,1,0,0,436.12979302701723,108062.8396079691,965
327,328,45,F,371,3,14315.023392754767,1,SK,0,1,1,0,0,0,0,85.78577838399212,51861.25496818427,842
328,329,52,F,405,5,177103.43201026163,1,LA,0,0,0,0,1,0,1,363.493345744515,29925.247235950323,653
329,330,25,M,654,5,138532.74338001802,1,TW,1,1,3,0,0,0,0,289.7733164904381,121854.90901767887,2593
330,331,59,M,752,7,43191.27432246741,5,SE,0,1,0,0,0,0,0,419.5986783315866,69551.83632239373,1573
331,332,29,M,309,4,137603.45226756227,3,MEX,0,0,2,0,0,1,1,102.51850534092651,26630.409383742,607
332,333,48,F,432,2,68403.60558332279,1,ID,0,0,3,0,1,1,0,474.4615053553288,45655.14250340948,1714
333,334,35,F,427,0,149107.0747655048,1,IT,0,0,0,0,1,1,1,177.26499909621722,78277.81494829374,1667
334,335,50,M,750,5,71649.81583621167,3,FRO,1,0,1,0,0,1,0,453.68682299270876,103291.6441998932,1236
335,336,52,M,762,1,17809.45391898465,6,FR,0,0,1,1,0,1,0,87.96445134899557,70451.94675536499,1592
336,337,26,F,666,9,115928.30451669179,6,LA,1,0,2,0,1,1,0,449.6709632048477,98264.70384399922,2125
337,338,39,M,789,5,32507.412526155767,6,SI,1,1,2,1,0,1,1,396.33702158512403,140525.40450546675,2999
338,339,35,F,438,8,16219.522205752512,4,THA,1,0,3,1,1,1,1,114.03356048226658,65034.519478874936,1832
339,340,22,M,762,3,106528.28671939005,5,DE,1,1,4,0,0,0,0,247.76406434336235,123120.71450136398,1288
340,341,24,M,676,0,49857.76294173802,4,NOR,0,1,1,0,0,1,0,62.59507773767133,133736.93597244413,2835
341,342,47,F,343,3,45736.583501226465,2,NZ,0,1,3,0,0,1,1,230.95918770597387,101698.48838762728,2114
342,343,54,M,748,3,137157.7438944241,1,GEO,1,1,0,1,1,1,1,130.64983456970123,149157.76644519277,3161
343,344,44,F,710,5,109690.24004788502,6,AU,0,0,1,0,1,0,1,263.8917950168282,42060.47429762027,1563
344,345,40,M,616,6,76135.47612507542,5,CZ,1,1,3,0,0,0,0,219.76850337565253,105442.6964001853,2256
345,346,65,F,589,1,151407.95713673666,1,ITA,1,0,0,0,0,0,1,226.16699621379192,27120.577998882974,686
346,347,31,F,505,5,120790.98864187468,1,IN,1,1,0,0,0,1,0,276.80711362481543,102273.42499105162,1210
347,348,26,M,668,9,62089.764519789846,1,HKG,1,0,1,1,1,1,1,208.92835308403994,114924.46616293052,1497
348,349,69,M,839,2,131317.92299706338,5,SGP,0,0,2,1,0,1,0,246.67057044501155,89986.33085184559,2001
349,350,32,M,551,1,35102.51692643436,3,USA,0,1,3,1,0,1,0,419.0550480343764,86925.24072055628,1870
350,351,39,F,336,5,135279.01825751405,2,JP,0,1,2,0,0,1,1,303.73842344075643,28726.920295306845,656
351,352,49,M,324,5,110337.355237316,3,SWE,1,1,2,0,0,1,1,465.0862133754715,82931.23214750102,1735
352,353,33,F,593,7,74615.22819455448,4,SE,0,0,0,1,0,0,0,389.58541825904683,52827.0733297784,1250
353,354,55,M,576,9,105702.02869352043,6,GR,1,0,4,1,0,1,1,345.5784955982216,85710.69784205513,1852
354,355,27,F,805,7,52519.190060977184,4,SGP,0,0,4,0,0,1,1,413.08118228256814,94771.62743421987,2088
355,356,61,M,389,0,178059.3076620875,1,JP,0,0,4,0,0,0,0,218.92447211099827,125693.3309670018,2604
356,357,52,F,486,5,132319.27761191895,3,IN,1,1,4,1,1,1,1,477.7775347905038,69103.9540789244,1499
357,358,55,M,382,6,187036.80235131845,4,CZ,0,1,3,1,0,0,0,207.03196691983854,61588.967000385455,1323
358,359,53,M,464,4,161500.1704390493,6,GR,1,1,1,1,0,1,0,426.74141503045314,118675.56025309794,1630
359,360,42,F,414,6,141707.8968782979,4,TH,0,0,4,1,0,0,1,248.2462470839435,43542.873026935165,970
360,361,34,M,416,3,193551.33231127323,3,KR,1,1,0,0,1,1,0,443.63340290760334,60901.50288779009,1318
361,362,34,F,663,3,114088.7496427071,4,SWE,0,0,1,0,1,1,1,371.50212905142894,52819.44882247309,768
362,363,38,F,472,6,181868.14161958086,6,SK,1,0,2,1,0,0,1,147.46593828891164,60343.870744144326,1320
363,364,53,M,680,2,156888.8423106106,1,FI,1,1,0,0,0,1,0,214.89636177449745,45498.44127053883,1075
364,365,27,F,689,9,45362.48861696275,6,AE,0,1,3,1,1,1,1,268.411810739966,95261.6601327688,2070
365,366,45,F,805,1,154170.31512647192,1,BE,1,1,1,0,1,0,1,259.46202440148056,26495.204221160617,727
366,367,68,F,487,5,50867.62076069647,1,HK,1,0,2,0,1,1,1,66.53552672840533,58388.7245971052,1277
367,368,20,F,587,5,53645.6665156098,2,HU,1,1,3,1,1,0,1,428.4094591456207,42035.45613997259,984
368,369,28,M,694,2,1924.7794322555524,2,GEO,0,1,3,0,0,0,0,446.28500710889983,118327.36237771668,2532
369,370,68,F,711,2,35981.44932896348,6,VN,1,0,3,1,0,0,1,332.81290093354505,108701.62203414536,2344
370,371,53,F,797,7,19643.27692617904,1,JP,1,0,0,1,0,1,0,61.8668688311793,117904.88306635694,1273
371,372,48,F,693,4,45061.12155369264,5,FIN,0,0,0,1,1,0,1,298.9156237345748,66858.69990937437,1504
372,373,64,M,427,6,129644.75061066232,2,TWN,1,0,0,0,1,0,1,499.89785790077804,119082.24951632839,2482
373,374,66,M,435,2,11022.545535024774,3,DK,1,1,3,0,1,0,0,89.19348350809925,138416.2075592467,2870
374,375,45,M,595,7,118941.5185083746,4,CZE,0,0,3,1,0,1,0,171.53640948575134,31646.916252116425,777
375,376,50,F,600,5,166953.62403588777,4,FRO,1,0,3,1,1,1,1,135.47319373166061,112152.51754322431,2386
376,377,44,F,693,4,168509.58444440126,4,CHN,0,1,4,0,0,1,0,438.2421061155696,56221.17350069051,1292
377,378,50,M,456,7,14895.83597745745,4,GBR,1,1,3,0,0,0,1,428.27534718636673,107174.46512053542,1949
378,379,48,F,530,4,74317.86355775026,1,AU,1,0,1,1,1,0,0,49.0085043657343,21006.282354880088,549
379,380,34,M,562,2,44759.80558576238,3,ESP,0,1,3,0,0,1,1,269.67600195069747,100801.75135024416,2150
380,381,46,F,496,0,142017.44896996123,1,NOR,1,1,4,1,1,0,1,363.24602608600435,55260.242323423045,1910
381,382,58,F,839,7,77666.01231232166,3,SWE,1,1,2,1,0,0,1,20.45879776669432,127972.28116608935,1919
382,383,31,F,791,7,39721.27609495803,5,BE,1,1,1,0,0,0,0,412.25082643197175,38496.6704630929,963
383,384,69,F,350,8,24083.883377323567,6,GEO,1,1,4,0,0,1,0,152.189193643512,134110.45072218977,2763
384,385,56,M,800,3,63517.16396956615,4,GB,0,1,4,0,0,1,0,405.4715017095945,90818.84581748642,2009
385,386,67,F,780,9,30926.645199488466,2,SWE,1,1,0,1,0,0,1,479.3176775665192,44564.17596175772,1081
386,387,41,F,773,1,143867.94556166825,3,SE,1,0,1,0,1,0,1,402.45117437845596,135174.8757727316,2887
387,388,68,M,706,5,130334.53185788373,4,MEX,1,0,4,0,0,0,0,126.57622180597065,68308.40419304601,1536
388,389,56,M,495,9,86456.24374863718,2,HUN,1,0,4,1,1,1,1,253.83437020932686,95564.52832358002,1516
389,390,65,M,402,4,52687.481274648264,6,CN,1,0,1,0,1,0,0,275.08104852301506,52232.59779970762,1141
390,391,63,M,769,0,37690.45465193948,4,DE,1,0,3,1,0,1,0,150.81388366611776,112067.2463091411,2425
391,392,57,M,658,1,77780.60777615714,5,SG,1,1,4,1,1,1,1,161.80839075008552,24258.71204461596,1699
392,393,26,M,337,0,196752.4755657075,2,TH,1,1,0,1,0,1,0,208.51403940490914,87107.47355961234,1822
393,394,49,F,813,1,192871.5841750757,5,SE,1,0,0,0,1,1,0,164.88083740460675,102139.91890208835,2238
394,395,37,F,547,2,180693.56716737576,5,GBR,1,0,2,0,0,0,1,426.1963165791496,70653.8965398147,1544
395,396,60,M,353,1,170655.8316371551,1,GB,0,0,0,1,0,0,0,184.83019577816034,31737.376106651616,720
396,397,46,M,528,5,84671.96072510479,3,ITA,0,1,3,1,0,0,1,299.3214708637866,81873.98891922049,1764
397,398,26,F,688,7,61438.38417363474,1,JPN,0,1,0,1,1,0,0,407.1620397957962,146227.84910167457,3088
398,399,43,M,598,1,1553.0913497171728,3,NL,0,1,4,0,0,1,0,234.87633536867764,134784.0646056931,2837
399,400,57,F,793,4,136604.6673536096,6,TW,1,0,4,1,1,1,0,319.62785936662283,29590.712615064105,785
400,401,63,F,342,0,28004.50898495932,3,AT,1,0,4,0,0,1,0,270.75347239282496,31038.78629763293,879
401,402,23,F,304,9,25189.149206710183,6,TH,1,0,1,0,1,1,1,442.46927698275846,50572.323075284046,1084
402,403,20,M,482,9,187000.4159899449,3,USA,0,1,2,1,1,0,1,90.54452751491874,57622.02755287648,1268
403,404,23,M,634,1,149720.68474114258,5,GEO,1,1,1,1,1,0,0,369.52221186027333,132654.33368858817,2804
404,405,59,F,507,5,137196.58764253516,6,FRO,0,0,2,0,1,1,1,243.44142208994407,121699.26863326992,836
405,406,24,F,625,3,193251.6543047196,1,NL,0,0,3,0,0,0,1,308.6394471752656,77881.08579908253,1707
406,407,56,F,355,8,168952.56863148,5,HUN,0,0,4,0,1,0,0,52.02399560437325,121796.07389915832,2518
407,408,53,M,718,8,8503.717409322142,3,NZ,0,0,0,0,1,1,1,186.09197558085964,123558.33875967792,2642
408,409,52,F,327,2,108090.35829400884,1,KOR,0,0,0,1,0,1,0,414.35963349174534,116174.69865516588,2399
409,410,40,M,668,6,150553.31165231703,4,HU,0,1,0,1,0,1,0,158.0848339431834,87706.57384358834,1915
410,411,33,F,594,9,27613.081482955517,6,CZ,0,0,0,1,0,0,1,54.70334374912898,75552.1315938468,1653
411,412,35,M,396,6,192301.8596521636,2,ARE,0,0,1,1,1,1,0,339.9664203381676,102557.26134926613,1571
412,413,20,F,527,8,195235.05189399194,5,CAN,1,0,2,0,0,1,0,330.909924440873,32483.22432702456,777
413,414,45,M,714,5,97103.74642122352,5,DE,0,1,4,0,1,0,0,431.83580755544745,75544.95603794573,1397
414,415,35,M,642,5,60753.394258840475,2,TW,0,1,2,0,0,0,0,192.3239916911233,85379.8218847453,1862
415,416,19,M,432,3,400.1069178341421,6,IRL,0,1,4,0,1,0,1,156.9046240184161,91696.81107946839,1937
416,417,47,F,696,3,97694.38581604544,3,AT,1,0,3,0,1,0,0,239.24371279895445,101789.91567535688,2202
417,418,52,M,806,6,118825.95739194703,1,TH,1,1,4,1,1,1,1,285.9109827722456,22160.326196645536,640
418,419,27,F,458,1,61307.83785122782,2,LU,0,1,0,0,1,1,0,352.3300760108811,143641.34107733847,2980
419,420,28,F,462,7,132825.45645129032,3,CN,1,1,2,1,1,1,1,432.33754617337024,54831.182108346635,1208
420,421,27,F,428,8,77870.67891497197,1,KR,1,1,4,1,1,1,1,390.3547791705702,106895.2731316511,2239
421,422,60,M,615,7,67099.91941283621,2,ITA,1,0,1,0,1,1,0,120.67430379468925,43359.94597746417,1016
422,423,36,M,456,5,183307.54157220325,1,ITA,1,1,3,1,1,0,0,237.70865069626325,130874.75533325957,1220
423,424,26,M,590,3,25123.740845520028,4,CYP,1,1,1,1,0,0,0,466.13749195808424,41762.769194281354,1732
424,425,52,F,794,6,144822.9282177707,6,HUN,0,1,0,1,1,0,0,325.3873829922249,79115.00717584664,1774
425,426,45,F,491,3,131783.78861752688,3,LU,1,0,4,1,0,0,0,163.06119812195251,55834.9140873958,1235
426,427,63,M,823,2,111133.77381335865,3,CZE,1,1,3,0,1,1,0,116.89830124143131,24014.106044978234,681
427,428,19,M,808,1,194646.63899595532,2,FIN,1,0,0,1,1,1,1,157.431204814844,68871.18647063975,1572
428,429,51,F,428,1,122803.9480396141,3,SE,1,1,2,0,0,1,1,182.6282223875624,137321.97625998728,2847
429,430,58,M,613,3,61868.369291714,4,AT,1,1,4,1,0,1,1,189.47229194095348,59227.68593333875,1333
430,431,21,M,763,0,156409.55602645845,3,NZ,0,0,1,1,0,0,0,186.22527995347045,123564.69713142267,1529
431,432,69,F,414,8,45603.374742678236,5,HK,0,0,2,1,1,0,1,82.66993686107222,140302.7348301296,2902
432,433,36,M,686,3,129674.27162087774,4,AU,0,0,2,0,0,0,0,222.6668680335224,66526.71129250227,1495
433,434,64,M,663,3,81968.87722473922,2,TW,1,0,2,1,1,1,0,65.46076905101522,95706.33471461329,2073
434,435,60,F,423,3,148913.03102841479,4,CY,1,0,3,0,1,0,1,494.92503695977376,102180.07704351301,2143
435,436,39,F,847,0,103254.17830869634,6,NO,0,1,0,0,0,0,0,440.3714564583201,48485.95755377764,1530
436,437,27,M,320,7,69786.33833808878,6,HK,1,0,4,1,1,1,1,382.3086673060598,88022.62674840675,1835
437,438,62,M,663,6,107678.56116060719,3,ES,1,0,1,1,0,0,1,347.37581388632987,81595.36923288119,1350
438,439,23,F,736,0,37458.32167446319,1,IRL,0,0,2,0,1,0,1,251.70171792810694,147977.3150221142,3133
439,440,18,M,517,1,190697.1792439167,1,FI,0,0,2,0,0,0,0,191.82172770161193,79527.29608570403,1714
440,441,46,F,657,4,25926.281604541335,2,NO,1,0,4,1,1,1,0,358.5588188775122,46455.89321939154,1698
441,442,41,M,777,1,25194.804235144242,4,NZL,1,1,1,1,0,0,0,406.46664950061233,73267.04604645932,1653
442,443,29,F,678,3,43343.849772867026,5,DK,1,1,2,0,1,1,0,321.4072373700589,91137.61650922522,1986
443,444,30,M,819,9,21164.986461367487,4,GBR,0,1,3,0,1,0,1,382.220910395441,94612.21182197558,2089
444,445,52,F,534,5,191861.70443144947,5,US,1,1,0,0,0,0,0,90.80953121481014,91013.77405407891,1948
445,446,55,F,385,7,182086.5623324987,1,PL,0,0,0,0,1,0,0,407.17663172244954,104278.26539562255,2175
446,447,69,F,431,7,181262.83800807616,1,MY,0,1,3,0,0,1,1,479.804349485809,38865.90865127698,882
447,448,43,M,506,2,173126.1911515696,4,KR,0,1,4,1,0,1,1,271.7642111685299,53592.560822071966,1194
448,449,31,M,358,3,166229.5723779871,4,HK,0,0,1,1,1,0,1,320.91776197980937,129005.21699588488,2662
449,450,69,M,473,1,72904.53504954166,1,CZ,1,0,2,0,0,0,1,334.9361120364227,96055.32204183016,2033
450,451,33,M,316,1,15043.303885419635,5,CH,0,0,3,0,1,0,1,37.897219098406545,69552.94821346329,1465
451,452,40,M,711,0,97361.91966047545,2,SG,0,0,1,1,0,0,0,309.40317748170673,38645.524664102035,945
452,453,63,F,639,5,30390.417859039575,4,NZ,1,0,0,0,0,0,0,105.52816386946179,71810.83397601254,720
453,454,25,M,582,6,99413.8614885575,4,GBR,1,0,1,1,0,0,1,448.0436486488006,84090.39694310218,1821
454,455,31,F,402,9,139467.89761802173,2,ARE,0,1,1,0,0,0,1,364.85922688970294,107139.1690439916,1095
455,456,64,M,327,4,27506.32774489217,3,AUS,0,1,4,0,0,0,0,394.48318534317707,149965.07219277672,3074
456,457,58,F,433,6,166491.4738401458,6,THA,1,0,4,0,0,1,0,34.861413680694575,120177.33326129445,2505
457,458,42,F,578,6,99870.83898310023,2,AUS,1,0,1,0,0,1,0,150.35051639175322,22693.197190564,595
458,459,47,M,435,8,19477.016971560235,6,FR,0,0,3,1,1,0,1,196.84131113447333,114573.89872914816,1502
459,460,57,F,639,5,119754.52053913851,6,FI,0,0,3,1,1,1,1,390.4957345355523,100032.54555389493,2153
460,461,30,M,405,8,52635.07046084246,3,TWN,1,1,2,0,0,1,0,348.72734972490395,147019.95744524428,3035
461,462,48,M,834,1,151735.1583834568,3,LT,0,0,0,0,1,1,0,223.83351286223078,81508.10043418346,1831
462,463,45,M,823,5,129276.85014795816,2,NO,0,0,1,0,1,1,1,248.78578358609403,45664.71540151853,726
463,464,52,M,777,3,199386.5382562519,4,EST,0,0,3,0,1,1,1,357.8073100150417,60964.47422775017,1407
464,465,61,M,442,4,13724.1699322181,3,IT,0,1,0,1,0,1,1,283.43734337042554,113937.01811068418,2383
465,466,26,F,327,1,118501.59259700912,3,TUR,0,0,3,0,0,0,0,113.3783411532965,136679.75097890373,2808
466,467,21,F,659,6,24094.239574242372,2,CY,1,0,1,0,0,0,0,354.53431027638123,82871.08394889085,1816
467,468,46,F,819,0,86165.38836371856,3,AUS,0,1,4,0,0,0,1,358.7233142556798,144805.19403825226,1529
468,469,22,F,516,0,87780.3314264677,3,MEX,0,1,1,0,0,0,0,116.53631035886114,56351.03060114216,977
469,470,59,F,746,0,197220.54405295907,5,TH,1,1,2,0,0,1,0,404.14129512558776,76058.36002518033,852
470,471,64,F,477,3,102123.3887225834,4,LU,0,0,4,0,1,0,1,412.47659904740675,102931.15350252221,2171
471,472,42,F,603,4,66412.49957071384,6,NLD,1,0,2,1,1,1,1,338.95472214483914,147899.6755274219,3100
472,473,37,M,830,5,9587.081073907755,1,SG,0,0,0,0,1,0,0,271.1782876489637,23330.20266550123,668
473,474,52,F,399,5,74984.32033727529,5,CAN,0,0,2,0,0,0,0,299.58857244904766,75406.49366488452,1041
474,475,33,M,702,8,88588.1730247033,5,LA,1,0,2,1,0,1,1,469.5505219333902,97698.52820363882,779
475,476,55,F,439,4,27513.113310488403,3,BG,1,1,0,0,0,1,0,192.9354635688245,59991.696712471035,1306
476,477,18,M,544,7,183892.25171183047,5,US,0,0,1,0,1,0,1,192.91980943182313,60838.40748001636,1347
477,478,31,M,639,1,157850.6172916642,6,ES,0,0,0,0,1,0,1,177.71868614571497,92341.41791547004,1999
478,479,46,F,823,1,133984.99303143023,2,CZ,1,1,4,1,0,0,0,84.65195186337795,146854.63050194044,3134
479,480,64,M,402,1,193522.449603719,2,CYP,0,1,1,0,0,1,1,465.10405289593933,35024.48921412539,1082
480,481,26,F,471,5,185081.72041020478,5,NZL,0,0,3,1,1,0,1,459.2023754721098,93123.78091213046,1974
481,482,60,M,501,3,126274.26285494257,6,US,1,1,3,1,0,0,1,388.33409773515956,108316.7611449761,1630
482,483,28,M,677,5,83769.60632848287,3,GR,0,1,3,1,1,0,1,40.162581144674334,96380.26248877011,2090
483,484,21,M,561,6,196983.1331715234,2,DE,1,1,3,1,1,1,0,454.38927527840485,65228.38099600866,1440
484,485,45,F,636,2,126900.1040723728,2,VN,1,1,2,1,1,0,0,499.20703239288866,120894.36234470604,1136
485,486,56,F,385,6,44922.387321740345,5,EST,1,0,3,1,1,1,0,215.23313805016528,62862.610386896486,1349
486,487,64,M,377,6,3639.348130853359,5,EE,0,1,4,1,1,1,1,477.44919919342897,58145.719152551,1253
487,488,35,M,395,3,115907.46915922205,1,ES,1,0,4,0,1,1,0,338.2714876051095,37970.663636961486,855
488,489,44,M,325,9,159202.92323840375,3,ESP,0,0,3,0,1,0,0,329.03323045719105,46895.145192257114,1153
489,490,25,M,733,8,181000.6340714469,1,HK,0,0,4,1,1,0,1,434.1696409629889,20435.924837621504,587
490,491,39,M,494,8,179189.2498250018,6,BE,0,1,0,1,1,0,1,71.39848471118945,148454.54707657394,3085
491,492,27,F,433,1,100925.81784335617,5,ESP,0,1,0,0,1,0,0,323.5018074458419,118153.29849247054,2465
492,493,34,F,385,8,183656.24521072564,3,ES,0,1,4,1,1,1,1,433.1812434141764,141560.59571422474,2920
493,494,44,M,615,7,47437.00014311341,5,IN,0,1,0,0,0,1,1,281.6316158133036,56248.90600326311,1523
494,495,37,F,317,7,109062.5069522753,1,NZL,0,0,3,1,1,0,1,344.2827463612391,119168.54412533104,2456
495,496,40,M,699,0,41214.54696834006,5,FIN,0,0,0,1,0,0,0,393.88875882391983,143791.55967857095,3041
496,497,60,M,407,7,30080.741953106728,5,FR,0,1,4,0,1,0,1,106.30857817008014,61087.93545926915,1265
497,498,33,M,656,8,59619.241740125275,5,IRL,0,0,2,0,1,0,0,446.40373067046175,105466.07751895748,2265
498,499,43,F,655,4,165919.37331160356,3,HKG,1,0,3,1,1,1,0,27.211041316265767,71230.61527602203,1582
499,500,22,M,423,4,156032.8305928492,3,VN,1,0,4,1,0,1,0,222.61335694229814,136018.3135060111,2819
500,501,54,F,788,5,4630.08685093167,2,GB,1,0,0,1,0,1,0,426.0331775179125,139545.5094980038,2978
501,502,44,M,343,8,13262.205481218038,6,TH,0,0,0,0,0,0,1,447.59255803447655,90992.85091815167,1900
502,503,52,F,426,3,199934.6208168074,2,CAN,1,1,4,0,1,1,0,490.4275144077681,141624.75863931509,2932
503,504,31,F,507,4,22876.965284356076,2,TH,1,1,0,1,1,0,0,386.44531589677223,39480.38710293839,687
504,505,44,F,609,5,159024.50950569168,3,DNK,1,0,1,1,1,0,0,182.64873614138736,109183.99470406097,1548
505,506,52,F,821,0,104621.30385449136,3,CHN,0,1,4,1,0,0,1,210.50191662424427,75652.6193012177,1711
506,507,38,M,346,3,169931.7820254572,4,KOR,0,1,1,0,0,0,0,63.18626212550935,82042.95747999923,1723
507,508,28,F,743,2,1461.9558569161973,5,ARE,1,1,2,1,1,0,0,140.4412075527274,113579.88696495259,835
508,509,41,M,777,3,11551.685014875557,3,FRA,0,1,4,1,0,0,1,29.43614132968449,128482.62804279319,2755
509,510,47,F,807,6,72124.28359339453,2,CZ,0,1,0,1,0,0,0,486.167311996581,71988.8108848441,1620
510,511,28,F,313,0,154803.26463850585,3,NO,0,0,1,0,1,1,0,479.29272916222277,45727.03583360437,989
511,512,65,M,370,9,186899.36383525046,2,AT,0,0,0,1,1,0,0,155.4469132281689,73230.08313617663,1552
512,513,44,F,760,7,20444.20486063514,3,FI,1,1,4,1,0,1,1,342.3679121477452,31725.171721962062,820
513,514,53,F,436,4,181178.01203079434,1,NLD,0,0,1,0,1,1,0,224.91175167694496,24957.54365462456,645
514,515,30,F,522,2,156815.25853630726,3,KZ,0,1,3,0,0,1,0,497.11056544718286,83608.22741553362,1797
515,516,51,M,670,2,68840.40228525492,2,VN,0,1,3,0,1,0,0,58.09062446408202,137312.44206348085,771
516,517,69,F,560,0,32591.82728683958,3,IN,0,1,2,1,0,1,0,207.06395306689015,25719.007315537398,1447
517,518,29,M,534,6,20531.693008395123,4,SGP,1,1,0,1,0,1,0,341.53015204860105,92831.24828310091,764
518,519,68,F,417,9,132405.272861628,4,MY,0,1,2,1,1,0,1,159.23537894370725,40249.052444949884,906
519,520,23,F,432,9,45087.50025928781,2,AUS,1,0,0,1,1,1,1,499.30278276886713,78734.144996069,1677
520,521,47,F,372,6,33517.35222721801,6,NZ,0,0,4,1,1,0,0,42.55467503960175,58569.7075006781,1260
521,522,56,M,418,2,86654.43669966263,2,NLD,0,1,3,0,1,1,0,474.30880804765394,89151.49407880609,1919
522,523,44,M,629,3,187537.11405609993,5,FRA,0,1,3,0,1,0,0,80.6061173539938,149851.04156605212,1885
523,524,40,F,392,4,86116.36729929845,4,CH,1,1,0,1,0,1,0,287.79431782029235,26345.46752243401,1592
524,525,41,F,833,0,123258.37587772634,4,CZE,1,1,1,1,0,1,1,179.5890359713926,70635.87367126229,1615
525,526,53,F,793,6,64059.202878373944,1,DNK,0,1,0,1,0,1,1,155.34891635764214,134027.32957057495,2870
526,527,26,M,726,2,133684.81225534214,4,DE,1,1,0,0,1,1,1,427.90082138319394,89392.46000249985,1963
527,528,35,F,661,4,74227.59385684822,2,SI,1,1,2,1,1,0,1,256.90986123697644,133911.27160318126,2836
528,529,28,F,592,0,70971.17572194709,4,NOR,1,0,0,1,1,0,1,95.06536365788016,95265.62993012331,1788
529,530,40,M,656,0,171865.13962546142,5,TWN,1,1,1,1,1,1,1,362.998808001414,149569.66794378083,3147
530,531,67,M,694,0,61373.7999501347,5,MO,0,0,3,1,1,1,1,389.73409108196375,97529.13993270666,983
531,532,29,F,684,1,8803.73343953107,4,VN,0,0,1,1,1,0,0,403.24182813698525,59240.19720312784,1350
532,533,36,F,844,6,155085.25909075086,2,IDN,0,1,4,0,0,1,0,71.19623508347715,114179.2010840156,2486
533,534,55,F,336,2,106459.25382009886,6,US,1,1,0,1,0,1,1,417.130014578865,126501.66210992908,2608
534,535,51,F,408,3,128452.0944096035,4,LT,1,0,4,0,0,0,0,316.1602139881171,36994.976161034734,1326
535,536,28,M,715,0,16985.5096998621,4,KR,0,0,3,0,1,1,0,304.66782230691865,20846.73697623249,591
536,537,64,F,755,7,110778.27356271243,5,FRO,1,1,4,0,0,0,1,373.3247400192425,140589.09538085212,2992
537,538,26,F,519,1,23706.444628649126,6,EE,1,1,4,0,1,1,0,172.4973971493885,116584.17115676096,2455
538,539,32,M,707,2,49241.4749904138,5,IT,0,0,0,1,1,0,1,329.01634254653897,68301.57539674413,1536
539,540,41,F,537,3,90765.90128877027,1,NL,0,1,4,1,1,1,0,206.89753575286397,103669.58205388598,1710
540,541,25,F,592,2,189846.15661909664,3,FIN,1,0,2,1,1,1,0,164.77693952451844,72581.533442538,1535
541,542,42,F,605,0,164973.42905938727,2,PL,0,1,4,1,0,1,0,168.69875217702545,123218.94454769284,2608
542,543,67,M,747,2,122614.2870901572,2,TUR,0,1,0,0,0,1,0,115.77794812559871,95111.83429180927,2082
543,544,31,M,704,9,141422.54895532774,6,SI,0,1,1,0,1,0,1,334.84352331270395,46175.49263217318,1094
544,545,54,M,300,9,141016.32591950265,4,TW,1,1,3,0,1,0,1,92.49772203534063,122295.85254987744,2515
545,546,42,M,680,1,94354.53458949359,4,IT,1,1,3,0,0,0,0,304.00569986493804,61676.26987502902,1579
546,547,47,M,398,6,143128.57836299166,3,FIN,1,0,4,0,1,1,0,355.317174457222,57509.48030876232,1245
547,548,52,F,644,3,86243.21631599827,5,FI,1,0,3,0,0,0,1,24.879772538098255,141005.5718074555,1218
548,549,29,M,547,3,62036.67925980649,5,MY,0,0,0,1,1,0,0,108.82256353569177,57914.869789114484,1454
549,550,22,F,771,4,107041.49831909868,6,ARE,1,0,2,0,0,0,0,195.92456645148752,81903.80834691333,1824
550,551,35,F,313,3,133780.00843669282,4,NL,0,1,3,1,0,0,0,204.7090121933617,89022.84849507431,1854
551,552,21,F,327,5,44107.88473450034,1,DEU,0,1,4,1,0,1,0,265.80747211784774,107912.4027250727,1552
552,553,69,F,725,1,49149.64440947651,4,MO,0,1,1,1,0,1,0,49.76827200413652,131212.90098637782,2797
553,554,56,F,619,2,148103.4741923236,5,CAN,1,1,4,1,1,1,0,319.2709715108882,25630.662782002335,664
554,555,50,M,473,1,109950.03173418123,3,IN,0,1,0,1,1,0,1,111.30700377360799,75164.82762097161,1616
555,556,63,F,490,3,199019.76928078328,5,JP,1,1,2,1,0,1,0,73.30539783063091,131285.89269201196,2741
556,557,26,M,772,4,86040.18674821581,4,VN,0,0,0,1,1,0,1,243.86025856677034,149484.85019373894,3172
557,558,30,M,440,5,106914.47286177507,4,SE,0,1,0,1,1,1,0,343.3618096210096,99767.93261201888,2099
558,559,59,F,508,9,32547.494300667924,2,NZL,0,1,1,1,1,0,1,296.1743978519803,127068.39042746279,1274
559,560,31,M,561,1,104574.04018171024,2,DNK,1,0,3,1,1,0,0,405.57405737375996,67299.29532159978,1481
560,561,51,F,734,4,20106.249109378306,2,TW,1,0,0,0,0,0,1,331.12802912089217,98456.34664391275,1133
561,562,61,F,522,2,88075.43966561687,6,GR,1,1,0,0,1,1,0,197.45156223253903,44698.26245762412,1021
562,563,53,M,847,0,56471.61297474286,1,GB,1,1,2,0,0,0,1,93.58509129590718,84675.45327832,1898
563,564,66,F,733,0,113074.4803781543,4,FI,1,1,3,0,0,1,1,234.13741579618943,30220.347623750204,783
564,565,67,M,681,6,189437.9792879112,1,BE,1,0,3,1,0,1,1,301.2043454918247,48420.43874169831,904
565,566,55,F,372,5,110423.91443554862,6,LU,0,1,3,1,1,1,0,257.0331805568981,55859.737866107185,1206
566,567,23,M,458,2,45939.90165763981,2,FI,0,0,2,0,0,0,1,310.7862319316571,71736.69415121377,1457
567,568,43,M,602,6,100039.58329632034,1,DEU,1,0,4,0,1,1,1,384.5021120202179,141417.8253961654,632
568,569,69,F,510,8,123722.75712025551,3,SK,0,0,1,0,1,0,0,106.27701700769529,132206.75544253807,2764
569,570,48,M,725,4,119180.28439576678,2,EE,1,0,2,1,1,1,1,417.5674431165352,23775.00586928368,1593
570,571,57,M,715,8,187106.0574933979,2,AUS,1,0,0,0,1,1,0,196.6252058418008,64430.467138044914,1461
571,572,42,M,822,1,75775.92530455433,4,ESP,1,1,2,1,0,0,1,45.888674826573265,38084.07516188815,962
572,573,27,F,545,4,134468.62492080327,4,SK,1,0,2,0,1,0,1,131.44587066033225,131181.36250639896,2752
573,574,43,M,554,5,104898.13632134564,6,PL,1,0,3,1,1,0,1,417.6498536848523,37644.43925894523,887
574,575,32,F,649,6,178633.46868126563,2,NZL,0,0,4,1,1,1,1,91.87049470608346,55916.02652882761,1275
575,576,41,F,409,9,105005.0944861279,6,SK,0,1,1,1,1,0,0,239.35704640451723,132172.54256749986,2739
576,577,28,M,449,9,175395.2891678565,1,DNK,0,1,4,0,1,0,0,301.8672661705982,60295.58747877291,1314
577,578,55,M,590,3,90394.87108485347,1,LT,1,0,0,0,1,0,0,159.20678549713608,130257.65159718628,2744
578,579,65,F,605,5,114365.35363242126,2,IT,1,0,2,0,0,0,1,98.36992491887428,60530.26263614501,1641
579,580,66,F,498,9,165892.6870060272,3,NO,0,0,4,0,1,1,1,170.05628977967672,102071.36534173097,708
580,581,60,M,587,4,155710.9645289806,4,IN,0,1,1,0,0,1,0,355.7010518408892,96814.5805490578,2076
581,582,66,F,572,1,99250.63655621164,3,NLD,1,0,3,1,1,0,1,491.5519946014682,119255.12442171846,1098
582,583,36,F,324,0,163511.6327086072,2,TW,0,0,0,1,0,0,1,20.5348455323543,139257.87969302747,1230
583,584,42,M,670,3,82720.29634044343,5,KOR,1,0,0,0,0,0,0,151.57586774409143,101729.36810231248,2195
584,585,51,M,379,7,131081.77858265772,6,LA,0,0,2,1,1,0,0,497.86069214932525,73248.04094093537,1555
585,586,45,M,803,3,146310.63403359448,1,FI,0,1,0,0,0,1,1,255.58906111326448,55276.81737052834,1300
586,587,56,M,596,8,24155.383464147184,6,SGP,0,1,0,1,0,1,0,128.9341697518435,106644.92438466869,2275
587,588,57,M,421,6,85690.37305492007,3,IN,0,1,1,1,0,1,1,32.58755537405815,82427.28355808301,1749
588,589,54,M,552,3,139301.55243988507,6,KOR,1,0,3,0,0,1,0,303.18478639585703,88525.54652323005,1902
589,590,19,F,712,7,69291.08918259657,2,AT,0,1,4,1,1,0,1,325.49967764748504,142628.17995894555,1764
590,591,24,M,316,7,48210.56204318057,5,NL,0,1,3,1,1,0,1,366.6954979578527,66385.83337290038,1258
591,592,46,M,569,6,117609.08681946318,4,TH,1,0,3,1,1,0,1,314.8029413665241,37166.59553103098,881
592,593,50,M,596,2,110296.64091460388,1,DEU,0,1,2,1,1,1,1,441.5894077061581,76386.74363865948,1671
593,594,43,M,346,8,130531.78757854877,6,SI,1,0,4,0,1,1,0,257.56453618222645,138777.2838910623,1377
594,595,60,M,654,7,74629.0384494437,5,NZ,1,1,3,1,1,1,0,160.2075027624994,104485.76486628434,2246
595,596,48,M,554,7,114440.73487133849,6,NLD,1,1,3,0,0,0,0,304.04046702036806,32216.217202641383,779
596,597,24,M,455,2,117424.65326462302,3,DEU,1,0,1,0,0,1,0,385.4715621090513,85949.00283833982,1827
597,598,67,F,789,0,85759.7155457148,2,VN,1,1,4,1,0,1,0,429.93859708924873,45148.88950428384,1095
598,599,63,M,515,1,176943.2548151826,1,IT,1,1,2,0,1,1,1,247.82917190235258,93902.0335811346,1922
599,600,27,M,381,5,151979.7221282841,2,DEU,1,0,0,0,0,1,0,461.71820492938014,99206.68327760875,649
600,601,18,F,835,1,61143.940947166484,3,KOR,1,1,0,0,1,1,0,136.33596227868014,80341.73622061516,1809
601,602,41,F,512,2,84687.1135224468,4,PL,1,0,2,1,1,0,1,452.36922046626825,102912.014909,2180
602,603,40,M,552,1,13382.020710690967,5,SG,0,0,3,1,0,1,0,499.6845168245701,119655.04272433912,2523
603,604,32,F,380,7,199505.8662943778,4,FR,1,0,0,1,0,0,1,214.60193400409275,114954.14930437588,1699
604,605,56,F,766,9,93785.08292018864,6,SI,0,1,1,0,0,0,1,231.8728375176361,133201.84021129046,745
605,606,24,F,317,8,113268.27459339141,6,CN,0,1,2,0,0,1,0,496.9389617016321,65303.40386922369,1381
606,607,51,F,545,8,124901.71596420472,2,IN,1,1,3,1,1,0,1,213.48549068083668,135563.5791743546,859
607,608,30,M,733,6,64764.252983042694,3,TUR,0,0,0,1,1,0,1,31.40767662647585,91219.08785599767,2000
608,609,19,F,435,3,167237.82985638815,3,ITA,0,0,3,1,1,0,1,317.70367185596757,46163.41912726572,1028
609,610,59,F,549,7,188278.104174049,1,IRL,0,1,1,1,1,0,0,257.42891351110575,40869.97367331051,1613
610,611,38,M,627,1,193153.05360620827,5,AE,0,1,4,0,0,1,0,190.7726005018501,20438.086182014355,562
611,612,62,F,369,8,146483.8191177362,5,JPN,0,1,4,1,1,0,0,27.98527349084944,74853.19683361604,1585
612,613,42,F,464,9,140637.84937115325,2,TW,0,1,3,0,1,0,0,322.7250404686416,83633.63105442701,850
613,614,42,M,779,8,61001.621308408736,5,DK,0,0,3,1,0,1,0,299.8131483718537,20028.545210757195,1030
614,615,38,F,794,8,2332.522303151796,1,KR,0,0,4,0,1,0,1,112.81854771946266,74877.21871991901,1689
615,616,27,F,599,2,192470.9233553866,2,ARE,0,1,2,1,1,1,1,301.7252493073252,52917.984040306816,1203
616,617,49,F,637,7,183792.60804317155,5,ARE,0,0,1,1,0,0,1,394.2208605233301,59054.96530305357,1334
617,618,18,F,700,9,89581.65089276606,6,TUR,0,0,3,0,0,0,1,137.79104218856438,64649.677770364935,1566
618,619,66,M,752,6,111083.09654278956,3,DNK,1,0,4,1,1,0,0,462.92859302618865,102444.07998830461,2229
619,620,68,F,503,8,36384.35416930035,4,EE,1,1,0,0,0,1,0,439.82901938185717,41582.79550556722,954
620,621,45,M,760,9,174356.25118434877,2,SI,0,1,0,0,1,1,1,181.3444408087091,114015.66906453959,2462
621,622,69,M,788,1,100133.63681522169,2,PRI,1,1,2,0,0,0,0,420.11770118865974,22548.93348705292,644
622,623,25,M,423,1,16567.95554282986,5,SG,1,1,3,1,1,1,0,248.06120544928686,62708.911649785,1356
623,624,34,M,732,4,119071.85651573198,2,NO,0,1,3,0,1,0,1,105.31238767029649,60109.0365306735,1379
624,625,52,M,357,5,2300.9661552416906,3,CN,0,1,1,1,1,0,0,121.04994869155207,148636.52967281127,1666
625,626,66,M,733,5,149787.89040125787,6,ITA,1,0,4,1,1,0,1,472.4234475335777,118704.66360964588,711
626,627,23,M,391,5,173647.2946841842,1,EE,0,1,2,1,1,1,1,132.17330407113144,67604.23182919387,1445
627,628,56,M,706,0,198579.45606169745,4,TH,1,0,1,0,1,0,1,173.84087865292028,90893.80707115187,1987
628,629,49,M,389,9,159609.6462616647,2,CZ,1,0,2,0,1,1,0,441.0419687224776,40880.11623504217,911
629,630,49,F,483,7,109579.36615642867,2,LT,1,1,2,1,0,0,1,86.21487934720656,120595.51713901898,2526
630,631,21,F,682,0,195625.5611492257,5,CAN,0,1,0,1,0,0,0,372.2568831692383,76306.18894052636,1690
631,632,22,M,483,7,27105.633305849053,2,BG,1,0,0,1,1,1,1,27.250742982671827,26428.401085758254,646
632,633,27,F,540,3,187344.29691853854,2,PRI,1,0,4,0,0,0,0,353.1814801916249,46477.07775663936,1060
633,634,30,F,322,9,143728.30207143305,2,CN,1,1,3,1,1,0,0,462.00518628198563,45375.6943976075,985
634,635,32,M,798,7,96907.99304025197,1,FIN,1,1,4,0,1,1,0,402.56891915777015,87917.00131228934,1427
635,636,49,M,686,4,60954.50040355865,3,CHN,1,1,1,0,0,0,0,466.21393960880243,37484.65004313017,917
636,637,25,F,693,5,148304.43452762283,3,EE,1,1,4,0,1,0,1,328.3637926548887,107616.68810184307,2318
637,638,56,M,554,2,68670.60791147765,1,IRL,0,0,2,1,0,0,0,383.8605624482481,47166.753639642804,1077
638,639,68,M,758,6,90047.16208360663,5,AT,1,0,0,0,0,0,1,245.44270598805753,36109.370439814455,906
639,640,43,M,772,2,25231.3945065366,1,NL,0,1,4,0,1,0,1,203.25664409598812,20903.176875761455,607
640,641,55,F,515,8,10739.28820132728,5,PRI,1,1,4,1,0,1,0,330.22601665015543,48105.39747049882,1087
641,642,26,M,579,7,34870.66828450145,5,DE,1,1,0,1,1,1,0,326.7346670494133,25598.86139630472,735
642,643,46,F,506,3,90826.44259783723,3,IT,1,0,3,0,1,0,0,197.4307607388814,62744.41914181284,1376
643,644,19,M,717,0,34069.76116913012,6,AUS,1,1,3,0,0,0,1,91.05572439914481,96938.37593294245,2111
644,645,29,M,656,2,149410.23230357625,1,AE,0,0,4,0,1,1,1,227.33897755944218,98222.49953882588,2121
645,646,40,M,454,6,47005.08233189906,2,LU,1,1,2,1,0,1,1,318.3272245922479,37880.82573592676,868
646,647,57,M,621,5,29927.391787204848,2,CZ,1,0,3,0,0,0,0,367.4726891053324,84173.82762171602,1832
647,648,45,F,324,0,171212.45177603685,1,EE,0,0,4,1,0,0,1,336.48379166530964,142426.14746374515,2922
648,649,25,M,809,7,31127.443705359714,3,CZE,0,0,4,0,1,1,1,59.05592873875884,111265.34657841575,2419
649,650,51,F,796,7,180269.7764406966,5,PL,1,0,1,1,1,0,0,391.0261308422568,130410.65369603135,2798
650,651,20,M,809,5,114801.35543493976,6,THA,0,0,0,0,1,1,1,349.37445594314255,107472.14335297818,2343
651,652,66,M,461,0,58196.28813546187,2,BE,1,1,3,1,1,0,1,316.75628337982374,68292.89684091762,1477
652,653,30,M,511,1,146673.6201782521,4,AT,0,1,4,1,1,0,0,258.6017931070809,22089.6373551345,566
653,654,64,M,386,6,76491.96299212408,3,CZ,0,0,2,1,1,1,0,494.4488543997179,149472.65547940572,974
654,655,41,M,486,4,151893.72976313953,1,SWE,0,0,4,1,0,0,0,321.4013531266582,115484.39185152412,2424
655,656,25,F,848,6,64969.458258817904,2,NZ,0,0,1,1,1,1,1,303.5679919016503,73973.35755536388,1684
656,657,36,M,409,3,167700.04978729438,1,CN,0,0,0,1,0,0,1,261.8267290842218,131544.4224310378,881
657,658,38,F,448,8,43087.75720949889,3,JP,1,0,3,0,0,1,0,22.229881600853467,104600.7476707529,2198
658,659,21,M,694,8,45090.471310081084,5,IRL,0,0,3,1,0,1,1,409.5139041962055,32486.665943179592,818
659,660,50,F,761,8,175201.03040796585,2,LA,0,0,0,0,0,0,0,279.47775499615955,90180.71071290424,1986
660,661,62,F,517,2,85261.47972542395,4,MY,1,0,4,0,1,0,1,370.308744672156,85373.52828219134,1831
661,662,52,F,546,9,37305.30535452306,3,NL,0,1,1,1,1,0,1,33.47668494002974,42439.22617152001,981
662,663,69,M,416,2,178152.08473972106,1,DEU,1,0,4,1,0,0,1,158.26470809200862,20872.875892852848,519
663,664,53,F,446,6,62582.967096999266,6,VN,0,1,0,1,0,1,0,173.33483340954777,45497.849768874876,1438
664,665,31,M,600,8,174225.20576558184,4,AUS,1,1,3,1,1,1,1,156.19199435464674,49734.73397438027,1400
665,666,30,M,585,6,81857.43317287543,2,MY,1,0,2,1,1,0,0,320.18790373831956,137819.91278961496,2894
666,667,57,F,739,1,62933.42861036104,2,HU,0,1,0,0,1,1,0,493.10461491749896,98171.48576063722,940
667,668,55,M,827,2,195368.11797986293,1,HKG,1,1,0,1,0,1,1,332.2328701506327,113511.22840809285,2469
668,669,66,F,613,3,156524.1591771262,2,LT,1,0,1,1,1,0,0,137.85044547377365,102643.35892642508,2199
669,670,55,M,412,3,134940.6848603842,4,EE,1,1,3,0,0,1,0,318.99891176515575,71045.13446591425,1520
670,671,68,M,621,9,34230.05113854798,5,BG,1,1,1,1,1,0,1,215.92137107071116,37179.12585901309,895
671,672,46,M,771,1,183854.788044689,6,DEU,0,0,2,1,0,1,0,192.4020461371307,78466.2580101756,1443
672,673,27,F,766,4,117458.40971666005,2,BE,0,0,3,1,1,1,0,204.7998918102963,50031.93933042729,1186
673,674,48,F,314,1,191251.8234642737,6,HK,0,1,0,1,0,1,0,26.72188298722471,21884.6302726889,514
674,675,48,F,806,8,106820.00573405494,4,EST,0,1,0,0,1,1,0,122.78055651568602,53503.29080064178,1266
675,676,37,F,396,4,67710.20734704394,5,HUN,1,0,0,0,0,1,1,76.93173082573759,76178.13763026669,1618
676,677,57,F,386,5,22828.593600608183,6,HUN,1,0,1,1,1,1,0,109.68420738587835,36258.72129923609,818
677,678,65,M,748,7,194411.49252355777,5,JP,1,1,2,0,1,0,0,346.91694711355865,113226.71574878089,835
678,679,55,F,487,3,68709.60688744191,5,FIN,1,1,1,1,1,0,0,188.91679085152626,96627.47617229423,2049
679,680,18,F,714,3,180562.1980755592,3,SG,1,0,4,0,0,0,1,139.68940803572468,44852.49226176228,1941
680,681,49,F,577,4,153469.2046409478,3,IDN,1,1,0,0,1,0,0,180.10401168333368,112199.99551703564,1604
681,682,36,M,725,3,148945.6471298022,3,FIN,0,1,1,0,0,0,1,303.1132316200802,134673.99212941577,2866
682,683,24,M,438,5,93697.02545697676,6,DEU,0,0,3,1,1,1,1,481.7891848960736,26834.82773756842,642
683,684,25,F,529,9,129084.34336727657,5,AT,0,0,0,0,0,1,0,288.3740512353977,134486.17952845848,2814
684,685,47,M,474,1,103757.52223740604,2,CH,1,0,1,1,0,1,0,309.59454773362535,51903.09454004021,1152
685,686,57,F,617,7,170798.8507468675,3,TH,1,1,3,0,1,1,0,137.5460640291896,130982.60966306612,2766
686,687,48,M,837,4,97679.43811503501,6,LT,0,1,4,0,0,0,0,365.8048269702308,40081.92821134893,715
687,688,41,M,568,4,130779.64597492896,1,ID,1,1,3,0,0,1,0,130.59764511861707,77594.5145951088,1689
688,689,19,M,709,2,56789.6940107441,6,AU,0,0,2,0,0,0,1,242.1248780681754,88854.1901343979,1947
689,690,18,M,821,5,86647.08722180396,6,CH,1,0,0,1,1,0,1,418.9663516208412,38450.59334607875,968
690,691,58,M,618,0,119177.79671523934,3,FR,0,1,2,1,1,0,1,241.0632165254753,123229.34261520646,2611
691,692,34,M,575,0,180803.91295143755,1,ESP,0,1,3,1,0,1,1,130.5461260863655,76582.09806914532,1670
692,693,29,F,650,6,18652.555691047866,1,JPN,0,1,4,1,1,0,0,87.80406452819592,138757.36476173942,2929
693,694,69,M,728,1,40687.76772579628,4,EST,1,1,1,0,1,0,1,316.5116886398758,134937.69937551254,2872
694,695,47,F,348,5,155429.9606553754,2,FR,1,1,0,0,0,1,0,421.0321125953782,58944.725244676425,1779
695,696,41,F,453,3,67099.87437407716,1,NZL,1,1,4,1,1,0,1,57.652235929139515,54637.52351294545,796
696,697,27,F,662,5,147129.17897279788,1,FRA,1,0,0,0,0,0,0,239.13958062206012,111125.43308868087,918
697,698,39,M,652,1,89858.75361842672,3,CYP,0,0,2,1,0,1,0,202.12652736703805,130107.86924767963,1714
698,699,49,M,315,7,139217.4200702014,2,US,0,1,1,0,0,1,1,346.1049019697643,26611.687765535844,925
699,700,39,F,626,9,4352.86026432049,1,NZL,1,1,4,1,1,0,0,455.611214091735,55265.91341092144,1257
700,701,62,M,625,5,66998.99771052622,3,DNK,1,0,1,0,1,1,0,383.05273586588453,60652.441406926795,1571
701,702,32,M,629,6,69079.65470026074,4,ES,0,0,4,0,0,1,0,393.3164999658605,32602.353697456005,804
702,703,57,M,792,7,18788.91245307317,2,JPN,1,1,3,1,0,1,0,238.24466868578352,36648.72063220193,926
703,704,65,M,718,2,612.3882862310915,3,PRI,1,1,0,1,1,1,1,30.270376489061608,108632.51260290245,1043
704,705,52,M,836,2,191776.48326880913,1,GB,0,1,0,1,1,0,0,23.516784402708613,113018.67589749001,2461
705,706,37,F,370,1,125172.010489683,4,EST,0,0,0,0,1,0,1,145.03752428954675,38761.457279788694,864
706,707,32,M,682,3,149978.96095660987,4,FIN,1,1,3,1,1,0,0,183.056233335782,126151.8624719641,2686
707,708,40,F,772,4,51177.27728860115,5,FR,1,0,4,0,0,0,0,197.21032499537364,90985.9653645265,2005
708,709,41,M,339,7,40637.65618497701,3,SG,0,0,4,0,0,1,0,312.8294685905656,122917.06188525897,823
709,710,41,M,333,9,68737.24054705421,6,SK,0,0,0,1,1,1,1,335.0680421241824,68425.00399796106,924
710,711,69,F,764,3,186240.05789587062,6,ESP,1,0,0,0,1,0,1,330.78373252553536,70324.4413147983,1591
711,712,54,F,641,3,7228.721731218868,4,GBR,0,1,2,1,0,1,0,326.9176815454084,98113.16267483373,2116
712,713,44,M,541,6,187395.75918310974,3,HU,1,0,2,0,0,1,1,100.58994947161581,27861.658352544826,689
713,714,25,M,715,0,187295.63811289935,1,NO,0,0,0,1,1,0,1,166.58294550411532,34228.85511434629,858
714,715,44,M,607,0,28669.28958718935,6,CH,1,1,1,1,1,0,1,273.82823569576635,130368.57133754631,2752
715,716,27,M,747,4,51746.58887616956,4,SGP,1,1,4,1,0,0,0,275.2765653772504,116675.87742596869,2513
716,717,39,F,745,6,2194.3385032653805,5,MEX,0,0,2,0,0,1,1,388.4391009427639,80612.87122288893,606
717,718,37,M,836,0,89077.7230469758,4,GBR,1,0,2,1,0,1,1,194.687649466245,52568.79678706888,1254
718,719,61,F,735,1,108058.4470131021,2,FR,1,1,1,0,1,0,0,456.0701208205451,29100.132283718667,762
719,720,51,M,436,3,132658.03698959062,3,LA,0,1,4,0,1,0,0,58.89142379623445,61244.21806273689,917
720,721,49,F,829,8,85132.47525525534,4,MY,1,1,1,0,0,0,0,188.48692365157493,62523.66040745828,1452
721,722,36,M,374,0,197849.95917172573,4,SE,0,0,0,1,0,0,1,86.68489297765879,135812.55064047006,2802
722,723,69,F,490,3,104782.10454360637,1,PL,1,0,0,1,0,1,1,436.19690006217473,53369.09595866206,1185
723,724,52,F,630,4,131636.5949866093,1,LU,1,0,1,1,0,0,0,48.62325401088029,86584.92178217096,1883
724,725,54,M,532,0,154079.0356552149,5,CZ,1,1,1,0,1,0,1,226.9791024075253,90065.09806319748,1929
725,726,25,M,455,7,153290.71675823157,2,MEX,1,0,0,0,1,0,0,117.53545212314958,112477.36268992558,1414
726,727,58,F,344,9,50290.57099470342,3,CHN,0,1,3,0,1,1,1,84.71301432676276,117587.26049734313,955
727,728,23,M,466,2,158667.78069426995,5,ID,0,1,2,1,1,1,0,411.70043775031013,27707.799748123583,1066
728,729,26,M,664,2,81663.296248331,1,MY,1,0,0,1,0,0,1,444.52835159769074,32021.995678445695,802
729,730,60,M,314,0,74090.10272697522,4,LT,0,1,1,1,0,1,1,393.06030269596874,54190.08593410107,1159
730,731,53,F,614,1,122447.12648916432,2,HUN,0,1,3,0,1,0,0,107.01591289725275,102900.89438842073,2205
731,732,24,F,311,4,77170.98867556368,1,DE,1,0,4,1,1,0,1,492.75699936901407,50056.16587035606,1075
732,733,35,F,784,1,148355.85199905548,2,PL,0,0,1,1,0,1,1,73.99442746169206,43152.09411236081,1419
733,734,56,F,452,9,179612.74889123038,5,SG,0,1,4,1,1,1,0,63.04283659980625,47042.051183310716,908
734,735,66,F,621,0,127733.97480962805,1,IT,1,0,1,0,0,0,1,137.52517817879328,37140.15383838341,974
735,736,48,M,800,2,73078.13251879183,6,CN,1,0,3,1,0,1,1,407.5725778046466,29087.030094068563,776
736,737,65,F,740,4,22754.688999259764,2,USA,1,0,4,0,0,1,1,220.50367534562812,72931.7684824774,1637
737,738,69,F,847,5,168.70895400420414,2,CYP,1,0,1,1,1,0,1,357.3697071833694,132492.92330984335,2852
738,739,22,M,333,4,1801.649653911741,5,NO,0,0,3,1,1,1,1,235.4740400402535,47094.111433432365,1021
739,740,61,F,323,1,171366.1951297721,4,IE,1,0,1,0,1,0,1,99.44602567814673,124451.24904768508,2563
740,741,45,M,765,8,110230.70063088833,2,SWE,0,1,2,0,0,1,0,427.99932132813734,45789.43848708773,622
741,742,47,M,372,4,27874.37273211615,3,EST,1,0,1,1,1,0,1,177.9127310301502,140075.54589650736,1507
742,743,56,M,314,3,123328.03412756899,2,MEX,0,0,0,0,0,0,0,402.6187791480359,77494.73334046468,1623
743,744,33,F,528,6,193687.4078973687,2,CZE,0,0,0,1,0,0,1,122.42452163695647,95457.90858272307,1713
744,745,66,F,443,9,94962.08576086906,4,THA,1,1,0,0,1,1,0,329.7758304031966,137436.5729525003,2853
745,746,59,M,506,2,160695.55457083185,6,SK,0,0,1,0,0,1,1,302.2674856320239,132941.08457513805,2777
746,747,39,F,512,5,57095.72245804095,5,LU,1,0,2,0,1,1,0,119.03665912238701,79900.00869552346,641
747,748,35,M,827,9,60429.130486363225,1,MEX,0,0,4,1,1,0,0,485.5424476628219,85383.47674610814,1906
748,749,40,F,526,0,55327.48860379351,6,HK,0,0,4,1,1,1,1,231.17366510416156,104918.54304810282,2223
749,750,34,F,573,2,93102.88550606575,6,CHN,0,1,1,1,0,1,0,401.7814575897719,123646.15910571025,2609
750,751,26,M,368,6,105350.77425557555,5,LT,1,0,0,0,1,0,1,125.06275113247945,94910.09287950357,1985
751,752,49,F,685,5,193328.06219412413,6,CHN,1,0,3,1,0,1,0,406.41794472281265,37734.14112739516,921
752,753,41,M,740,2,90976.19459620536,4,TW,0,1,2,1,1,0,1,312.79684028438453,146619.37242241192,3108
753,754,32,M,388,7,160989.43436914845,6,GB,0,0,3,0,0,0,0,94.41794742404177,114694.03081532093,2384
754,755,42,F,563,5,77017.04187489586,4,ITA,1,0,3,0,0,1,0,381.9487671122191,146479.2938548313,1717
755,756,40,M,441,2,116092.59311664577,3,IT,1,1,3,1,0,1,1,52.84402566216491,48425.19733941331,1075
756,757,56,M,640,6,20266.352446733137,1,NL,0,0,2,0,0,1,0,28.54597992187175,137613.04488895886,2903
757,758,57,M,689,8,86999.46616980592,6,NZL,1,0,3,0,1,1,0,345.7615721070147,48105.06990377844,1921
758,759,68,M,494,2,130537.36741349846,6,AT,0,0,0,0,0,1,1,246.06965547497668,109726.90080050721,1892
759,760,38,F,626,0,110481.02537569102,2,ESP,0,1,0,1,0,1,0,52.020411891380434,87368.41557439565,1898
760,761,56,F,444,4,13224.648075961264,2,GEO,1,1,3,0,0,0,0,101.33911702620583,37446.85756945833,857
761,762,68,F,459,8,19915.534171396775,2,GEO,0,1,1,0,0,1,1,329.00246795810347,59814.69195051354,835
762,763,68,M,345,7,17874.525078309445,6,BE,1,1,4,1,1,0,0,290.03878049088,77348.07606111359,1629
763,764,55,F,305,2,183349.9475191462,1,DE,1,1,0,1,0,0,0,104.80472552485098,99078.47314839206,2053
764,765,51,M,772,3,178542.9033826003,5,FR,1,1,4,1,0,1,1,175.98897359232612,149396.59675252344,3172
765,766,24,F,788,3,154901.75234140578,5,KOR,0,1,0,1,1,1,0,60.07986627781005,96753.06493236359,728
766,767,51,M,718,1,142142.40539485536,3,NO,0,0,3,1,1,0,1,89.15531386818802,108869.51882693468,2349
767,768,39,M,337,8,136267.42020883935,1,LU,0,1,0,1,1,1,1,74.517873991921,55135.167503269935,1183
768,769,56,F,656,3,64398.485693408824,6,IE,1,0,1,0,0,1,1,395.27467533837114,86905.51231986031,1049
769,770,54,M,485,1,197599.53926822662,3,AU,0,1,2,0,1,0,1,348.8322707269621,106388.10603646387,2243
770,771,27,M,848,2,72454.48427159173,3,NO,0,0,4,0,1,0,0,398.5555687027426,145394.52459664835,3109
771,772,69,M,304,8,58058.47832869229,2,CH,0,1,0,1,1,1,1,372.37717356145555,64967.92155084831,663
772,773,49,M,723,2,191062.81274866784,1,PL,1,1,0,0,0,1,0,439.43706448264146,84447.46022070819,1863
773,774,23,F,506,3,67231.33610374526,5,IT,0,1,0,1,0,1,0,138.19463156370742,142749.23608398426,2973
774,775,26,F,699,0,102187.78493443612,1,JP,0,1,3,1,0,1,0,482.3559231303792,35715.722946375674,884
775,776,19,M,362,9,76828.2342229284,2,LU,1,0,2,1,0,1,1,171.39211128845037,42799.03655854106,943
776,777,50,F,584,4,18973.42044590351,5,AUS,0,0,4,1,0,1,0,244.62624834042626,23122.38718510317,1274
777,778,47,F,628,8,102805.58829034367,4,NZ,0,1,2,1,0,0,0,161.53411119704796,117838.03509421065,645
778,779,21,F,796,8,16103.470846832568,6,SE,0,0,2,0,0,1,1,226.12183488862797,136624.801153772,1635
779,780,21,F,497,6,105458.99619109178,4,CY,1,0,2,0,1,0,0,452.471921103727,149135.67225801747,957
780,781,60,M,582,1,32049.087819023116,1,LU,0,0,1,0,0,1,1,46.35537618208289,64381.44129772694,1427
781,782,51,M,495,7,31749.63985327297,4,IE,0,1,0,1,0,1,0,77.45820874698138,46517.232955811545,1050
782,783,51,M,827,5,137298.48995970198,5,KOR,0,0,3,1,1,0,1,105.51938500957135,39737.74260188939,995
783,784,23,M,585,8,112672.0552436703,2,LT,0,0,0,0,1,1,0,201.68660514979518,54615.08393863812,1233
784,785,25,F,720,7,43279.78775888184,6,LT,1,1,0,1,0,0,0,409.42637957452473,131367.56871923784,2799
785,786,45,F,494,8,117570.51703108728,2,TUR,1,1,0,1,0,0,0,384.62026700537604,140269.66307224665,2922
786,787,24,M,343,1,46201.23912539782,6,ES,1,1,3,0,1,1,0,168.7932491475593,27370.91494798401,945
787,788,46,F,725,0,154084.83830160197,5,TH,1,1,3,1,1,0,0,352.24490260101567,92447.64553993501,629
788,789,62,F,554,2,24738.9160136255,6,FIN,0,1,0,0,1,0,0,200.29321174256768,141260.90941122198,1746
789,790,67,F,574,6,191828.3111236406,4,SWE,0,1,0,1,0,0,0,85.11259069036582,26452.71259359391,669
790,791,54,F,773,1,165024.24761168985,6,DNK,0,1,2,1,0,0,1,172.52044018502912,63609.85881876836,1459
791,792,19,F,563,8,36401.07899642353,4,CZ,0,1,4,0,0,1,0,306.01878464337165,70977.02042825604,1555
792,793,53,M,337,8,172482.83710372626,6,AUS,1,1,0,1,1,0,1,81.28581160867832,142221.41067580416,2922
793,794,50,F,546,8,112844.75722529026,6,IDN,0,0,2,0,1,1,1,385.3955364581976,84573.60219527534,1821
794,795,62,M,696,9,31887.989765129943,4,NOR,1,0,4,1,0,1,0,474.33227860784666,61925.16416529635,1406
795,796,35,M,737,3,12982.597694284803,3,TUR,1,1,4,1,1,0,1,462.74299996328654,44798.648609016025,652
796,797,61,F,390,1,45468.59838950783,4,CZE,0,0,2,0,1,1,1,419.1794188531541,52947.33903395314,1152
797,798,49,F,551,3,52406.83600428941,2,HU,0,1,2,0,0,1,1,39.27757286135815,58252.29550367974,1298
798,799,53,F,366,7,179791.25499757682,5,SGP,1,0,1,1,0,1,1,299.2891585883775,137287.71831993462,2830
799,800,32,F,530,6,27363.788321397875,3,ESP,0,1,4,0,0,0,0,329.472306241775,134794.14254554425,2821
800,801,21,F,668,4,182556.5975094837,5,MY,1,1,0,0,0,0,1,396.2449671605053,69072.59069253277,1543
801,802,55,F,746,6,179146.06229470138,2,USA,0,0,4,1,1,1,1,199.19791802462586,73822.00556561092,1656
802,803,68,F,574,4,28138.200766865884,1,AT,1,0,2,1,0,0,1,395.16314637530274,35351.87920335276,1204
803,804,63,F,754,8,106239.62517706689,6,ITA,1,0,3,0,1,1,0,382.669155609573,100454.26083360125,2190
804,805,37,F,464,8,13596.008082120115,1,MEX,0,1,2,1,1,0,0,290.09176623149784,63893.39097900459,632
805,806,69,F,409,1,150669.01334330227,6,NL,0,0,3,0,0,1,1,236.15148866529654,129261.96714935696,2680
806,807,21,F,583,9,99039.016752805,5,BG,0,0,2,0,0,1,0,265.67504322369734,57988.973389657454,1300
807,808,33,F,328,7,146738.13353897358,6,SK,0,0,1,1,1,1,0,411.30333008066543,49941.268769451955,1077
808,809,49,M,326,3,132430.44606812796,5,MEX,0,1,1,1,1,0,1,489.6807628285683,118916.01417039496,2454
809,810,36,F,667,3,154323.92737883088,4,AU,1,0,1,0,0,0,1,479.94720097802195,135469.35521181332,2867
810,811,26,M,815,5,176397.8233774823,5,CH,1,1,2,0,1,0,1,497.19909313238054,123250.8112280732,2660
811,812,33,M,847,6,68451.51525414128,4,LA,1,1,0,1,1,0,0,276.43912923631433,67412.50575418166,1554
812,813,65,M,324,9,22028.443965306964,2,CZ,1,0,4,1,0,0,1,219.03839971743326,143267.48054754903,2939
813,814,28,M,465,2,90230.21237298257,1,ARE,0,0,2,0,1,0,0,322.40231558217056,97078.65327637632,2051
814,815,68,F,466,8,171875.9341610263,6,NZ,0,0,2,0,1,1,0,181.18528936548967,126616.42533557549,2641
815,816,33,F,568,1,61488.77559639021,3,GEO,0,1,0,1,0,1,0,24.517682731792743,26591.110380600883,670
816,817,52,F,832,8,155065.4556451348,3,LT,0,1,4,0,0,0,1,433.3611916062553,25272.09504800345,708
817,818,33,M,694,2,36338.71965684328,4,SWE,0,1,3,1,0,0,1,40.32206881736046,84084.08703631887,1849
818,819,26,M,363,3,103194.10605263113,3,TH,0,1,1,1,1,1,0,394.2355480146979,143539.37994507252,2954
819,820,59,M,669,8,79877.68615763551,3,VN,0,1,4,1,0,0,1,281.7018061055735,65823.20989593351,1965
820,821,48,F,546,8,116924.67031858016,6,NLD,1,0,2,0,1,0,1,255.2406593251931,125077.46304685152,2630
821,822,32,M,444,3,80792.39738483199,3,US,0,1,0,0,1,0,0,36.835067197656514,83170.99191385848,778
822,823,55,F,541,0,171374.6972841853,5,TWN,1,0,3,1,0,0,0,370.3513882138988,105583.44728788259,2240
823,824,21,M,469,6,7321.998084297299,4,MY,1,1,0,0,0,0,0,488.79455308331967,103244.53232876532,2176
824,825,20,M,723,4,47391.63125830794,3,LU,1,1,3,0,1,1,0,143.61311652157212,117848.98644434835,2530
825,826,59,M,493,0,189852.46212900523,1,MO,0,0,3,1,0,0,1,129.13700975050943,99443.89068033929,2105
826,827,65,F,571,8,72330.00644804706,1,DE,0,1,1,1,0,1,1,488.5440393805938,138175.1117693697,1575
827,828,46,M,735,8,76938.32683253915,6,MY,0,1,1,0,1,1,0,391.3903252085122,45036.17695782474,1079
828,829,50,M,332,4,60206.48588237076,2,MO,0,0,1,0,0,1,1,132.0361916567564,110830.0706601049,2293
829,830,63,F,836,3,129118.25413052442,5,PRI,0,0,1,0,1,1,1,345.48889969183955,92547.77042355652,1141
830,831,19,M,636,2,54702.52745693643,2,ITA,0,0,2,0,1,0,0,209.38034667478018,143622.78408718243,3022
831,832,47,F,589,1,40575.73835287685,6,SE,1,0,2,1,0,0,1,417.5449218253058,53458.163996273215,684
832,833,47,F,820,3,102470.44004479171,5,ARE,0,0,3,1,0,1,0,212.5584001278164,134660.15769401682,1263
833,834,20,M,760,0,15018.54470112347,1,HU,1,0,2,1,0,0,1,157.0669249601327,72807.17306835548,912
834,835,68,F,730,6,137312.7865774749,4,AE,0,0,1,1,0,1,0,134.3686803389689,128609.77190116447,2745
835,836,42,F,554,9,118761.14854415636,4,NOR,1,1,3,0,1,0,1,20.32675275667236,45989.87482749336,1054
836,837,68,M,426,6,197140.9893446124,2,IE,0,0,3,1,1,1,1,72.54608631693955,68663.7335396568,1475
837,838,32,M,611,9,180096.60536978842,4,LA,0,1,0,0,0,0,1,205.63620320980732,102505.74266616121,2196
838,839,25,M,546,3,57024.902012272105,3,SE,0,1,2,0,1,0,0,212.82276211021986,92723.34732739115,1910
839,840,36,F,519,5,93135.84520904197,6,LT,1,1,4,0,0,1,1,344.105449545206,85521.96805744775,1695
840,841,20,M,531,6,134701.44694606186,4,CH,0,1,2,0,0,0,1,380.92142509543345,140981.72271546558,2944
841,842,54,F,594,7,62488.51074257769,5,IRL,0,0,0,1,0,0,0,264.506334672253,141762.7654068044,1071
842,843,64,F,628,2,117098.26040481926,2,SG,0,1,3,0,1,0,0,470.2700388799103,72228.86737371763,1596
843,844,66,F,611,6,167244.2866099813,3,KZ,0,0,2,0,0,0,0,315.75414912881644,117163.7494722598,2488
844,845,25,M,590,4,158503.59326333166,3,IN,1,0,1,1,0,1,1,324.49659485949735,20547.393611460127,555
845,846,63,F,633,2,28763.421695768244,2,IT,0,1,1,0,0,1,1,324.27355227642624,131292.79783059767,2776
846,847,43,M,389,4,189984.59107082657,4,PL,0,0,1,1,1,1,1,188.35225168626016,118745.71196415862,1186
847,848,28,F,427,2,1334.6104256707126,5,AE,0,1,3,0,1,0,0,465.6127956866508,107914.73125937936,2259
848,849,29,F,821,9,92128.09790468383,3,NLD,0,0,4,1,0,1,1,220.186065755741,86757.40756948349,1932
849,850,69,F,731,6,99384.75141711276,6,TH,0,0,1,1,1,0,0,163.30384194673042,102702.25537354875,2229
850,851,36,M,683,3,7009.177483366336,2,AU,1,1,4,1,1,0,0,132.91408880414915,137352.20272788877,2910
851,852,54,F,727,8,105324.81368985887,3,SE,1,1,3,0,0,1,1,45.25879942178754,142730.0562003114,3028
852,853,63,F,397,4,148914.44524193168,3,TH,0,0,3,0,1,1,0,91.96100248528435,39054.4385950962,1994
853,854,65,M,687,1,41924.334409452225,4,LA,0,0,0,0,1,0,1,429.7716516535451,57280.76843368415,782
854,855,31,F,538,5,136655.30703977452,3,TW,1,1,1,0,1,1,0,406.7014863588592,71594.68726003874,1514
855,856,58,F,552,1,70723.09779013078,1,TWN,0,1,0,1,1,0,1,167.06264987196215,148669.62727357104,3103
856,857,56,M,804,2,110439.45201433214,3,AUS,1,1,0,0,1,0,1,124.55380101896665,118187.28402475879,2557
857,858,43,F,456,7,33088.31629915439,2,JPN,0,0,4,1,1,0,0,27.024445186470487,41447.739363519555,939
858,859,53,F,538,5,157404.33673184388,5,IN,1,0,3,0,1,1,1,122.23470475132152,122441.10669077367,2576
859,860,53,F,487,7,125044.07087642874,5,JPN,0,1,1,1,1,1,0,451.3227408012981,25527.016200305625,629
860,861,66,F,719,8,119065.57876912665,2,EE,0,0,3,1,1,0,0,82.5295429941728,38883.553311755226,952
861,862,33,M,700,6,101472.40078442427,5,AE,1,1,0,1,1,1,0,23.943425891328296,63426.74585839904,1438
862,863,24,M,821,5,4772.138376625468,2,ID,0,1,2,1,1,0,1,203.72032408121333,40822.610890219046,1016
863,864,26,M,397,5,171391.10909513192,4,AU,1,0,1,0,0,0,1,138.76708268517044,56763.988493562145,1230
864,865,21,M,365,0,6499.993354031574,6,DEU,0,1,3,1,0,0,0,63.536011906670105,139712.84340899126,2879
865,866,21,M,430,3,188755.34254423165,1,IDN,1,0,3,1,1,1,0,192.61532163902802,82436.99295539959,681
866,867,47,F,452,9,18337.52779544282,4,ID,0,0,2,0,0,0,0,86.50958509143496,28103.41698170805,671
867,868,47,F,426,3,136147.2568021075,4,TH,0,1,2,0,1,0,1,359.4534632858028,126517.95382819517,2630
868,869,31,M,648,7,11396.223260455063,3,ID,1,0,1,0,1,1,1,410.411425783958,93013.15601248399,1274
869,870,57,F,848,6,70737.81788664802,6,LA,0,1,1,1,1,0,0,153.42166366735069,143802.19267188647,3078
870,871,22,F,325,3,45416.908681115674,5,DK,1,1,1,0,0,0,0,496.5685108859409,27626.307187181064,632
871,872,38,M,691,2,136348.53891711755,4,FI,1,0,4,1,0,0,1,492.48747653223637,39979.07568666777,967
872,873,58,M,552,0,105109.62210458396,1,AU,1,0,4,0,0,1,1,383.2376427275341,87123.10112755504,1874
873,874,22,F,705,9,28820.528316423588,2,NOR,0,0,0,0,0,1,1,90.10559518571154,128305.93387728282,2733
874,875,37,M,843,8,88775.45641366285,1,NL,1,0,3,0,0,1,1,392.0816938648757,52516.135557998845,703
875,876,47,F,615,5,108715.40500888693,5,HUN,0,1,1,1,1,1,1,447.22886901469224,35538.26448596248,860
876,877,53,M,719,1,123787.50293819275,6,IN,0,0,4,1,1,0,1,88.78612962747206,139089.6289350402,1469
877,878,54,M,798,2,163324.15759324832,3,FIN,0,1,1,0,0,0,1,351.40549767304907,23533.707340003242,665
878,879,21,M,696,0,156086.43978563277,4,NZL,0,1,3,1,0,1,0,287.1948664253755,107466.90053352612,1180
879,880,66,M,752,2,87435.58911627207,1,JP,1,0,4,1,1,0,0,147.11961722272662,60361.01791946942,1389
880,881,33,M,528,9,194501.21995272252,5,DK,1,0,3,1,0,0,0,221.54585593057217,35280.142394137874,834
881,882,47,M,748,4,136069.87270028668,4,PRI,1,0,4,1,1,0,1,38.28188062374213,33171.93790932653,1267
882,883,42,M,747,4,7687.172126340869,3,FRA,1,0,1,0,1,0,1,290.19834309131454,108743.92157059882,2354
883,884,29,M,666,2,22465.558085050176,2,BE,1,0,1,1,1,1,0,497.4556168551762,76737.670084737,1306
884,885,61,F,458,5,147303.92626522653,3,TUR,0,0,3,1,0,0,1,439.9021122876555,86669.3957652304,1655
885,886,68,F,370,1,199572.44840167684,6,HKG,1,1,0,1,0,1,1,36.33723891331174,102657.77283005808,2141
886,887,20,M,819,9,77398.64697006684,1,ES,0,0,4,0,0,0,1,37.97433190923613,54698.477929899374,646
887,888,26,M,556,6,97278.49413171649,6,HUN,0,0,4,1,1,0,0,207.51966719054718,29718.22832259802,729
888,889,47,F,799,9,68237.95860022839,5,SWE,1,1,4,0,0,1,1,218.17682198325454,55764.626743794615,1310
889,890,18,F,649,1,130306.92570803539,2,MEX,0,0,1,0,1,1,0,276.16870877391125,40271.32679293891,1783
890,891,55,M,485,9,26776.683369972186,3,GR,0,1,3,0,1,1,1,169.83333833752147,79911.2275732001,633
891,892,53,F,379,3,173399.9352393751,1,NZ,1,1,1,0,1,0,0,164.42083634381214,80885.51180704034,1708
892,893,26,F,325,2,150694.54611347607,3,USA,0,1,4,0,0,0,1,54.169270409471295,49127.543709280755,1061
893,894,19,M,464,4,109214.49854999672,3,NO,1,0,2,0,0,0,1,283.73750191365104,22249.3929597699,1138
894,895,48,F,376,0,99711.21697713037,3,FR,0,0,4,1,0,0,0,37.391456411378684,21204.770780135033,515
895,896,51,M,821,3,157822.7986822635,1,JP,1,0,0,1,0,1,0,87.51082414698757,101706.75534593908,2231
896,897,67,M,844,6,55380.79029114458,5,GEO,1,0,4,1,0,1,1,303.4126873195649,20209.55760979981,1134
897,898,51,M,379,7,133139.13515432485,3,IDN,0,1,4,0,1,1,0,201.29929661595958,124940.37289144611,2587
898,899,57,M,430,3,19162.99856057173,6,EST,0,1,2,0,1,0,0,377.22485718310566,57845.22586599171,1260
899,900,23,F,643,0,182191.82438018837,2,KOR,0,0,3,0,1,1,1,233.237646086562,119698.62233887383,2546
900,901,65,F,778,5,54354.515312578136,2,PRI,1,0,3,0,1,1,1,229.46573161389122,39383.99321843654,976
901,902,21,M,637,2,134969.77312473612,6,CN,1,0,2,0,1,1,1,72.75390860892142,23531.903050346566,626
902,903,67,M,559,4,100193.23247053316,5,TW,1,0,1,0,0,0,0,88.38298807307976,21253.459138789825,955
903,904,43,M,448,6,15962.619951767087,3,LU,0,1,1,0,0,1,0,333.0447250615497,95076.51497061565,2008
904,905,63,F,548,8,150042.92426971745,4,MEX,1,1,0,0,1,1,1,257.2820371834645,20753.204734028128,549
905,906,35,F,464,2,111404.43381584846,4,TWN,0,1,4,0,1,1,0,291.0216642799783,113514.55736877922,1668
906,907,40,F,394,3,149348.73045076456,6,FRA,1,1,1,1,0,0,1,424.59158738743275,30039.99858081412,1969
907,908,33,M,640,3,154995.88067325982,3,EST,1,0,2,1,0,0,1,474.18693621403406,76927.58845836893,1692
908,909,36,M,760,0,104308.31257577371,1,IDN,1,1,1,0,1,1,1,150.3798199238063,129537.74998184634,2773
909,910,39,F,534,8,36749.535148975745,6,USA,0,0,1,0,1,1,1,350.0018868922247,133551.0965364499,2796
910,911,64,M,827,2,96855.7798322218,4,GR,1,0,0,1,1,1,0,106.64777002062515,71429.72223118151,1628
911,912,62,M,378,4,18386.476271374908,5,JP,1,0,4,1,0,1,0,307.90205853101173,26178.984062389296,1568
912,913,48,M,350,4,144126.78674452167,6,IDN,0,0,4,1,0,0,0,330.82536717229686,74314.60452154226,1225
913,914,28,F,386,3,40608.27198240693,4,AUS,0,0,2,0,0,0,1,36.97079808131507,95707.18571607512,1849
914,915,40,M,333,8,80579.66323693926,3,SGP,1,0,4,0,0,0,1,433.85414860469615,72046.18126912837,1013
915,916,37,M,705,5,88519.8744217191,6,GEO,0,1,0,0,0,1,0,89.54119283486959,137586.71992342023,1088
916,917,37,M,501,8,155349.37855734822,3,USA,1,0,1,1,1,1,0,458.06056609149914,35396.87422121984,829
917,918,19,F,757,2,92170.65800391923,5,ES,0,1,3,0,1,1,0,383.97461689302145,123084.02026748341,2642
918,919,37,F,390,9,68709.91980038883,1,FR,1,0,4,0,1,0,0,465.452865883047,129739.30743208902,661
919,920,56,F,517,8,94400.88165888614,3,JP,0,1,3,0,0,1,0,100.19034244448206,121129.23572613756,2545
920,921,35,F,538,0,47558.85040948944,1,CYP,1,0,4,1,1,0,1,274.34602645465935,22438.672072064168,580
921,922,26,F,841,6,167644.3530894065,2,SG,0,1,1,1,1,0,0,86.47284761886894,82585.3002346039,1855
922,923,22,M,811,1,88546.92557003011,5,FR,1,1,0,1,0,1,0,320.5361972472541,116773.84275705613,2530
923,924,36,M,448,8,41933.686073613964,5,DEU,1,1,3,1,1,1,1,280.3810919181635,116958.3277076213,2445
924,925,48,F,372,0,177793.09249231522,4,HU,1,1,2,1,0,1,0,371.7627411784423,146280.8907870434,3012
925,926,49,M,847,2,28532.310622640987,2,FI,1,1,4,1,0,1,0,440.1576486477245,84099.67386551615,1940
926,927,40,M,433,1,24826.530195857387,6,SGP,0,0,2,0,1,0,1,201.1633179133319,77289.17784025968,1648
927,928,18,F,375,1,176508.93857848432,6,NO,1,0,2,0,1,0,1,41.08199789945891,89254.83977016945,1873
928,929,39,F,537,6,66442.04606086375,1,VN,1,0,0,0,1,0,0,62.28871388694196,29065.692181545823,712
929,930,37,M,518,4,46523.46481461726,1,DEU,0,1,0,0,1,1,0,261.0257028344996,108415.11836409158,2291
930,931,59,M,422,0,161473.5916729642,4,MY,1,1,1,0,1,1,0,202.33553452803034,116669.50315346323,2433
931,932,56,M,456,6,148509.67440981112,5,CZE,1,0,3,0,0,1,0,466.8105508971726,149862.48122423142,3103
932,933,27,F,832,6,119772.66081991009,6,SWE,1,0,3,0,1,0,1,320.11379128807516,102514.81734529136,2250
933,934,40,M,761,5,163883.85080324594,5,SI,1,0,1,1,1,0,0,146.45050455673015,124288.32374331685,2667
934,935,61,M,606,0,147120.89669529028,6,TWN,0,1,2,1,1,1,0,128.8098043366415,98664.05758175699,2118
935,936,60,F,639,5,66640.69350637005,4,IN,1,1,2,0,0,1,0,436.39924661994587,145403.2294048287,3060
936,937,32,F,673,1,90891.36370064414,6,MEX,0,1,0,0,1,1,0,220.2992089917146,115634.27366104188,2473
937,938,40,F,701,1,169611.218435908,3,DK,1,0,4,1,1,1,0,310.4685929561661,21693.244450259815,1106
938,939,38,M,820,3,85601.7228857369,1,JPN,0,0,4,1,1,0,0,157.79636178847122,116649.47034956112,2529
939,940,34,M,716,4,36254.70185790138,2,FRA,1,1,3,1,1,1,0,80.90999034428307,74104.8731782594,1655
940,941,59,M,512,6,36249.46464522818,2,CAN,1,0,3,0,0,1,1,76.53971039417335,144504.5120673388,1376
941,942,67,F,658,2,136366.6749451002,3,DK,1,0,2,1,0,1,1,338.29503120586037,79459.44662764663,1747
942,943,21,M,468,9,119921.56032358139,1,IRL,1,0,4,1,1,0,0,381.95721068542895,36181.4284448943,1070
943,944,22,F,585,6,106151.42529732587,1,SK,1,1,3,0,0,0,1,417.18851051618765,103703.77062300756,642
944,945,33,F,640,7,105276.35825963644,6,HU,0,1,2,0,1,1,0,434.67190556225347,67624.96590251695,1507
945,946,49,M,348,1,45306.68038339836,2,TWN,0,0,2,0,1,1,0,26.97614157563711,47437.04130838241,1032
946,947,38,F,691,6,67503.454195567,4,NO,0,0,3,1,0,0,1,410.00837732503123,38756.991384030116,942
947,948,47,F,348,8,32102.45285489777,4,LA,0,0,0,1,0,0,0,87.25972155934943,148902.94500591932,3057
948,949,23,F,373,1,121493.61777212437,2,IDN,1,0,4,1,1,0,1,161.81227014059726,93638.38867896084,1370
949,950,51,M,522,2,37437.3412312047,2,AE,0,1,3,0,1,1,0,235.26621800587267,103228.0057471778,2189
950,951,42,F,334,9,61288.0998462543,1,SI,1,0,1,0,1,1,1,257.58787660170503,143845.47415559602,2953
951,952,42,F,469,8,111811.95006428799,4,ESP,0,1,3,1,0,0,0,290.9498465003888,134846.15095532982,2807
952,953,42,F,333,9,191510.0867445239,2,KOR,1,0,1,1,1,0,1,327.843772095533,68873.15835103423,1456
953,954,33,M,571,8,23519.399218133396,1,VN,0,0,4,1,1,1,1,160.12216082331614,117264.81526250685,2480
954,955,38,M,631,4,159895.7794908354,1,NOR,0,0,0,1,1,1,0,423.51183357592697,52441.1010941093,1886
955,956,63,F,532,4,137416.96418926786,1,NO,1,0,0,0,1,0,1,364.4254473326099,73513.90161551727,927
956,957,48,F,529,7,60567.49761608698,1,AE,1,1,0,0,1,1,1,459.5065191079705,51396.614654558594,1156
957,958,60,F,370,9,166124.67462518686,1,BE,1,0,2,1,0,0,0,75.44573691455633,60526.60808516005,1167
958,959,54,F,385,4,23220.859739150957,4,CY,0,1,2,0,0,1,0,430.1223105847843,29682.642599932995,687
959,960,25,F,627,0,166657.90412416603,3,GB,1,0,4,0,1,1,1,393.6625350313785,141361.14688642375,2975
960,961,66,F,318,2,39124.22022878335,2,SWE,1,0,4,1,0,0,0,394.66909045071463,138828.3259203581,2849
961,962,45,M,515,3,29541.06516308923,5,AUS,0,1,1,0,0,1,0,70.62241083538103,53013.41071979181,1789
962,963,22,M,591,5,138733.20107703237,6,GBR,0,1,1,0,1,1,1,158.75337034267807,148457.62806236872,1693
963,964,48,F,550,0,16221.154321571918,6,HKG,0,1,4,1,0,1,0,395.48488722613024,116021.22059095943,2451
964,965,57,F,671,6,112101.92951974909,3,ITA,1,0,1,0,0,1,0,480.0400089123842,144110.25621929736,3041
965,966,54,F,591,3,150061.25368966698,4,AE,1,0,2,0,0,0,1,481.17315751084743,129642.86092073357,2733
966,967,61,F,446,9,103239.67475042594,2,CZ,0,1,4,1,1,1,0,128.97935377711664,54441.80890722124,1609
967,968,41,M,597,4,60586.57932592,6,KR,0,1,1,1,0,0,0,479.13151152005986,96729.34818824862,1668
968,969,63,M,488,5,58162.27979410184,2,CHN,0,0,0,1,0,0,1,213.41376623335321,84603.8837087263,1808
969,970,63,F,389,2,119311.04926284775,5,HK,0,0,1,0,0,0,1,41.79479579153322,77906.07643076387,1650
970,971,54,M,726,8,137367.46073391085,6,IN,1,1,0,0,0,1,0,238.1471695744268,42025.456082008284,1017
971,972,52,M,674,2,56502.166906776096,2,CAN,0,0,2,0,1,0,0,402.2318289812692,149785.80298464373,3154
972,973,22,F,808,9,127222.08377472866,2,MEX,0,1,3,1,0,1,1,488.95687132439775,129402.89379887164,2781
973,974,49,M,606,9,125930.88463909843,5,LT,0,0,2,0,0,0,1,317.45503427465013,148996.8592300057,3122
974,975,31,F,579,2,80781.37843320624,5,NLD,1,0,1,1,0,0,0,285.06572257176805,43385.59951710401,1338
975,976,50,F,744,0,22482.64079988469,3,DE,0,0,2,0,0,1,1,109.94193526431816,102129.901323898,1681
976,977,23,M,839,1,183744.40313708762,4,DNK,0,1,3,0,0,0,0,339.4858143425431,90204.02132930799,2006
977,978,33,F,783,8,59305.28970629691,3,IE,1,1,1,0,0,1,1,493.69654527051205,51014.3455856695,1745
978,979,39,F,311,4,61793.85174816834,2,LU,1,0,0,0,1,0,0,400.2168133309866,123903.87282909737,2550
979,980,36,F,422,4,185700.91915298477,3,NL,0,1,1,0,1,0,0,183.38934840561132,122844.7805700083,1359
980,981,35,F,327,7,100262.60821051059,1,KR,0,0,0,1,0,0,1,328.0431612445067,91828.25618019489,1913
981,982,62,M,537,4,148457.53059119143,5,SGP,0,0,3,1,0,1,1,405.24755147694316,40811.37619608732,1396
982,983,34,F,313,4,160319.62262045106,1,SWE,1,1,0,0,0,1,0,339.2626340619141,44049.58290233899,1385
983,984,66,F,545,8,82553.45185849055,6,FR,0,0,3,1,1,1,0,479.97897098092864,121370.88598977214,2556
984,985,24,F,846,8,163802.82225477064,1,MY,1,1,2,0,0,1,1,56.6817757122217,134419.58346855984,1660
985,986,23,F,672,7,103358.78419590359,3,NO,1,0,3,0,0,1,1,227.57471084212867,135563.4387533791,2871
986,987,20,F,582,5,77108.77220602734,4,CN,0,1,1,0,1,0,0,305.8643831671451,130407.42024059923,2746
987,988,54,M,576,4,196487.49279431422,6,CYP,0,1,2,0,0,0,0,280.20141983594965,42982.53377051758,999
988,989,42,F,413,7,85402.14597734806,1,DK,0,0,4,1,0,1,0,80.1182432602605,119464.6728812567,2485
989,990,36,M,552,7,40735.92274305593,3,EE,1,1,1,1,0,0,0,407.54433852531173,144935.55445764257,3029
990,991,26,M,429,0,120169.62138814258,3,DE,0,1,3,0,1,1,1,148.78193131013302,61690.8515461137,848
991,992,60,M,640,5,7317.934618344135,4,KZ,1,0,3,0,1,0,1,137.6413101790897,120989.85832709023,2572
992,993,59,F,733,1,178017.9421979717,6,CYP,1,0,3,0,0,0,0,462.09196514307916,143381.76351267064,3042
993,994,51,F,632,2,109478.24735663045,4,DEU,1,1,3,1,1,1,1,486.5799694364243,56431.80368272427,1282
994,995,21,M,304,8,18007.1093419814,1,CN,0,0,2,1,0,0,0,55.16036416753092,125682.50000258736,2583
995,996,29,F,571,9,22779.82811995851,6,AE,1,1,4,0,0,0,0,285.23026394056444,124475.81854171437,1778
996,997,34,M,843,9,67087.35412185187,6,ITA,1,1,1,0,0,1,0,244.5876554107271,74741.19855790427,1699
997,998,37,M,540,6,61893.66719585685,3,EST,1,1,1,0,1,1,1,374.699609601116,103373.01631882187,685
998,999,28,F,529,5,185907.5689960533,1,FRA,0,1,3,0,1,0,0,109.6768796424212,122175.8408773408,2569
999,1000,24,F,467,6,163133.8427818354,1,MEX,0,0,3,0,1,1,1,167.3074415260081,106526.90854247633,2240
