,Customer_ID,Age,Gender,Credit_Limit,Transaction_Source_M_Count,Transaction_Source_A_Count,Transaction_Source_D_Count,Transaction_Source_V_Count,Transaction_Source_P_Count,Transaction_Source_U_Count,Avg_Transaction_Value,Customer_Segment,Purchase
0,1,64,M,68670,0,0,0,1,1,1,448.5441435116937,0,0
1,2,32,M,86984,1,2,0,0,0,1,309.70789809085426,0,1
2,3,60,F,147812,0,4,0,1,1,1,307.4037771388764,1,1
3,4,51,F,25789,0,3,1,0,1,1,315.83652458013495,0,1
4,5,41,F,30436,1,2,0,0,0,1,402.3788301223646,2,1
5,6,19,M,138344,1,1,0,0,1,0,332.27031513787324,1,0
6,7,35,F,100597,0,2,1,0,0,0,311.62195157176495,1,0
7,8,21,F,149950,1,4,0,0,1,1,456.7430934477347,0,0
8,9,61,F,105853,0,2,1,1,0,1,278.44339382518217,2,1
9,10,39,M,61446,0,4,1,0,1,0,398.1079272035827,2,1
10,11,27,M,39403,0,0,1,0,1,0,255.8979989369396,1,1
11,12,46,M,57684,1,2,0,1,0,0,238.64978266722628,2,0
12,13,49,F,50883,0,4,0,1,1,1,403.5946491372237,2,1
13,14,55,M,31252,1,3,0,1,1,1,327.4342515729446,2,0
14,15,52,F,62065,1,4,1,0,0,1,97.02040150588674,2,0
15,16,39,M,128058,0,2,0,0,0,1,372.0633829199927,1,1
16,17,31,M,21386,1,3,0,0,1,0,110.89329529167225,1,0
17,18,48,F,133703,1,4,0,1,1,1,97.88123062096594,0,1
18,19,48,M,57400,1,4,1,1,1,1,94.81525956501235,1,0
19,20,53,F,41692,0,0,0,0,0,0,103.97442230730124,1,0
20,21,23,F,133856,1,0,0,0,1,1,326.14414488733644,0,0
21,22,62,F,87977,0,3,1,0,1,0,89.28462614236639,0,0
22,23,47,M,97993,1,3,0,0,0,1,493.15836713413375,1,1
23,24,20,F,71704,0,2,0,0,0,1,260.87063222351253,2,0
24,25,26,M,108505,1,0,1,0,1,1,429.1068996989481,2,0
25,26,40,M,105188,1,4,1,1,0,1,490.151290987787,2,1
26,27,63,F,138483,0,1,1,1,0,1,129.62874348314506,1,1
27,28,47,F,38092,0,2,1,1,0,1,496.5923827441112,0,1
28,29,23,M,55467,0,2,0,0,0,0,128.64987125406464,1,0
29,30,32,M,35877,1,3,0,1,0,0,281.93690912952246,2,0
30,31,61,M,20238,0,3,0,0,1,0,211.51439469760413,1,1
31,32,28,F,29789,0,2,0,1,0,1,31.784679690755233,2,1
32,33,62,M,48142,0,0,0,0,1,0,157.32673526226685,1,0
33,34,54,M,47114,1,4,0,0,0,0,318.0025734050309,2,1
34,35,64,M,70800,1,3,0,1,0,1,491.2465413398953,1,1
35,36,19,F,20590,0,2,1,0,0,0,34.93248277725538,1,1
36,37,43,M,73478,0,4,1,0,1,1,308.7106274423376,1,1
37,38,66,M,139426,0,1,1,0,1,0,480.23093649950033,1,1
38,39,63,M,140557,0,4,1,1,1,1,246.284234395558,2,1
39,40,51,M,149729,1,0,1,0,1,0,196.07977785776592,1,1
40,41,67,M,35373,0,3,0,0,1,1,104.27935135571035,0,0
41,42,20,F,74640,1,0,0,1,1,0,40.28320943055748,1,1
42,43,41,M,139554,0,1,1,1,0,0,358.52648344529206,1,1
43,44,42,F,75233,1,1,1,0,0,1,301.4599103033235,0,1
44,45,26,F,111673,0,1,0,0,1,0,301.67757105762195,0,0
45,46,28,M,136316,0,3,0,1,1,0,90.34133886759717,2,0
46,47,19,M,39401,1,3,1,0,1,0,392.3345133137226,0,0
47,48,49,F,88292,0,4,1,1,1,1,84.97785948033359,1,1
48,49,39,M,20161,0,1,0,0,0,0,191.81239745862715,0,0
49,50,27,M,50507,0,2,0,1,0,0,142.88909530131508,2,0
50,51,69,M,142755,1,2,1,1,0,1,161.13977777145396,1,1
51,52,58,F,89539,1,1,1,1,0,0,458.0502568461532,1,1
52,53,36,F,28298,1,4,0,0,0,1,174.35913396524404,1,0
53,54,54,M,148594,0,2,1,0,0,1,461.3872736245219,2,0
54,55,43,M,20445,0,0,1,0,1,1,484.93796880681424,2,1
55,56,51,F,33239,1,0,1,1,0,1,289.82024297348903,1,1
56,57,55,M,56289,0,3,0,0,0,1,453.3696921727374,0,0
57,58,21,F,111613,1,2,0,0,1,1,83.22265695119606,1,0
58,59,53,M,106125,1,1,0,1,1,1,475.3566624487328,2,1
59,60,39,F,49695,1,2,1,0,1,0,136.0296966892506,2,0
60,61,41,F,42870,1,2,0,1,1,0,263.63242783948897,0,1
61,62,41,M,100051,1,3,1,0,0,1,384.06104699625746,0,1
62,63,20,F,71882,0,0,0,0,0,0,60.5155642293643,0,0
63,64,62,M,65784,0,1,0,0,1,0,114.89252684414934,2,1
64,65,57,F,136442,1,4,0,1,1,1,249.5309635397658,2,1
65,66,41,M,142514,0,3,1,1,1,0,128.6160596340516,2,0
66,67,59,F,68038,1,3,0,1,0,1,367.83804332734604,0,1
67,68,41,F,94085,0,3,1,0,0,0,113.85102191661785,2,0
68,69,43,F,92630,0,1,0,0,0,0,139.5135296765344,1,0
69,70,67,M,49150,0,4,0,1,0,1,463.0996215623217,1,0
70,71,49,F,91621,0,4,1,0,0,1,387.83966023553603,2,1
71,72,53,M,63658,1,1,0,0,0,1,179.8477621092984,2,1
72,73,27,F,111267,1,4,0,1,1,1,123.58397339632756,2,0
73,74,67,F,46151,0,1,0,0,1,0,482.5150315428242,0,1
74,75,23,M,111802,0,2,0,1,1,0,494.68281539717384,0,0
75,76,35,M,125676,1,2,1,1,1,1,157.9770611652629,0,0
76,77,46,F,143850,1,1,1,0,0,1,111.56135752328679,1,1
77,78,20,M,117641,0,1,0,1,0,0,338.19115750329723,2,0
78,79,21,F,78373,0,0,0,1,0,0,31.6024455757214,0,0
79,80,23,F,100535,0,3,1,1,0,1,205.29362038409596,2,0
80,81,32,M,63729,0,3,1,1,1,0,146.67511419279612,2,1
81,82,64,M,131843,0,0,0,1,1,0,249.3807449128438,1,1
82,83,68,F,135457,0,1,1,0,0,1,218.23667245243533,2,0
83,84,45,F,102802,1,3,1,0,1,0,249.71359660205667,2,1
84,85,61,M,88671,0,4,1,0,1,1,53.89555848411503,1,0
85,86,56,F,146327,1,3,1,0,1,1,227.7161877551971,0,1
86,87,31,F,119371,0,2,1,1,1,1,279.0943241322857,2,1
87,88,41,M,50646,0,4,0,1,0,0,279.9065932193319,2,0
88,89,43,F,27684,0,1,1,1,0,0,146.545256983598,2,0
89,90,57,M,94822,0,3,1,1,1,1,420.89822695673473,0,1
90,91,41,M,88859,1,4,0,1,1,0,28.549231992876773,0,1
91,92,21,M,102564,0,4,0,1,0,1,486.7590990893934,2,0
92,93,58,M,45269,1,1,1,0,0,0,419.2197422564343,2,0
93,94,33,M,135146,0,1,1,1,1,1,454.26658349868995,1,1
94,95,42,F,112369,0,1,0,1,1,1,252.43336918974092,2,1
95,96,32,F,122740,0,3,1,0,0,0,364.85777979621224,1,1
96,97,25,M,105853,1,1,0,1,0,1,193.47536251922025,0,0
97,98,50,F,137416,0,4,1,1,1,0,202.5240700548203,1,1
98,99,25,M,49841,0,0,1,1,0,1,72.69943218453946,1,0
99,100,48,M,30358,1,0,1,1,0,0,232.85831350918397,2,1
100,101,51,M,69415,0,1,0,0,0,1,454.96729935725074,1,1
101,102,24,F,31027,0,2,1,1,0,0,484.89043277973224,0,1
102,103,20,M,126254,1,1,1,1,0,0,228.2981573641928,0,0
103,104,27,F,129575,0,1,0,1,0,1,379.794098929991,1,0
104,105,22,F,124620,1,2,0,1,0,0,66.30520722711354,0,1
105,106,20,M,57825,0,0,1,0,1,0,375.1433210120521,2,0
106,107,64,M,29515,1,3,1,1,0,1,472.2775989653639,1,1
107,108,29,M,138519,1,1,0,0,1,0,88.96311312442089,0,0
108,109,48,F,38448,1,0,1,0,0,1,446.11278691838294,1,0
109,110,58,F,44443,1,0,1,0,0,1,356.54212739504896,1,1
110,111,39,F,110379,1,2,0,1,1,1,201.53895075992455,1,1
111,112,61,M,21598,0,3,0,0,1,1,292.7594619594991,0,1
112,113,43,F,42798,1,1,1,0,1,0,74.52628863220353,1,0
113,114,39,M,31118,1,1,1,1,1,1,89.13531899658767,0,0
114,115,47,M,123605,1,3,0,0,0,0,50.460241785083504,1,1
115,116,55,F,28236,0,3,0,1,0,0,78.12247673189019,0,1
116,117,62,F,71252,1,0,1,1,1,1,46.12348197769002,1,0
117,118,22,M,136360,1,1,1,1,1,0,405.84451518411083,0,1
118,119,43,F,45701,0,2,0,0,1,0,425.24271086794533,0,0
119,120,31,F,31968,0,3,1,0,1,1,422.58474769544256,1,1
120,121,65,F,144294,0,3,0,1,0,1,28.309568244800438,1,0
121,122,63,M,133052,0,4,0,0,1,1,283.75942165846925,0,1
122,123,58,F,49844,0,3,1,0,1,0,271.26192982561076,2,0
123,124,24,M,94254,0,4,1,1,1,0,249.65762151763943,2,1
124,125,59,F,43226,1,0,0,1,0,0,443.4181866811037,2,0
125,126,29,F,82215,0,0,0,0,0,0,466.57705604506197,0,0
126,127,25,M,67493,1,3,0,0,1,0,61.079381088764094,0,0
127,128,41,M,113128,1,3,0,0,1,0,482.95055658221895,2,0
128,129,57,F,22874,1,0,0,0,1,0,356.53798913259897,0,0
129,130,57,M,105147,1,4,0,0,1,0,462.7025613361166,2,1
130,131,49,F,69221,1,3,1,1,1,0,48.874689319321064,2,1
131,132,38,F,88704,0,2,0,1,1,1,438.52415678118734,1,1
132,133,34,F,65834,1,3,0,0,0,0,395.3584560209299,1,1
133,134,58,M,144753,1,0,1,1,0,0,160.64408300558358,0,0
134,135,40,F,49661,0,0,1,1,1,1,329.05194858752805,1,0
135,136,32,F,20360,1,3,1,1,0,0,396.19444042329695,0,1
136,137,27,M,43711,0,4,1,0,0,1,460.9838171689158,2,1
137,138,39,M,47942,1,0,0,1,0,0,443.1651083523852,0,0
138,139,59,M,55417,0,4,1,1,1,0,150.45604116923812,1,0
139,140,42,F,131618,1,2,0,1,0,1,57.528436785826514,0,0
140,141,41,M,138080,0,0,0,1,0,1,366.3082905416964,2,1
141,142,59,F,60598,1,1,1,1,0,0,360.2926560338451,1,1
142,143,32,F,77681,1,4,1,0,0,1,336.4383084053066,1,1
143,144,51,F,26028,1,0,0,0,1,1,443.82881692129547,0,0
144,145,30,M,117338,0,4,1,1,1,1,408.6453779278489,1,1
145,146,43,M,23202,0,3,0,0,0,0,354.9419721695038,0,0
146,147,52,M,23029,0,2,0,1,0,1,436.6988314892591,0,0
147,148,46,M,136366,0,0,1,0,1,1,319.1831036138281,2,1
148,149,52,F,93228,1,3,1,0,1,1,152.08813237379314,0,1
149,150,60,F,24309,0,3,0,1,1,1,486.0646328325625,1,1
150,151,62,M,124600,1,3,0,0,1,1,439.8972841401741,0,0
151,152,53,M,96077,1,2,1,0,0,1,47.537546397503704,2,0
152,153,38,M,95744,1,0,1,0,0,0,169.49281505760874,1,1
153,154,45,M,134945,1,3,1,1,1,1,223.59987323551934,0,0
154,155,69,M,146005,1,3,0,1,0,0,391.1902174697868,2,1
155,156,54,M,148981,0,3,1,1,0,1,208.1205278667183,1,1
156,157,34,F,140182,0,3,0,0,1,0,151.5490974373339,0,0
157,158,63,M,140289,1,3,0,1,1,0,191.74779523249367,1,1
158,159,55,F,83403,1,4,0,1,1,0,361.23724220947,0,0
159,160,36,M,53323,1,1,1,1,1,0,233.4242798995705,1,0
160,161,50,F,139041,0,4,1,1,1,0,174.11994822758817,0,1
161,162,63,F,106376,0,0,1,0,0,1,419.7539516198957,0,1
162,163,39,M,34260,0,2,1,0,0,0,338.83382714562043,0,1
163,164,57,M,31588,0,2,1,1,1,1,100.7599730563949,1,0
164,165,63,F,78197,0,3,1,1,0,1,258.10138858079176,1,0
165,166,33,M,46486,0,4,1,0,1,0,116.54238624552272,2,0
166,167,55,M,127739,1,4,0,0,0,0,489.32991291195594,1,1
167,168,51,M,116177,0,3,0,1,0,0,180.61800273975308,0,1
168,169,49,M,61893,0,2,1,1,1,1,261.189775559045,2,0
169,170,27,M,103275,1,3,1,1,0,0,90.19943210309087,1,0
170,171,59,F,26606,0,1,1,0,1,1,154.48818803025387,1,0
171,172,18,M,97514,0,2,1,0,1,1,462.82365141442983,1,0
172,173,67,F,67260,1,3,0,1,1,0,463.7977771029598,0,1
173,174,61,M,74804,0,1,1,1,1,1,465.0059282891267,0,0
174,175,41,M,51455,1,1,1,1,0,0,99.54046960218275,0,0
175,176,50,M,67314,1,4,0,1,0,0,95.99586474138809,1,0
176,177,63,F,70464,0,0,1,0,0,0,215.56805833163642,2,1
177,178,64,M,54110,0,3,0,0,0,1,234.33094598412433,1,1
178,179,23,M,146535,0,0,0,0,1,1,159.0805783192263,0,0
179,180,32,M,104085,0,0,1,1,1,1,334.512141912749,1,1
180,181,46,F,80028,1,1,1,0,1,0,108.69820477672613,1,1
181,182,34,F,54794,1,1,1,0,1,1,316.46672303895235,1,0
182,183,30,F,131855,0,3,0,1,0,0,172.6845105678779,1,0
183,184,56,M,125659,0,4,0,0,1,0,360.0810305329558,0,0
184,185,58,M,63530,0,0,0,0,0,1,256.0984114580215,2,0
185,186,38,F,64295,0,4,0,0,0,1,146.1345002345518,2,1
186,187,49,M,41762,1,0,0,1,1,0,455.26329198538355,0,1
187,188,57,F,24029,0,0,1,0,1,1,390.3967240258511,2,1
188,189,29,F,96988,0,4,0,0,1,0,454.438889977305,2,1
189,190,64,M,65252,0,4,0,1,0,0,236.15776408411472,0,1
190,191,19,M,34770,0,2,0,0,0,0,43.1430673081676,1,1
191,192,25,M,34127,1,3,1,0,0,1,290.8209230298403,2,0
192,193,64,M,54511,1,1,0,0,1,1,120.3259009247388,1,0
193,194,63,F,22084,0,2,0,0,0,0,369.8252558929146,1,0
194,195,51,M,70744,1,4,1,1,0,0,146.5878015277061,1,1
195,196,44,M,61799,1,3,1,0,1,0,68.59217853210998,1,1
196,197,43,M,76277,1,4,0,1,0,1,121.23628310497601,1,0
197,198,36,F,93388,0,0,0,0,1,1,179.14784306351692,0,0
198,199,30,F,68749,0,3,0,0,0,1,267.0366162585831,2,1
199,200,50,M,145300,0,2,0,1,1,1,182.81950363773714,2,0
200,201,60,M,120656,0,1,0,0,0,1,289.2419520409481,1,1
201,202,21,F,43328,0,0,1,0,0,0,190.35692902423187,0,0
202,203,50,M,23518,1,2,1,0,1,0,313.13205427891023,0,0
203,204,30,F,148154,1,1,1,1,1,1,56.596993548314444,2,1
204,205,42,F,80785,1,3,1,0,0,0,447.0810609410356,1,0
205,206,32,F,46270,0,1,0,0,1,1,404.8480537544766,1,0
206,207,59,M,69696,0,2,0,1,0,0,312.837206181676,0,1
207,208,22,M,35239,0,1,1,0,1,1,245.90207666906394,2,1
208,209,43,F,35857,1,3,0,1,0,0,351.0545729157141,0,0
209,210,42,F,39386,1,4,1,0,1,1,179.49318440669134,1,0
210,211,30,M,68003,0,3,1,0,1,0,369.3020758236066,2,0
211,212,39,M,40467,1,1,1,1,1,0,23.316903232893846,0,0
212,213,54,M,66912,0,4,0,0,1,0,136.81597298011843,2,1
213,214,54,F,55967,1,4,1,1,1,1,94.97501182589505,2,0
214,215,62,F,24731,1,0,0,1,0,0,34.17241704298954,0,0
215,216,43,M,75818,1,0,1,1,0,1,188.42193340565981,0,1
216,217,23,F,33981,0,0,1,1,1,1,157.16072230826944,1,1
217,218,44,F,97189,0,4,0,0,0,1,28.2042597088933,1,0
218,219,31,M,75586,0,3,0,0,1,1,494.4012061209402,0,1
219,220,29,M,139660,0,3,1,0,1,0,458.5744932904549,0,0
220,221,51,F,107563,1,1,0,1,1,1,302.9118561603852,1,0
221,222,21,M,70803,1,2,1,1,1,1,401.6008448674078,1,1
222,223,47,M,40778,0,0,0,1,1,0,367.6882912989825,0,1
223,224,61,F,80402,0,3,0,0,0,0,386.43443234141023,2,1
224,225,34,F,141266,1,2,1,1,0,1,321.4965485900902,0,1
225,226,29,M,31509,1,0,0,1,0,0,121.7567001890071,0,0
226,227,60,F,149159,1,0,0,1,0,1,363.2080490572017,0,1
227,228,60,F,90199,1,4,0,0,1,0,95.696073850055,1,0
228,229,67,F,132172,0,4,0,1,1,1,90.81050811043959,2,0
229,230,38,M,89964,1,1,1,1,0,1,368.29264576863653,0,1
230,231,37,F,126394,1,1,0,1,0,1,31.997940635902307,2,0
231,232,56,M,62745,1,2,1,1,1,0,372.58209422754,0,1
232,233,61,M,134960,0,1,0,1,0,0,310.6554733699787,2,1
233,234,24,M,106221,0,1,1,0,1,1,89.17169908211753,0,0
234,235,20,F,121249,1,4,0,1,1,0,213.22706057295036,2,0
235,236,54,M,105372,0,1,0,0,1,1,437.0925988973459,1,1
236,237,61,M,29025,1,1,0,1,0,1,87.01798000510752,0,0
237,238,26,M,114816,0,4,1,0,0,1,199.96155116170112,1,0
238,239,40,M,102394,1,0,1,1,0,1,415.96083586089526,1,0
239,240,31,M,131540,0,1,0,1,0,0,220.17881007353373,2,0
240,241,59,M,78430,0,1,0,1,1,1,387.43352191787886,1,1
241,242,62,F,101439,1,3,1,1,1,0,371.8520479233799,2,0
242,243,55,F,54058,1,2,0,0,1,0,63.425663000012435,1,0
243,244,36,M,43889,1,3,1,0,1,1,258.66207675810045,0,0
244,245,50,M,113402,1,4,1,1,1,0,399.03722031920654,0,0
245,246,45,M,142849,1,1,0,1,0,0,194.6168190528553,0,1
246,247,55,M,63637,1,2,0,1,1,1,69.49768149745934,0,0
247,248,57,F,26180,1,1,0,0,0,1,434.64411518376363,0,0
248,249,42,F,112898,1,0,0,0,1,1,430.4949812268362,0,1
249,250,46,M,98050,1,4,0,1,1,1,43.305585402523604,2,0
250,251,66,M,106604,1,1,0,1,1,0,470.98750704796333,2,0
251,252,65,F,115535,1,1,0,1,0,1,276.23740963337525,2,1
252,253,58,F,89241,1,3,1,1,0,1,41.47911739085746,0,0
253,254,37,M,82002,0,0,0,1,1,1,467.83955438513215,2,1
254,255,20,M,71533,1,4,1,0,1,1,221.98868486984824,0,1
255,256,33,M,144519,0,2,0,1,0,1,302.2123809803429,0,1
256,257,64,F,86368,0,4,1,1,1,1,300.142553930282,1,1
257,258,42,M,108619,0,4,0,1,0,0,308.5444899793611,0,1
258,259,23,M,32751,1,1,0,0,1,1,176.47559625937635,0,1
259,260,35,F,44583,0,2,0,1,0,1,390.8621753708685,1,0
260,261,25,M,85029,0,4,1,0,0,0,38.80279909385527,2,0
261,262,27,F,30638,0,4,0,1,0,1,469.5258954910713,0,0
262,263,69,F,37423,1,3,1,1,0,0,206.8854932372916,0,1
263,264,41,F,104290,0,1,0,0,1,1,384.0537162995794,0,1
264,265,19,F,110569,0,0,0,0,1,0,39.90936249731185,1,0
265,266,66,F,45793,0,0,0,1,1,1,435.86121567596894,2,0
266,267,49,M,102288,1,1,1,1,1,0,292.13212504780915,1,0
267,268,38,F,104806,1,4,0,1,1,0,259.4327569395573,1,1
268,269,51,F,78227,1,3,0,0,0,1,400.54908271906083,2,0
269,270,53,M,84867,0,2,0,0,1,1,296.2657205532559,0,1
270,271,27,F,75934,0,2,1,0,0,1,332.47163757245767,2,1
271,272,31,F,139509,1,4,0,1,1,0,325.4251695122323,2,1
272,273,65,M,53131,1,4,1,1,1,0,157.15265832667433,1,1
273,274,41,M,136858,1,0,0,0,0,1,79.11705022657915,0,0
274,275,18,F,128621,1,4,0,0,1,1,231.45811064784877,2,0
275,276,41,F,21206,0,4,1,1,1,0,77.07799575714118,0,0
276,277,43,F,103946,1,1,1,1,0,0,155.59616457154243,1,1
277,278,68,M,86461,1,0,0,0,0,1,433.63756770595796,2,0
278,279,52,M,20049,1,2,1,0,1,1,220.97181698635615,1,0
279,280,33,F,41947,1,2,1,0,1,1,291.17074022999725,1,0
280,281,67,F,59712,1,3,0,1,1,0,383.729557935455,0,0
281,282,56,M,23930,0,1,0,0,0,1,257.16829356956765,2,1
282,283,48,F,41345,0,4,1,1,0,0,390.00951540400894,2,0
283,284,35,F,55680,1,4,0,0,1,1,75.5669420640198,1,0
284,285,46,F,68070,1,1,0,1,1,1,214.64459306049855,0,0
285,286,58,M,99995,0,4,1,1,1,0,218.08793765739472,2,1
286,287,35,F,80202,0,4,1,1,1,0,82.07154483961573,1,1
287,288,27,F,51537,1,0,0,1,0,1,192.29156265629786,0,0
288,289,51,F,57638,1,0,1,1,1,0,227.2162238145842,0,1
289,290,57,M,72914,1,4,0,1,1,1,442.57351288212715,0,1
290,291,18,F,92062,0,0,1,1,0,0,499.75862367478345,2,0
291,292,42,F,142862,0,3,0,1,1,1,455.7302652701663,0,1
292,293,64,F,112535,0,2,1,1,1,0,141.2490690926099,0,0
293,294,44,F,72953,1,0,1,0,0,0,51.01787894335924,2,0
294,295,30,F,131141,0,2,0,0,1,0,146.2443312565947,2,0
295,296,68,M,33156,0,1,0,1,0,1,228.78279945582486,2,0
296,297,39,F,34524,1,0,0,1,1,0,371.02085480979315,2,1
297,298,63,F,115245,0,4,0,1,0,0,368.2345148149823,0,1
298,299,68,M,115669,0,1,1,1,1,1,407.2392346997439,1,0
299,300,47,M,98610,0,3,1,1,0,0,361.54299346137054,0,1
300,301,29,F,131867,0,2,1,1,0,1,47.2688857284807,2,1
301,302,61,F,101343,0,0,0,1,0,0,410.25836502193033,2,1
302,303,48,M,87691,0,2,0,0,0,1,20.379055576059386,1,0
303,304,46,F,144349,1,0,0,1,1,1,293.39731951607905,2,1
304,305,53,M,43026,0,2,1,0,1,1,287.0395018365062,2,1
305,306,47,M,24195,1,4,0,1,1,0,144.70733469865377,1,0
306,307,42,M,49333,0,3,0,0,1,0,278.2426506858599,0,0
307,308,31,F,65944,0,1,1,1,1,1,440.8998063389171,0,1
308,309,50,F,141397,0,2,0,0,1,1,204.65173183484234,1,0
309,310,43,F,97196,1,3,1,1,1,0,35.824188223530804,1,0
310,311,23,M,93522,1,3,0,1,1,1,220.4387206897083,2,0
311,312,39,M,38250,0,0,1,0,1,0,241.7678056355312,1,1
312,313,33,F,97902,1,2,1,0,1,0,278.78418583569055,2,1
313,314,44,F,31044,0,2,0,1,0,1,434.57766020695914,0,0
314,315,20,M,59989,1,1,1,1,0,1,216.7542519581345,0,1
315,316,29,M,85618,0,3,0,1,0,1,35.70828100772536,2,0
316,317,64,M,110763,0,4,1,0,1,1,411.27787592617454,2,1
317,318,21,M,38636,0,4,1,1,1,1,137.88297973484785,0,0
318,319,55,F,48466,0,1,0,1,1,1,394.92707810526736,1,0
319,320,43,F,131472,0,4,0,0,0,1,33.49921261426252,0,0
320,321,39,F,146126,0,3,1,1,0,1,416.4595220654504,2,0
321,322,39,M,82324,1,0,1,1,1,1,70.35132625825541,2,0
322,323,55,F,97797,0,4,1,0,1,1,151.89868626835568,0,0
323,324,43,M,149932,0,0,0,0,1,0,415.2448324983739,0,0
324,325,28,M,107715,1,3,1,0,1,1,241.19110383050182,2,0
325,326,27,F,75566,0,3,1,1,1,0,21.849044413066814,1,0
326,327,44,F,137883,1,2,0,0,0,0,430.64182899873475,2,0
327,328,35,M,72014,1,2,0,1,0,1,367.82875317284777,0,0
328,329,61,F,139048,0,3,0,0,1,1,496.1541891340502,1,0
329,330,45,F,138566,0,0,1,0,1,1,90.26934055215393,2,0
330,331,64,M,46922,1,4,0,1,1,0,445.36056840163883,0,0
331,332,35,F,94416,0,2,0,1,0,1,363.39246946017545,0,1
332,333,36,F,109720,1,2,0,1,1,0,347.9869685491984,0,0
333,334,30,F,84366,1,2,0,1,0,1,51.91143770627647,1,0
334,335,66,M,73268,0,4,0,0,1,0,439.61640354086217,1,0
335,336,60,F,134015,0,3,0,0,1,0,214.46457774729012,1,1
336,337,55,M,95833,1,4,1,0,0,0,68.45439320279708,1,0
337,338,36,F,129336,0,0,1,0,0,0,377.8629752523776,1,1
338,339,50,F,25013,0,0,0,1,1,0,140.75331049019778,0,1
339,340,45,F,78468,0,4,0,1,1,1,123.52884186759073,2,0
340,341,42,M,63088,1,0,0,0,0,1,39.22494204833578,0,0
341,342,47,F,70808,0,4,1,0,0,0,89.57758081308732,2,0
342,343,36,F,148826,0,2,1,1,1,1,259.0763318879102,2,1
343,344,67,F,26088,1,0,1,0,1,1,359.6229262051939,2,1
344,345,52,M,119485,1,4,0,1,1,1,225.73626513455994,2,1
345,346,23,M,86047,1,1,1,1,1,0,430.3831228462349,0,0
346,347,41,M,83377,1,2,1,0,1,0,246.1470908515314,1,0
347,348,62,M,142114,1,0,0,0,1,0,58.02532857604621,2,1
348,349,27,M,72564,1,1,0,1,0,0,195.75480215731733,1,0
349,350,36,F,66748,1,1,1,0,1,1,411.55975128044,0,1
350,351,64,M,131595,0,4,1,1,1,0,217.15813375857314,2,1
351,352,44,M,136416,1,1,1,1,1,1,335.0449370317895,0,1
352,353,69,M,105064,1,3,1,1,0,1,274.83938377997015,1,0
353,354,51,M,139529,1,4,0,1,1,0,184.9000967544973,2,1
354,355,65,F,106895,0,2,1,0,1,0,466.7823187532459,2,1
355,356,48,M,115960,1,1,0,1,0,1,362.0227384402567,0,1
356,357,36,M,50538,0,2,1,1,0,0,279.0802652131695,2,1
357,358,53,F,59107,1,4,1,0,0,0,217.86009438808853,0,1
358,359,47,F,80711,1,4,0,1,1,1,188.05495401622443,1,0
359,360,59,M,44012,1,4,0,1,1,1,318.927436497997,1,0
360,361,54,M,60290,0,3,0,0,1,0,416.89024194410945,0,1
361,362,29,M,59967,1,1,1,0,0,0,463.9620436259874,1,1
362,363,63,M,117190,1,0,1,1,0,1,122.18324556204826,0,1
363,364,33,M,36541,0,4,1,1,0,0,148.59141420749148,1,0
364,365,42,M,41532,1,4,0,0,0,0,291.2784278552834,2,0
365,366,44,F,74801,0,2,1,0,1,0,280.56933189260644,0,1
366,367,34,M,28335,1,1,0,0,0,0,394.98382826359466,0,1
367,368,26,M,39130,0,2,0,0,1,0,94.26169917685223,1,0
368,369,41,F,92005,0,0,1,0,1,0,353.3520229664304,0,1
369,370,68,F,123950,0,1,1,1,1,1,284.0092993043758,0,1
370,371,59,M,103829,0,2,1,1,1,0,346.0778044806374,1,0
371,372,38,F,132112,0,4,0,0,1,0,230.52313550806178,0,1
372,373,68,F,42243,0,4,1,1,1,1,128.21377598056043,1,0
373,374,61,M,21990,1,3,0,1,0,1,222.9678257988029,2,0
374,375,24,M,61581,1,2,1,1,1,1,393.1508789427644,0,0
375,376,60,M,45959,0,2,1,0,1,0,84.90296806241486,0,0
376,377,26,M,116284,0,0,1,0,0,0,301.32809881568045,1,0
377,378,19,F,106069,1,4,0,0,1,1,174.32070645948951,0,1
378,379,46,M,45612,0,4,1,0,1,1,149.6126226655795,2,0
379,380,47,M,86883,0,2,0,1,1,1,170.29455799418085,2,1
380,381,22,F,118097,0,1,1,0,0,1,306.7498421966195,2,1
381,382,37,F,28525,0,3,1,1,1,0,345.7017374511282,0,1
382,383,19,F,53594,1,1,0,1,0,1,265.14357302238056,1,0
383,384,52,M,64048,0,3,0,0,0,0,457.2919137220462,0,1
384,385,27,F,142763,1,4,1,1,0,1,450.3681203883898,0,0
385,386,20,F,142856,1,4,1,1,1,1,82.98552647511265,1,0
386,387,39,M,56850,1,1,0,1,1,0,82.5034713242406,0,0
387,388,57,M,82614,1,4,0,1,0,0,142.8623395014663,0,1
388,389,48,M,112463,0,0,1,1,0,1,295.9876743694594,0,0
389,390,60,M,117744,0,2,0,0,0,0,93.40995662966503,0,0
390,391,67,F,77178,1,1,1,1,1,0,149.1994273913574,2,1
391,392,26,M,31383,0,4,0,1,0,1,421.89685512380686,1,1
392,393,33,F,76005,0,2,0,1,0,1,150.96656263372319,1,1
393,394,49,F,68526,1,2,0,0,0,0,480.759829497383,2,1
394,395,39,F,91847,0,0,0,1,0,0,109.87446215379974,0,1
395,396,29,M,147953,0,3,0,0,0,0,228.8295625800584,2,0
396,397,57,F,52303,1,2,0,0,0,1,108.51503200770304,0,1
397,398,18,F,134552,0,0,0,1,1,1,441.8685452568406,0,0
398,399,55,F,89320,1,4,1,1,0,0,167.6889127859741,1,1
399,400,40,F,82624,0,0,1,1,1,1,63.520253256919226,0,0
400,401,61,M,102562,0,1,1,1,0,0,144.6254901716983,2,0
401,402,40,M,52051,0,0,1,0,1,0,82.91897855102185,2,0
402,403,36,M,62888,1,1,0,0,1,0,487.49341214109313,2,1
403,404,47,F,68677,1,4,1,0,0,1,175.68407055544958,1,1
404,405,64,M,31492,1,2,1,1,0,0,321.2267435839656,2,1
405,406,44,F,27406,1,4,0,1,1,0,488.4209968547515,0,0
406,407,57,M,82843,0,3,0,1,0,0,384.2529653404018,2,1
407,408,20,M,83175,0,0,0,0,1,0,393.99810576060645,2,0
408,409,24,F,35749,0,2,0,0,1,1,448.9900853993821,0,0
409,410,37,F,29181,0,0,1,1,0,0,31.753582804619302,0,0
410,411,42,F,72947,1,2,0,0,0,1,347.4325687570299,0,1
411,412,26,F,88671,1,2,0,1,1,0,497.00190448974865,1,1
412,413,51,F,107241,1,0,1,1,0,0,306.9257173649774,0,1
413,414,56,F,40426,0,2,0,0,0,1,284.68979035881944,2,1
414,415,66,M,90604,1,4,1,0,1,1,418.8572109010066,1,1
415,416,33,M,114746,1,4,0,0,0,1,188.97698301245862,1,1
416,417,22,M,141051,1,4,1,0,0,0,454.515381955529,2,0
417,418,32,F,88815,1,1,1,0,1,0,478.44201383581503,1,1
418,419,32,M,27766,1,4,1,0,1,1,279.9508580599485,2,0
419,420,18,F,21100,0,1,1,0,0,0,129.98611867701948,1,0
420,421,52,F,125426,1,4,1,1,1,1,309.2974658295324,1,1
421,422,19,F,144986,1,1,1,1,0,1,132.34887709800725,1,0
422,423,37,M,47527,1,3,1,1,1,0,456.05236469887006,0,1
423,424,31,M,129843,1,0,1,1,0,1,37.867203662147304,1,1
424,425,26,F,57238,1,1,1,0,1,0,88.76417275805477,2,0
425,426,35,F,93006,1,3,1,1,1,0,87.02145359829464,1,0
426,427,29,F,135693,0,0,1,0,1,0,409.52032974024155,2,0
427,428,30,M,115238,0,0,0,0,1,1,484.40235247611116,1,0
428,429,31,M,24685,1,4,1,0,0,0,458.38053017821863,2,0
429,430,65,M,40280,1,1,0,0,1,0,53.230108882635925,2,0
430,431,39,F,48062,1,1,0,0,1,1,430.9628170501453,0,1
431,432,58,F,52203,1,2,1,0,1,1,75.03482436661724,1,0
432,433,31,M,28245,1,4,0,1,0,0,223.20901704436244,0,0
433,434,48,M,126475,0,1,0,0,1,1,78.69679062605378,1,0
434,435,67,M,44858,0,1,0,0,1,1,177.23476963282192,2,0
435,436,28,F,113448,1,4,0,0,1,1,213.6999936061898,2,1
436,437,57,F,95310,0,1,0,0,0,1,300.2900068946432,1,1
437,438,25,M,35868,1,1,1,1,0,0,490.324052645583,0,1
438,439,37,F,93282,1,0,1,0,1,1,76.77887267681268,2,0
439,440,23,M,89340,0,4,0,0,1,0,405.48930976832656,1,0
440,441,23,F,63387,1,0,0,1,0,0,319.1714295530961,0,1
441,442,55,M,131990,1,1,0,1,0,0,132.81258753500072,0,1
442,443,39,F,22045,0,4,1,1,0,0,220.7449710062285,0,0
443,444,48,F,148133,0,1,1,1,0,0,385.97774159789805,2,1
444,445,41,F,124168,1,3,1,1,0,0,402.07042304929246,1,1
445,446,29,F,104966,1,0,0,1,0,1,381.0270546296503,0,0
446,447,69,F,77861,1,3,0,0,0,0,144.86967149001512,0,1
447,448,30,M,133680,1,1,0,0,0,0,208.45728996530744,1,0
448,449,26,M,28820,1,2,0,0,0,1,228.4067608339202,2,0
449,450,47,F,46569,0,3,0,0,1,1,335.919589261534,1,0
450,451,33,M,135833,0,1,0,0,0,0,275.3842578987382,0,1
451,452,41,F,27305,1,1,1,1,1,0,432.92307683917375,2,0
452,453,41,F,46549,0,1,0,0,1,0,91.35330536102063,0,1
453,454,55,M,100013,1,1,1,1,0,1,208.3653680319244,1,1
454,455,52,M,36579,0,1,1,1,1,0,410.87471399888364,1,1
455,456,39,F,139028,1,2,1,1,1,1,46.053408075898204,2,0
456,457,65,M,89222,1,1,1,1,0,1,409.09745798034663,1,1
457,458,46,F,35901,1,0,0,0,1,0,203.77276454312906,2,0
458,459,57,F,132799,0,3,1,1,0,0,44.65647608005676,2,1
459,460,68,M,40591,1,2,1,0,0,1,229.21802698447013,2,0
460,461,48,F,88897,0,1,1,1,1,1,88.54271595595853,0,0
461,462,69,F,66116,1,1,1,0,0,1,306.53764173774255,0,1
462,463,30,F,116293,1,3,1,0,1,0,478.94829955736503,1,1
463,464,43,M,20929,0,1,1,1,1,0,56.82581353162769,1,0
464,465,33,M,149726,1,4,0,0,0,0,475.0677025900824,0,1
465,466,47,F,127374,0,4,0,0,0,0,158.7344299965142,1,1
466,467,50,M,132908,0,4,1,0,1,1,329.7672461612652,2,1
467,468,29,M,96052,0,2,1,0,0,0,44.65881051526863,2,1
468,469,32,M,52776,1,2,0,0,1,0,310.32846651573516,0,0
469,470,34,F,61535,0,0,1,0,1,1,150.8961171797277,1,0
470,471,59,M,38115,0,3,1,0,1,1,65.88119383605604,1,0
471,472,31,M,36113,1,3,0,1,1,1,488.58321949773404,0,0
472,473,37,F,30344,1,4,0,1,0,0,307.7125628444777,2,0
473,474,20,M,135509,0,3,0,1,0,0,397.5872687049706,2,1
474,475,40,F,30560,0,1,1,1,0,1,167.82006961207173,2,1
475,476,21,F,115552,1,0,0,0,0,0,286.8659887218088,1,0
476,477,49,M,24800,0,3,0,0,1,0,30.839006345079447,0,0
477,478,41,M,123144,1,0,0,0,0,1,475.4080334374208,0,1
478,479,40,F,85632,1,1,0,0,1,1,371.19130900401433,2,1
479,480,29,M,41233,1,1,0,0,0,0,155.69483470531858,2,1
480,481,46,F,69669,1,4,1,0,1,0,411.55933153980106,2,1
481,482,27,M,130961,1,2,0,1,1,0,436.6188477203108,1,1
482,483,28,F,107912,0,1,0,1,1,0,220.34417298873214,0,0
483,484,46,F,93085,0,0,0,0,0,0,339.04998955147806,0,1
484,485,63,F,112213,0,3,0,1,1,0,429.7707590266734,2,0
485,486,29,M,104813,0,0,1,1,0,0,56.75857598379211,1,0
486,487,51,F,148602,1,1,0,0,1,0,358.43955145997415,0,1
487,488,58,M,76869,0,1,1,0,0,1,447.2956103029711,0,1
488,489,30,F,138380,0,1,0,1,0,0,275.063841989958,2,1
489,490,44,M,149401,0,2,1,1,0,1,336.6434644861057,0,1
490,491,42,M,106459,0,4,1,0,0,0,220.18811976594824,1,1
491,492,45,M,117405,0,3,1,1,0,1,166.166546832835,1,1
492,493,60,F,32010,0,3,0,0,0,1,27.611655847340657,0,0
493,494,56,F,84317,1,2,1,0,1,0,204.6203933015827,1,0
494,495,68,F,121034,0,2,0,0,1,0,79.72127707948746,2,0
495,496,28,F,27492,0,1,0,1,0,0,39.51187930048693,2,0
496,497,32,F,116903,0,3,0,1,0,0,330.3940711734673,0,0
497,498,38,M,35838,1,4,0,1,0,0,115.2331841096277,2,0
498,499,52,M,69867,0,0,0,0,1,0,445.4599984669894,2,1
499,500,41,F,111931,0,1,0,1,1,0,455.87711991644386,2,1
500,501,22,M,51009,1,1,1,0,0,0,208.38772955385747,1,0
501,502,41,F,90965,0,1,1,1,1,0,302.16424144177137,2,1
502,503,19,M,71820,1,3,1,0,1,1,36.913629579774,1,0
503,504,45,M,54771,0,1,0,0,0,1,439.7930895946606,2,0
504,505,23,F,146969,1,0,0,1,0,0,102.76566162531198,2,1
505,506,35,F,103285,1,0,0,1,0,1,296.8153444630654,2,1
506,507,68,F,43726,0,0,1,0,1,0,447.16505303950123,2,0
507,508,29,M,25886,1,1,1,0,0,1,419.0798324564121,1,1
508,509,62,F,87775,1,3,0,1,0,0,344.63291182638665,1,1
509,510,27,M,75365,0,1,1,0,0,0,237.262991388533,0,1
510,511,65,F,141551,1,1,1,1,1,1,188.35648679251162,0,1
511,512,26,M,38635,0,4,0,0,0,1,333.94749565057583,1,0
512,513,65,F,45610,0,1,0,0,1,0,240.22739390564607,2,0
513,514,42,F,87543,1,1,0,0,1,1,123.2813456057396,2,0
514,515,51,F,97954,1,1,1,0,1,1,166.27910747397655,1,1
515,516,28,M,50351,0,2,1,1,1,0,253.44571558500388,1,1
516,517,34,F,98473,1,2,1,1,0,1,209.91909427910474,1,0
517,518,50,M,23217,0,4,1,1,0,1,445.16478747387237,0,1
518,519,48,F,101368,0,1,1,1,0,0,221.98729172522758,0,1
519,520,26,F,59222,1,3,0,0,0,0,74.45362374793419,2,0
520,521,61,M,142797,1,0,1,0,1,0,170.05891496692672,0,1
521,522,24,F,27198,1,0,1,1,0,0,468.65882716769914,0,1
522,523,31,M,147716,1,0,1,0,1,0,32.249656496893984,1,1
523,524,29,M,77845,1,0,0,0,0,0,308.1030468226812,1,1
524,525,31,F,78330,1,2,0,0,0,0,126.22163387059003,2,1
525,526,55,F,37511,0,1,0,1,1,0,285.05272672686453,1,0
526,527,24,M,52025,0,3,0,0,0,1,78.94296349377916,2,0
527,528,46,M,84281,0,2,0,1,0,0,26.596392700672293,1,0
528,529,26,M,140256,0,1,0,0,1,0,271.03362917891457,2,1
529,530,57,F,25378,1,2,1,0,1,0,315.207265427835,2,0
530,531,51,F,148002,0,3,0,0,1,0,267.10820560520733,2,0
531,532,37,M,118077,1,0,0,1,0,1,92.10511127543818,1,0
532,533,66,M,67235,0,2,1,1,0,0,416.76810724440713,1,1
533,534,20,M,76681,0,1,0,1,0,0,311.7535448635443,2,0
534,535,35,M,129895,1,2,1,1,0,1,419.74447461548885,0,0
535,536,54,F,142976,0,2,0,1,0,0,142.10012386136341,2,1
536,537,23,M,76591,0,4,0,0,0,1,253.1133083752069,1,0
537,538,24,F,69142,0,0,1,1,0,0,274.26127047303567,0,0
538,539,32,M,75359,0,1,1,1,1,1,287.1728915676836,1,1
539,540,42,M,73735,0,1,1,1,1,1,64.42016330811475,2,1
540,541,44,F,62343,1,4,0,0,0,0,449.2495953113359,0,0
541,542,67,F,31299,1,0,0,1,1,0,260.9318441760359,1,0
542,543,66,F,149757,1,1,1,0,1,1,447.8259635274857,0,1
543,544,47,M,92948,0,2,0,1,1,0,212.24579660555054,2,1
544,545,64,F,112066,1,4,0,1,0,0,49.93820293803887,0,0
545,546,48,F,145173,0,3,1,1,0,0,156.30667359434187,0,0
546,547,32,M,134180,1,3,1,0,1,1,350.2100653293352,2,1
547,548,65,M,24485,0,0,0,0,1,1,214.98118133458198,0,1
548,549,48,F,128093,0,2,1,0,0,1,473.98750406899387,1,0
549,550,42,F,143404,1,4,1,0,1,1,307.13952105483315,1,1
550,551,47,M,116190,0,4,0,0,0,1,379.912862711999,0,1
551,552,68,F,128653,0,4,0,0,1,0,373.8478571801709,0,0
552,553,33,M,44503,1,4,1,1,1,0,385.94448939919533,0,0
553,554,50,M,137400,0,3,0,1,1,0,252.84905537503562,2,1
554,555,45,M,67909,1,1,0,1,0,0,358.1488862350192,2,1
555,556,32,F,76565,0,1,0,0,0,1,459.6776561906863,0,1
556,557,53,M,22836,1,1,0,0,0,1,486.6633200768659,2,0
557,558,41,F,90395,1,0,0,0,0,0,203.18449086060957,1,1
558,559,55,F,85086,1,0,0,1,0,1,480.5512650412156,2,0
559,560,32,M,75990,1,1,1,1,0,1,133.31419389412088,0,1
560,561,60,F,108136,0,4,0,1,0,0,98.88996518597364,0,1
561,562,59,M,74049,1,3,0,0,0,0,156.79281606314834,2,1
562,563,51,F,135536,1,2,1,0,0,0,371.5111878709031,0,1
563,564,26,M,68606,0,1,0,0,1,1,293.49883181746947,0,0
564,565,29,F,35845,0,0,0,0,0,0,215.939850052868,0,1
565,566,69,M,111649,0,4,0,0,1,0,27.921574471403368,2,0
566,567,50,M,63189,0,1,0,1,0,0,162.13822713587302,1,0
567,568,38,M,52931,1,3,0,1,0,1,20.085609788430467,2,1
568,569,68,F,125501,0,0,1,0,1,0,388.0620629073076,2,1
569,570,67,M,108109,1,0,0,1,0,1,89.01596339214998,2,1
570,571,61,M,45055,0,2,1,0,1,0,192.64423619152606,0,0
571,572,29,F,40354,0,2,0,0,1,0,73.49976567719867,0,0
572,573,22,F,148750,1,2,1,0,0,0,23.181155796166077,0,0
573,574,66,F,31044,1,4,1,1,0,0,154.32926228952567,0,0
574,575,69,M,96213,1,0,1,0,1,0,318.75620086094114,2,1
575,576,38,M,130375,0,2,0,0,0,1,267.6977704019195,0,1
576,577,27,F,91642,1,0,1,0,1,1,129.37430367421567,1,0
577,578,45,M,58494,1,3,1,0,1,1,139.98225760275113,2,1
578,579,61,F,21044,1,0,1,0,1,0,489.576727790805,0,1
579,580,40,M,109904,0,4,0,0,0,1,468.9988439138883,1,0
580,581,50,F,28269,1,4,0,1,1,0,209.71740725570655,2,0
581,582,68,F,103534,0,3,0,0,1,1,107.56473855113282,2,0
582,583,49,F,90190,1,1,1,1,1,1,180.69763744204542,2,0
583,584,42,F,38907,0,4,0,1,1,1,54.821325939949915,0,0
584,585,69,F,76481,0,0,0,0,0,1,186.17027454827718,1,1
585,586,30,M,83814,1,3,1,0,0,1,265.9414616912385,0,0
586,587,22,M,148888,0,1,1,1,1,0,297.5544048287818,1,0
587,588,24,M,118881,0,2,1,1,0,1,345.3543247152014,0,0
588,589,32,F,100010,1,2,0,1,0,1,490.79640471468304,2,1
589,590,54,M,76694,1,2,0,1,1,0,383.8485317536253,2,0
590,591,28,M,67825,1,2,0,0,1,1,190.62714997249162,2,1
591,592,18,F,79761,0,4,0,1,0,0,394.79545357637386,0,0
592,593,68,M,127344,0,2,1,1,0,0,349.3008280898815,0,1
593,594,57,F,49395,0,3,0,1,0,1,279.6554513761136,1,1
594,595,24,M,148971,0,0,0,1,0,0,330.50056522400035,0,0
595,596,35,F,49246,0,1,1,0,1,0,163.5779061465032,1,0
596,597,33,M,46994,1,4,0,0,1,0,147.38175314424748,2,0
597,598,57,F,58366,1,1,0,0,1,0,355.6630993829237,2,1
598,599,59,F,136564,0,1,0,0,1,1,83.88691013605248,2,1
599,600,46,M,36870,1,1,0,1,0,1,272.1677506011852,0,1
600,601,60,F,115825,0,0,1,1,0,1,105.96531463963267,1,1
601,602,25,M,129063,0,0,1,1,0,1,336.36779615908114,2,0
602,603,62,M,98902,1,1,0,1,0,1,213.88341283110964,1,1
603,604,60,M,62393,1,0,1,1,0,1,478.6301888049982,0,0
604,605,25,F,86351,1,2,0,0,1,0,446.4795561138204,0,1
605,606,54,F,91291,1,4,1,1,0,0,187.9916401076753,1,1
606,607,22,M,32672,1,4,0,1,0,0,28.473419842655474,0,1
607,608,30,M,101110,1,2,1,0,1,1,94.50305136293505,2,0
608,609,22,F,84781,0,3,0,0,1,1,144.82095815477635,0,0
609,610,50,M,82374,1,2,1,0,1,1,335.3957172473426,2,0
610,611,46,F,68661,1,4,1,1,0,1,182.03676448812845,2,1
611,612,40,M,84730,0,4,1,1,0,0,273.8743153661709,1,1
612,613,66,F,96425,1,3,0,1,0,0,373.1340472085512,0,0
613,614,31,F,103537,1,0,1,1,0,1,53.99155047782871,0,1
614,615,25,F,53963,0,2,0,1,1,1,372.91574416508763,0,0
615,616,55,F,96912,1,2,0,0,0,0,31.219915780502667,1,0
616,617,24,M,73689,0,4,0,0,1,0,114.29026470046524,2,0
617,618,33,F,55372,0,1,0,0,0,0,89.70743127607399,1,1
618,619,35,F,95545,0,1,0,0,0,0,204.47770479970228,0,1
619,620,40,M,131422,0,2,1,0,1,1,148.93521225826962,1,1
620,621,41,F,82322,1,0,1,0,1,0,256.28409683950184,0,1
621,622,56,F,110664,1,0,1,1,1,0,264.6976960420157,0,1
622,623,47,M,42809,1,3,1,1,0,0,182.36010891370262,2,0
623,624,68,M,86147,1,0,1,0,0,0,477.1747914322169,1,1
624,625,37,F,34333,1,1,1,0,1,0,34.68594744261081,2,1
625,626,27,M,94848,1,1,1,0,0,1,21.794283809689006,0,1
626,627,30,F,49558,0,2,1,1,1,1,100.63680503537947,0,0
627,628,67,M,22656,1,0,0,1,0,1,362.59903871328,0,0
628,629,18,F,68834,1,3,0,0,1,1,455.0493185711891,1,0
629,630,40,M,65961,0,0,0,0,1,0,491.92483695208057,1,1
630,631,42,M,132795,0,3,0,1,1,0,254.2498510627367,2,1
631,632,31,F,64720,0,4,1,1,0,0,474.99687596464537,2,1
632,633,54,F,89315,0,0,1,0,0,0,444.50306293240067,0,1
633,634,26,M,29635,0,1,1,1,1,1,61.3848866564249,0,0
634,635,63,F,119962,1,2,1,1,1,1,40.52209335673343,2,1
635,636,64,M,79430,0,0,0,1,1,0,27.342932393819517,2,0
636,637,42,F,77344,1,4,0,0,1,0,499.38574175973883,2,1
637,638,32,F,56478,1,4,0,1,1,1,121.9549322431968,1,1
638,639,35,M,133223,0,2,0,0,0,1,100.36690936711477,0,1
639,640,47,F,68118,1,3,1,0,0,1,31.743875735693567,2,0
640,641,48,M,20197,1,2,1,1,1,1,55.48230383839268,1,0
641,642,21,M,136204,0,4,1,1,1,0,377.6156206222589,1,1
642,643,49,F,95916,1,2,0,1,0,0,346.3534059408467,1,1
643,644,33,M,48030,0,4,0,1,1,0,58.69262769632775,0,0
644,645,63,F,27062,1,1,1,0,0,0,158.06218845038865,1,0
645,646,32,M,87958,0,0,1,1,1,0,326.20571299871744,2,1
646,647,34,F,87211,1,3,0,0,0,0,57.197854444362264,1,0
647,648,25,F,37149,0,4,1,0,0,1,258.15722027398215,0,0
648,649,68,F,66788,1,2,1,1,1,1,123.1972141631009,2,1
649,650,25,F,126046,1,2,0,1,0,0,411.92461854580796,0,0
650,651,30,M,112289,0,2,0,1,0,0,159.1185329446286,1,0
651,652,23,M,105112,1,1,1,0,1,1,289.3548342860658,0,0
652,653,57,F,32129,1,1,0,0,1,0,398.5177270904898,2,0
653,654,24,M,62394,1,2,1,0,1,0,447.68325506019374,2,1
654,655,53,M,149742,0,4,0,0,0,0,33.685337218492805,0,0
655,656,56,F,25652,0,0,1,1,1,0,134.16304071222015,1,0
656,657,33,F,107893,1,3,1,1,1,0,429.27497938013835,2,0
657,658,37,F,123894,1,0,1,0,1,1,234.5579072060031,2,1
658,659,58,M,30752,1,2,0,0,0,0,230.05615581887838,0,0
659,660,60,F,21123,0,0,0,1,0,0,205.57159501768703,2,0
660,661,51,M,24153,0,0,0,1,0,1,374.54354875362395,0,0
661,662,24,M,131593,1,1,0,1,1,0,337.52495473371926,0,0
662,663,57,M,140862,0,2,0,1,1,1,456.3316127158144,1,1
663,664,56,F,138878,1,2,0,1,1,1,457.94682189387396,0,0
664,665,31,F,79819,1,4,0,1,0,0,343.11812287593773,1,0
665,666,32,F,123002,1,4,1,0,0,0,284.81533402025366,1,1
666,667,62,M,111403,0,2,1,1,0,1,467.0760455901261,0,0
667,668,57,F,39686,0,4,1,0,0,0,113.92695371445458,1,0
668,669,22,M,49456,1,4,1,1,1,0,27.041072194237845,1,0
669,670,29,F,93508,1,3,1,0,1,0,101.72317303277482,0,0
670,671,61,M,21224,1,0,0,0,1,1,239.6238743901257,2,0
671,672,34,F,24788,1,1,0,1,1,0,224.48061317674637,1,1
672,673,21,M,104692,0,3,0,1,0,1,40.3358562125095,2,0
673,674,46,F,145273,0,2,1,1,1,0,488.6162699658299,1,1
674,675,36,M,90781,1,2,1,0,0,1,173.04602560359473,0,1
675,676,38,M,126105,0,4,1,1,1,0,226.31502464743104,1,1
676,677,28,M,59614,0,4,1,0,1,1,134.47358260946163,0,0
677,678,53,M,119052,0,4,1,1,0,1,491.62559672551987,2,0
678,679,49,F,120980,0,1,0,1,1,1,46.39077320989314,1,0
679,680,31,F,51415,1,0,1,0,0,1,290.12783860383223,2,0
680,681,65,M,25530,0,4,0,1,0,0,497.37802623405616,0,1
681,682,30,M,103448,0,0,0,0,1,1,464.7296906048352,2,0
682,683,43,M,104586,1,4,0,0,1,0,433.0871211297051,1,1
683,684,21,M,79403,0,4,1,0,1,1,280.19751285692035,2,0
684,685,21,F,46989,1,3,1,0,0,0,204.79975425758698,1,0
685,686,22,M,130306,1,3,1,1,0,1,204.6681219103124,0,0
686,687,42,F,101801,1,2,0,0,1,1,183.5920092612702,2,0
687,688,32,F,31989,0,4,0,0,1,1,246.1932062196849,2,0
688,689,25,F,33967,1,2,0,0,0,0,77.667234599996,1,0
689,690,61,M,125989,1,4,1,0,1,0,203.90236592830883,2,1
690,691,37,F,20081,1,0,0,0,1,1,420.0554395260163,1,0
691,692,39,M,77198,1,1,0,1,0,1,341.2391342287084,1,1
692,693,23,M,134469,1,3,1,0,1,0,386.7514331520981,0,0
693,694,40,M,135139,1,4,0,0,0,1,487.6899148043862,0,1
694,695,63,F,50580,0,0,0,1,0,1,299.5909965891218,2,0
695,696,63,F,83825,1,4,0,0,0,0,454.497394289834,1,0
696,697,40,M,123317,1,0,1,0,1,0,138.84364704655565,1,0
697,698,28,F,82390,1,2,1,0,1,0,138.91285624106584,2,1
698,699,53,M,117215,1,2,0,1,0,0,142.7213164890763,1,0
699,700,27,F,51797,0,0,0,0,0,1,129.4925364302664,0,0
700,701,31,M,122886,1,1,0,0,0,0,49.528642378736976,2,1
701,702,31,F,59950,0,4,0,0,0,0,272.4236864302454,1,1
702,703,37,M,131684,0,4,0,1,0,1,328.10354874885456,1,1
703,704,41,F,128385,0,3,0,1,1,1,335.15266049232304,0,0
704,705,35,M,115977,0,4,1,1,1,0,350.8781240882569,1,1
705,706,32,F,41256,1,4,0,0,0,1,498.72483929662485,0,0
706,707,20,F,80253,1,0,0,1,0,0,130.21213151810136,2,0
707,708,35,M,108742,0,0,0,1,1,1,155.95681744113602,2,1
708,709,28,M,95877,1,2,0,0,0,1,38.564281497301316,1,1
709,710,49,M,20166,0,1,1,0,1,1,349.293390238274,0,1
710,711,30,M,77194,0,3,1,0,0,1,190.4520333372609,0,0
711,712,39,F,142368,0,4,1,1,1,0,364.4975665859385,0,1
712,713,28,M,36090,0,2,1,1,0,0,363.0727964417241,2,0
713,714,41,M,97082,0,3,1,1,1,1,148.25397530952782,1,1
714,715,22,F,26625,1,2,0,0,1,0,418.1117468114856,2,0
715,716,58,M,101198,0,2,1,0,1,0,461.429002532162,1,1
716,717,37,M,106739,0,0,0,1,1,0,388.27886501380385,1,0
717,718,68,F,61007,1,0,1,0,1,0,254.1055891050053,1,1
718,719,57,F,72442,0,4,0,1,1,0,250.22713537269615,0,1
719,720,65,F,35171,1,0,1,0,0,1,264.4809300561888,2,1
720,721,56,M,76413,0,3,0,1,0,0,35.86738605894604,1,0
721,722,35,M,72042,0,3,0,0,1,1,307.31129595600197,2,1
722,723,52,M,108271,0,3,0,1,0,0,234.93142659049437,2,1
723,724,34,M,136193,0,4,1,0,1,1,201.12916676783667,2,1
724,725,60,F,34103,0,0,1,1,0,0,242.35651434043024,2,0
725,726,23,M,66779,0,1,1,0,1,0,124.03235312193766,1,1
726,727,57,F,56851,0,2,0,1,0,0,193.48373942974214,1,0
727,728,50,M,136950,0,4,1,0,1,0,280.2063213996909,2,0
728,729,41,M,45673,0,2,1,0,1,0,255.50918522732812,1,0
729,730,55,F,137973,1,4,1,0,0,0,129.8258283400816,2,1
730,731,64,M,61380,1,4,0,0,1,1,465.28384976783735,1,1
731,732,38,M,99094,1,4,0,1,0,1,171.9185349108717,1,1
732,733,40,M,115657,1,0,1,0,1,1,210.76293319060835,0,0
733,734,62,F,43167,0,1,1,1,1,1,189.452369189859,0,1
734,735,35,F,68032,1,4,0,0,0,1,349.86311588048085,0,0
735,736,34,M,44323,1,4,1,1,0,0,402.07180627392813,0,0
736,737,65,F,73146,1,3,0,1,0,0,68.26044046068941,0,0
737,738,63,M,29932,0,4,0,1,0,1,255.1730113749162,2,0
738,739,24,F,120663,1,0,0,0,1,1,360.9126075981847,1,0
739,740,44,M,59070,1,1,1,0,1,1,117.24815743999054,1,1
740,741,24,M,121805,1,1,1,1,1,1,278.13888991456633,2,1
741,742,22,F,126425,0,4,0,0,0,0,424.0466495139771,1,1
742,743,64,M,132390,1,0,1,0,0,1,42.137497288493094,1,0
743,744,58,F,130418,0,4,1,0,0,0,175.6719541623011,2,0
744,745,37,F,24645,1,3,1,1,0,0,337.0566628466763,1,0
745,746,69,M,106252,0,3,0,0,1,1,400.146823396572,1,1
746,747,62,F,37086,0,2,0,0,0,0,343.8400695657575,2,1
747,748,58,M,80275,1,3,1,0,1,0,432.59725265688627,2,1
748,749,46,F,108309,1,2,0,0,1,0,397.0878357932718,1,1
749,750,56,M,94986,1,4,1,1,0,0,140.4803668357739,0,1
750,751,21,M,119666,1,0,0,0,1,0,414.09541299138243,2,0
751,752,28,M,116893,1,3,1,1,1,0,422.5173940803913,0,0
752,753,20,M,87572,1,4,1,0,0,0,232.5108775226799,0,0
753,754,34,M,77445,0,0,0,1,1,0,420.95206986923694,2,1
754,755,42,F,113891,1,2,0,1,1,1,35.22625639794201,0,1
755,756,65,M,126090,1,4,1,0,1,1,474.28897836705045,2,1
756,757,60,M,141179,0,3,1,1,0,0,83.52273712843419,2,0
757,758,68,F,43818,0,4,0,0,1,0,325.5622461317991,1,1
758,759,53,M,136884,1,4,0,0,0,0,116.21102443212374,2,0
759,760,36,M,74257,0,0,1,0,0,1,160.2963040889522,1,1
760,761,53,F,28070,0,4,1,1,1,1,428.0744044829896,0,0
761,762,19,F,75013,0,4,1,1,1,0,425.9677070892892,0,1
762,763,49,M,29268,0,4,1,0,1,1,72.50581428534822,0,0
763,764,39,F,112666,0,0,0,0,0,1,48.0029763086459,1,0
764,765,59,F,82020,0,1,0,0,1,0,407.3943086662774,0,1
765,766,61,F,105809,0,0,0,0,0,0,346.9739075311807,2,0
766,767,46,M,51490,0,3,1,1,1,1,497.6183344019023,0,1
767,768,21,F,66569,1,1,0,1,0,1,110.73644080860782,0,0
768,769,40,M,74194,1,3,1,1,1,0,259.2471903211178,0,0
769,770,59,F,125890,1,2,0,1,0,0,348.0774064972658,2,1
770,771,58,F,32125,0,4,0,1,1,1,383.3857561451315,0,0
771,772,45,M,85967,1,2,0,0,0,0,390.808667938432,0,0
772,773,41,F,102229,1,1,0,0,1,0,185.00903778630308,0,1
773,774,67,F,109153,0,0,0,1,1,1,54.12341435743009,0,0
774,775,26,M,35903,1,1,1,1,1,1,304.2396135441256,1,0
775,776,63,M,43200,0,2,0,0,1,1,285.9921626628215,0,0
776,777,37,M,97603,0,4,1,1,0,0,352.42871432732005,2,0
777,778,49,F,55332,0,3,0,0,0,0,179.42152333453174,2,0
778,779,46,F,53228,1,2,1,1,0,1,78.86311146871867,2,1
779,780,20,F,82802,1,2,0,1,0,1,148.94912419268124,0,1
780,781,44,M,46004,0,2,0,0,1,1,447.1490829129642,2,0
781,782,57,M,55446,1,1,0,1,0,1,124.07446195791155,2,1
782,783,26,F,29947,1,2,1,1,1,1,105.87062438751263,1,0
783,784,30,F,31989,1,1,0,1,0,0,442.1054049870834,1,0
784,785,18,M,60856,1,3,1,0,1,0,127.65458633564789,2,0
785,786,54,M,142086,1,2,1,1,0,1,230.64182710721803,2,1
786,787,45,F,80556,0,0,0,1,1,1,492.156344211145,0,0
787,788,25,F,56885,1,1,0,0,1,0,231.17126125901083,0,1
788,789,59,M,50411,1,2,0,1,1,1,410.66393151768864,1,0
789,790,62,M,25894,1,3,1,1,1,1,351.3291894184805,1,0
790,791,22,M,66306,0,0,0,1,0,1,119.11995009433699,2,0
791,792,18,M,32004,1,1,0,1,0,1,27.90482237978697,2,0
792,793,28,F,39242,0,3,0,0,1,1,138.97370697127337,2,0
793,794,68,F,120268,0,3,1,0,0,1,65.71107161232199,1,0
794,795,29,F,26335,1,2,1,1,1,1,120.2386754888208,1,0
795,796,50,F,44512,1,1,0,1,1,1,221.82988575259228,1,1
796,797,31,M,33181,1,4,1,0,1,0,217.15284682023562,0,0
797,798,65,M,54628,0,3,0,1,1,0,167.70997034602667,0,1
798,799,33,M,117428,1,1,1,0,1,1,351.9270363809028,0,1
799,800,27,M,55081,1,2,0,0,1,0,97.08530653726372,1,0
800,801,67,F,143108,0,1,0,1,0,1,392.8450150911724,0,1
801,802,36,M,43245,1,0,1,1,0,1,45.68989033435443,2,0
802,803,43,F,119349,0,1,1,0,1,0,374.3716674257188,2,0
803,804,19,F,34559,0,0,0,1,0,1,481.373229890885,1,0
804,805,48,M,20349,1,3,1,0,1,1,67.31977381370979,1,1
805,806,25,M,23765,1,2,1,0,1,0,275.1855517007858,0,0
806,807,38,F,71978,0,1,1,0,1,1,86.53812753162994,2,0
807,808,50,M,118587,0,1,0,1,0,0,48.934675865738626,0,0
808,809,59,F,95675,1,1,1,1,0,1,111.21336917953833,0,1
809,810,30,M,31951,1,1,0,1,1,0,104.99517849086536,1,0
810,811,63,M,122585,1,1,1,0,1,1,138.4657354562456,0,1
811,812,26,M,72678,0,4,0,1,1,1,301.8995407818185,0,0
812,813,64,F,89684,1,1,1,0,1,1,443.17345944973005,2,1
813,814,51,M,76174,0,3,1,0,0,0,159.85592067371687,1,1
814,815,52,M,52035,0,1,0,1,1,0,184.99470984831203,1,1
815,816,64,M,22323,1,1,1,1,0,0,92.55299818778752,2,0
816,817,56,F,102223,0,2,1,1,0,0,459.9878448094082,1,1
817,818,26,M,138837,0,1,0,1,0,0,243.7647284479118,2,0
818,819,26,F,61650,0,4,1,1,0,0,20.25992493460823,1,0
819,820,24,M,68701,0,4,0,0,0,1,448.52752003564257,0,1
820,821,58,M,103730,0,1,1,0,0,1,393.65918446996784,1,1
821,822,49,M,119674,1,4,0,1,0,1,333.7557818857791,0,0
822,823,62,M,80282,0,3,0,0,1,1,376.47713392623814,0,1
823,824,26,M,94122,1,0,1,0,0,0,440.8024174441336,2,0
824,825,57,M,143512,1,3,0,0,1,1,463.80164766397155,0,1
825,826,36,F,122833,1,4,1,0,0,0,207.4222630551642,2,1
826,827,67,M,131700,0,2,1,1,1,1,114.59634523339477,0,0
827,828,21,F,122520,0,1,0,0,0,0,376.80979625038174,2,0
828,829,64,M,78839,0,3,0,0,0,0,475.1746183501237,1,1
829,830,31,M,139701,0,1,1,1,1,0,239.9445044472675,2,0
830,831,37,M,54818,0,4,1,0,1,0,392.2523832982661,1,1
831,832,27,M,35652,0,4,0,1,1,0,416.8576951280379,2,1
832,833,50,M,86819,0,4,1,0,0,1,337.2491006268218,0,0
833,834,67,M,50885,0,2,0,1,0,0,279.9261801131067,1,0
834,835,21,F,121934,1,0,0,0,0,1,227.48666034411022,1,0
835,836,27,F,31216,1,0,0,0,1,1,185.67881391175757,2,0
836,837,35,M,115572,1,4,0,0,0,1,371.39694290981066,0,1
837,838,50,F,106484,1,4,1,1,1,1,454.1512716747933,1,1
838,839,68,F,57787,0,3,1,0,1,1,130.578858085323,2,0
839,840,46,M,56146,0,4,0,1,0,0,368.4779305017462,2,0
840,841,68,M,128871,1,2,0,1,1,1,422.9584116363122,1,1
841,842,42,F,121045,0,4,1,1,0,1,79.61002910537044,2,1
842,843,46,F,48410,0,3,0,0,1,0,328.9488038495666,2,0
843,844,69,F,98744,0,2,1,0,0,1,485.63053062653626,2,1
844,845,63,M,144754,0,4,0,0,0,1,111.01926804714714,2,1
845,846,24,M,48544,0,3,0,1,0,1,233.88556530465428,0,0
846,847,32,M,125760,0,4,1,0,1,0,93.18587601664639,0,1
847,848,59,M,148819,1,0,1,1,0,0,470.33917685952275,2,1
848,849,42,F,73780,0,2,1,0,1,1,136.8103520171329,1,1
849,850,38,F,89308,1,4,1,1,0,1,286.3981942477776,0,1
850,851,65,M,50469,0,4,0,1,1,0,348.08532559772686,2,1
851,852,47,F,91616,1,1,1,0,1,1,143.5990854044013,2,1
852,853,36,F,54389,1,1,1,0,1,0,334.5907863499558,1,0
853,854,54,M,149820,0,1,0,1,0,0,322.2297266687804,1,0
854,855,62,F,51179,1,4,1,1,0,0,493.5942393100494,1,0
855,856,23,M,134727,1,0,0,0,0,0,98.56042995196654,0,0
856,857,36,F,89311,1,0,1,0,1,1,319.63904583445293,0,1
857,858,18,M,110454,0,4,1,1,0,1,446.82981964054596,0,0
858,859,35,M,28689,0,2,1,1,1,1,391.01684699256515,2,0
859,860,60,F,29265,0,3,1,0,1,0,178.86903441067525,1,0
860,861,43,F,73413,1,3,0,0,1,0,45.387970602835935,1,0
861,862,52,M,116460,0,0,0,1,0,1,314.11843144732774,2,1
862,863,18,F,148935,0,1,0,0,1,1,322.56155731707724,2,0
863,864,42,F,84182,1,2,0,1,1,0,402.97137946971037,1,1
864,865,60,F,80394,0,4,0,1,1,1,220.68953024451676,0,1
865,866,60,F,93281,1,4,1,0,0,1,371.3090448832442,1,0
866,867,29,F,107152,0,1,0,0,0,0,422.3238711829917,0,0
867,868,41,F,101316,1,3,1,0,0,1,393.86766607214116,2,1
868,869,47,F,123339,0,3,1,0,0,0,314.8418844560076,2,0
869,870,18,M,117405,1,4,1,1,0,0,213.48387660215027,2,0
870,871,25,F,76168,1,3,1,1,1,0,326.20990209175994,2,0
871,872,26,M,142888,1,3,0,1,0,1,362.1337278411648,2,0
872,873,60,M,78008,0,4,0,0,0,0,451.31712663983393,1,1
873,874,53,F,105947,0,2,0,0,0,0,483.66507184064244,0,1
874,875,68,F,83885,1,0,0,0,0,0,173.4259414452418,0,0
875,876,54,M,116782,0,3,0,0,1,1,80.96638737792951,0,0
876,877,29,M,47268,0,1,1,0,0,1,250.43250031803626,0,1
877,878,36,M,142558,1,1,0,0,0,1,340.1957248593598,0,1
878,879,68,F,44575,1,0,0,0,0,1,263.2678896062443,2,1
879,880,45,F,139354,1,3,0,0,0,1,312.50364382445974,2,1
880,881,32,F,39647,0,2,0,0,0,0,366.2610017920827,2,0
881,882,24,F,121044,0,4,0,0,0,1,169.0520301504532,0,1
882,883,19,F,101835,0,2,1,1,1,1,414.6395798611367,2,0
883,884,32,M,119621,1,1,1,0,0,1,329.5305325733856,0,0
884,885,48,F,148307,1,0,0,1,1,1,219.33469374716142,2,0
885,886,41,M,144079,0,3,1,0,0,0,150.4765500955547,1,1
886,887,55,F,30430,0,1,1,0,0,0,374.1646090138713,1,1
887,888,37,F,133513,0,1,0,1,0,1,114.24977285792278,2,1
888,889,37,M,141161,1,4,1,1,1,1,124.36228505002197,1,1
889,890,49,M,124547,1,3,0,1,0,1,213.43045478399853,1,0
890,891,26,M,115911,0,4,1,0,1,1,126.44375724072393,1,1
891,892,62,F,128506,0,0,1,1,0,1,445.4903855644548,0,1
892,893,50,F,112366,0,0,1,1,0,0,127.4733282654361,1,1
893,894,31,M,105992,1,3,1,1,0,0,112.94305798433874,1,0
894,895,65,M,145208,0,4,0,1,0,0,338.92143943218116,0,1
895,896,54,F,48461,1,3,1,1,1,1,122.478265180878,0,0
896,897,49,F,89602,0,0,0,0,1,0,105.49863583596759,2,0
897,898,43,F,62604,1,1,1,0,0,1,365.52231798267644,1,1
898,899,64,M,112211,0,0,1,0,1,1,101.17017967186398,0,1
899,900,44,F,76021,1,0,0,1,1,1,453.2083186215176,2,1
900,901,39,M,46028,1,0,0,1,0,0,318.9193105687584,2,0
901,902,22,M,47354,1,0,1,0,0,1,325.9037474332853,2,0
902,903,55,M,103352,1,1,0,1,1,1,181.36735056451886,2,0
903,904,38,M,100954,1,1,1,0,0,1,26.086293134790903,0,0
904,905,50,M,82598,1,4,1,0,1,1,188.88672273579647,0,1
905,906,39,F,23846,0,2,1,1,0,0,157.79843213637488,1,1
906,907,67,F,26874,1,1,0,0,1,1,224.2263004606752,2,1
907,908,62,F,145087,1,4,1,1,1,1,263.18077775765073,0,1
908,909,24,F,87866,0,3,1,0,0,1,366.73283450864017,2,0
909,910,65,F,75305,1,0,1,0,1,1,128.8616512556329,1,1
910,911,49,F,24512,0,0,1,0,1,0,241.24359842099952,0,0
911,912,64,F,85166,1,0,0,1,1,1,273.0085005390338,0,0
912,913,35,M,81478,0,0,1,1,0,1,306.3432350236582,1,0
913,914,49,M,40352,0,0,0,0,0,1,258.7960478302266,2,1
914,915,63,F,29573,1,4,1,0,0,1,335.5908438435363,1,1
915,916,61,F,72388,1,2,1,0,0,0,408.24195811863007,1,0
916,917,30,F,44135,1,0,0,0,0,1,295.27572233349775,0,0
917,918,30,M,143943,1,0,1,0,1,1,434.39738319176814,0,0
918,919,23,F,26700,1,0,1,0,1,0,162.06830795418028,1,1
919,920,60,F,49341,1,2,1,0,1,1,305.1960263840209,0,0
920,921,26,F,123581,0,3,0,0,0,1,229.91301496519856,2,0
921,922,33,F,62780,0,4,1,1,1,1,461.16470707305825,2,1
922,923,23,F,28520,1,2,1,0,1,1,447.5787207506303,0,0
923,924,44,F,96640,1,1,1,0,0,1,387.1754479251273,2,1
924,925,65,M,114083,1,4,0,0,0,0,128.09448791436273,2,1
925,926,42,F,82246,1,1,1,1,1,1,489.30344223798426,1,0
926,927,27,M,82743,0,0,0,0,0,0,260.20500695290406,2,0
927,928,26,F,73141,1,3,1,0,1,1,67.01122638715988,0,0
928,929,49,F,54540,1,1,1,1,1,0,98.8828930477768,0,0
929,930,18,F,78233,0,1,0,1,0,1,183.72155165049494,1,0
930,931,69,M,82502,1,3,1,0,1,1,496.0720612284725,0,1
931,932,47,M,115239,1,0,0,0,0,0,363.40443788725923,1,1
932,933,51,M,131480,1,2,1,1,0,1,183.9448138360286,0,1
933,934,48,M,44783,1,0,0,1,0,1,409.94278575487857,0,0
934,935,23,M,138581,0,4,0,1,0,1,151.97226704041466,0,0
935,936,69,F,63777,1,2,0,0,1,1,89.745615820989,0,0
936,937,48,M,90641,0,4,1,0,1,1,460.1008679267104,0,1
937,938,61,F,82715,0,1,0,0,1,0,347.1139608007116,0,0
938,939,64,F,26967,0,2,1,1,1,0,181.65203626852804,0,0
939,940,62,M,115339,1,2,1,1,0,1,87.43166094991805,0,0
940,941,45,M,75453,1,2,1,0,0,1,160.67995451356566,0,0
941,942,46,F,83849,0,2,0,1,0,0,105.63026551691533,2,1
942,943,32,M,90261,1,1,0,1,0,0,218.10532824123453,2,0
943,944,46,M,120087,1,3,0,0,0,1,292.41071039364266,2,0
944,945,64,F,61389,1,2,1,0,1,0,135.5383164989076,2,1
945,946,25,F,138257,0,2,1,1,0,0,154.5225063201164,2,0
946,947,22,F,70171,1,1,0,1,1,0,274.3800280137653,1,0
947,948,54,M,134007,1,3,1,1,0,1,441.78328243558326,0,1
948,949,20,F,148943,0,1,1,1,1,0,169.92040292055427,0,1
949,950,33,F,99666,1,3,0,1,1,0,338.22009955045706,2,1
950,951,67,F,120639,1,4,0,1,1,1,327.5096993026021,1,1
951,952,49,F,62177,0,3,1,1,0,1,273.83073398049027,1,1
952,953,68,M,83174,1,2,0,1,0,0,106.68364254207857,1,1
953,954,28,M,144617,1,2,0,0,0,1,217.51328274429252,0,0
954,955,19,M,22106,0,2,1,0,1,1,67.27087333203373,2,1
955,956,69,F,82256,1,1,1,0,0,0,24.8744809371029,2,1
956,957,30,M,134018,0,2,1,0,0,1,464.9712065030029,0,0
957,958,33,F,108515,1,4,0,0,1,1,418.9678554431617,1,0
958,959,45,M,145351,1,0,1,1,1,1,110.88083863454331,1,1
959,960,33,M,126466,1,3,1,0,0,0,418.1846362308901,2,1
960,961,55,M,119823,0,2,0,0,1,0,459.96805469193873,0,1
961,962,49,M,70573,0,0,0,0,1,0,333.94892196289265,2,0
962,963,31,M,49490,1,3,0,1,0,0,38.736773554443715,0,1
963,964,44,M,118803,0,1,1,1,0,1,289.89547654414457,1,1
964,965,65,F,145032,0,4,1,0,0,1,70.37133996231701,2,0
965,966,29,M,82425,1,3,1,0,1,1,443.827062270783,1,0
966,967,49,F,28174,0,0,0,0,0,1,488.49815700324024,0,1
967,968,34,M,130865,1,4,1,1,1,0,213.61815642511377,0,0
968,969,50,F,149502,1,4,1,1,1,1,370.686509111692,1,1
969,970,19,M,33114,1,0,0,1,1,0,347.1770570469418,2,0
970,971,25,F,73945,0,0,0,1,1,0,256.1427338352544,2,0
971,972,57,M,97915,0,4,0,1,1,1,201.88579549267584,0,1
972,973,49,F,32155,1,4,1,0,0,1,490.6222173940655,2,0
973,974,47,M,145288,0,2,1,1,1,0,393.9509110963503,1,1
974,975,49,F,85049,1,3,1,1,1,0,197.61589399611012,2,0
975,976,22,F,116025,0,4,0,1,1,0,163.10160268057933,0,1
976,977,57,M,34760,0,0,0,1,0,1,304.6205629032864,1,0
977,978,51,F,20626,0,3,0,0,1,0,178.1369775730537,0,1
978,979,33,M,89500,1,0,1,0,0,1,341.89318202474345,1,1
979,980,48,M,86074,1,2,0,0,1,0,267.1749989246166,1,0
980,981,48,M,110970,0,3,0,1,1,0,428.03853842348974,0,1
981,982,60,M,68749,1,1,0,0,1,0,402.44727597101985,1,0
982,983,31,M,145082,0,0,1,0,1,0,372.23367556559083,2,0
983,984,66,M,79001,0,2,0,1,1,1,163.1745945711793,0,1
984,985,68,M,36426,1,4,0,1,0,0,140.79941565190467,1,1
985,986,34,M,148393,1,3,0,1,0,1,306.6051936715802,2,1
986,987,64,F,118192,1,1,0,0,1,0,78.76848800588576,2,0
987,988,47,F,75318,0,2,1,0,1,1,193.91572877286703,2,1
988,989,26,F,63880,1,0,0,1,0,1,363.33449895109203,1,0
989,990,58,F,48385,0,0,0,1,0,1,121.37741994014719,2,0
990,991,66,F,29223,1,2,1,0,0,0,77.13130141494926,1,1
991,992,29,F,47794,1,4,1,1,1,1,37.85745627152332,1,0
992,993,67,M,30583,1,1,0,1,1,0,31.64365702958513,1,0
993,994,35,F,104918,1,4,1,1,0,0,475.0741942244661,1,1
994,995,41,F,141182,1,3,0,0,1,0,158.09141773621758,2,1
995,996,32,F,123213,0,3,0,1,0,1,173.49254879915222,1,0
996,997,35,F,73376,0,3,0,0,0,0,118.41625300179699,1,1
997,998,37,F,59882,1,0,0,0,0,0,360.1654516626795,2,0
998,999,56,F,94036,0,0,0,0,1,1,154.24648643620472,2,1
999,1000,66,F,80213,0,3,0,1,1,0,96.260658658334,0,0
